experiment_id,git_commit,timestamp,dataset,protocol,robustness_setting,optimizer,seed,resolved_seed,hyperparameter_config,perturbation_type,requested_severity,actual_perturbation_rate,actual_perturbation_count,train_accuracy,validation_accuracy,test_accuracy,macro_f1,loss,training_time_seconds,best_validation_epoch,final_epoch,hardware_metadata_path
v2_cross_dataset,d92b453,2026-07-06T03:09:03.195515+00:00,Cora,fixed,training_time,Adam,42,806481020,"{""dropout"": 0.5, ""hidden_channels"": 16, ""learning_rate"": 0.01, ""momentum"": 0.0, ""weight_decay"": 0.0005}",clean,0.0,0.0,0,1.0,0.784,0.816,0.8065262669157643,0.29750585556030273,12.024123667011736,156,200,results/v2/metadata/environment.json
v2_cross_dataset,d92b453,2026-07-06T03:09:13.909893+00:00,Cora,fixed,training_time,Adam,42,2066187363,"{""dropout"": 0.5, ""hidden_channels"": 16, ""learning_rate"": 0.01, ""momentum"": 0.0, ""weight_decay"": 0.0005}",feature_masking,0.2,0.19999593628088427,9843,0.9928571428571429,0.776,0.8,0.7885799820721228,0.3548184931278229,10.155284039996332,170,200,results/v2/metadata/environment.json
v2_cross_dataset,d92b453,2026-07-06T03:09:22.687288+00:00,Cora,fixed,training_time,Adam,42,1478583040,"{""dropout"": 0.5, ""hidden_channels"": 16, ""learning_rate"": 0.01, ""momentum"": 0.0, ""weight_decay"": 0.0005}",edge_removal,0.2,0.19988632057597575,1055,1.0,0.77,0.792,0.781195231763226,0.30814966559410095,8.604858154983958,151,200,results/v2/metadata/environment.json
v2_cross_dataset,d92b453,2026-07-06T03:09:28.946746+00:00,Cora,fixed,training_time,Adam,42,1991168608,"{""dropout"": 0.5, ""hidden_channels"": 16, ""learning_rate"": 0.01, ""momentum"": 0.0, ""weight_decay"": 0.0005}",fake_edge_addition,0.2,0.19988632057597575,1055,1.0,0.752,0.785,0.7724924914661434,0.3749367594718933,6.081039999000495,183,200,results/v2/metadata/environment.json
v2_cross_dataset,d92b453,2026-07-06T03:09:34.955591+00:00,Cora,fixed,training_time,AdamW,42,1793972315,"{""dropout"": 0.5, ""hidden_channels"": 16, ""learning_rate"": 0.01, ""momentum"": 0.0, ""weight_decay"": 0.0005}",clean,0.0,0.0,0,1.0,0.764,0.784,0.7787915508724063,0.07208459079265594,5.518514196010074,84,200,results/v2/metadata/environment.json
v2_cross_dataset,d92b453,2026-07-06T03:09:53.818630+00:00,Cora,fixed,training_time,AdamW,42,1528704709,"{""dropout"": 0.5, ""hidden_channels"": 16, ""learning_rate"": 0.01, ""momentum"": 0.0, ""weight_decay"": 0.0005}",feature_masking,0.2,0.19999593628088427,9843,1.0,0.762,0.777,0.7680008566166968,0.06557142734527588,18.685605720995227,134,200,results/v2/metadata/environment.json
v2_cross_dataset,d92b453,2026-07-06T03:09:59.260628+00:00,Cora,fixed,training_time,AdamW,42,1777049372,"{""dropout"": 0.5, ""hidden_channels"": 16, ""learning_rate"": 0.01, ""momentum"": 0.0, ""weight_decay"": 0.0005}",edge_removal,0.2,0.19988632057597575,1055,1.0,0.754,0.771,0.7612625815157765,0.07268456369638443,5.262333504011622,39,200,results/v2/metadata/environment.json
v2_cross_dataset,d92b453,2026-07-06T03:10:04.794143+00:00,Cora,fixed,training_time,AdamW,42,163758197,"{""dropout"": 0.5, ""hidden_channels"": 16, ""learning_rate"": 0.01, ""momentum"": 0.0, ""weight_decay"": 0.0005}",fake_edge_addition,0.2,0.19988632057597575,1055,1.0,0.728,0.738,0.7307424826466019,0.0662197396159172,5.35110106098,84,200,results/v2/metadata/environment.json
v2_cross_dataset,d92b453,2026-07-06T03:10:09.860889+00:00,Cora,fixed,training_time,RMSProp,42,850258994,"{""dropout"": 0.5, ""hidden_channels"": 16, ""learning_rate"": 0.01, ""momentum"": 0.0, ""weight_decay"": 0.0005}",clean,0.0,0.0,0,0.9928571428571429,0.798,0.806,0.7953529111017275,0.3141821622848511,4.9205646560003515,30,200,results/v2/metadata/environment.json
v2_cross_dataset,d92b453,2026-07-06T03:10:14.854783+00:00,Cora,fixed,training_time,RMSProp,42,2016525353,"{""dropout"": 0.5, ""hidden_channels"": 16, ""learning_rate"": 0.01, ""momentum"": 0.0, ""weight_decay"": 0.0005}",feature_masking,0.2,0.19999593628088427,9843,1.0,0.788,0.802,0.7890913123498937,0.39701032638549805,4.8248503190116026,164,200,results/v2/metadata/environment.json
v2_cross_dataset,d92b453,2026-07-06T03:10:19.580126+00:00,Cora,fixed,training_time,RMSProp,42,162091347,"{""dropout"": 0.5, ""hidden_channels"": 16, ""learning_rate"": 0.01, ""momentum"": 0.0, ""weight_decay"": 0.0005}",edge_removal,0.2,0.19988632057597575,1055,1.0,0.782,0.793,0.7773510768280405,0.29767605662345886,4.573376027983613,145,200,results/v2/metadata/environment.json
v2_cross_dataset,d92b453,2026-07-06T03:10:24.721793+00:00,Cora,fixed,training_time,RMSProp,42,710712242,"{""dropout"": 0.5, ""hidden_channels"": 16, ""learning_rate"": 0.01, ""momentum"": 0.0, ""weight_decay"": 0.0005}",fake_edge_addition,0.2,0.19988632057597575,1055,1.0,0.748,0.758,0.7530177280606255,0.408488392829895,4.958482735004509,173,200,results/v2/metadata/environment.json
v2_cross_dataset,d92b453,2026-07-06T03:10:28.739336+00:00,Cora,fixed,training_time,AdaGrad,42,700053975,"{""dropout"": 0.5, ""hidden_channels"": 16, ""learning_rate"": 0.01, ""momentum"": 0.0, ""weight_decay"": 0.0005}",clean,0.0,0.0,0,0.9642857142857143,0.778,0.777,0.7670642132185693,1.397470474243164,3.8588677090010606,193,200,results/v2/metadata/environment.json
v2_cross_dataset,d92b453,2026-07-06T03:10:33.113925+00:00,Cora,fixed,training_time,AdaGrad,42,645010056,"{""dropout"": 0.5, ""hidden_channels"": 16, ""learning_rate"": 0.01, ""momentum"": 0.0, ""weight_decay"": 0.0005}",feature_masking,0.2,0.19999593628088427,9843,0.9571428571428572,0.744,0.754,0.7454717226837932,1.475738763809204,4.193604303989559,194,200,results/v2/metadata/environment.json
v2_cross_dataset,d92b453,2026-07-06T03:10:38.275266+00:00,Cora,fixed,training_time,AdaGrad,42,1962896404,"{""dropout"": 0.5, ""hidden_channels"": 16, ""learning_rate"": 0.01, ""momentum"": 0.0, ""weight_decay"": 0.0005}",edge_removal,0.2,0.19988632057597575,1055,0.9642857142857143,0.764,0.771,0.7538159516592312,1.400965690612793,4.977040770987514,107,200,results/v2/metadata/environment.json
v2_cross_dataset,d92b453,2026-07-06T03:10:42.478946+00:00,Cora,fixed,training_time,AdaGrad,42,1482671755,"{""dropout"": 0.5, ""hidden_channels"": 16, ""learning_rate"": 0.01, ""momentum"": 0.0, ""weight_decay"": 0.0005}",fake_edge_addition,0.2,0.19988632057597575,1055,0.9571428571428572,0.72,0.723,0.7166842713390802,1.547692894935608,4.034865970024839,189,200,results/v2/metadata/environment.json
v2_cross_dataset,d92b453,2026-07-06T03:10:46.386524+00:00,Cora,fixed,training_time,SGD,42,1563341785,"{""dropout"": 0.5, ""hidden_channels"": 16, ""learning_rate"": 0.01, ""momentum"": 0.0, ""weight_decay"": 0.0005}",clean,0.0,0.0,0,0.16428571428571428,0.144,0.154,0.055346295590291014,1.9429173469543457,3.786839606007561,22,200,results/v2/metadata/environment.json
v2_cross_dataset,d92b453,2026-07-06T03:10:50.371817+00:00,Cora,fixed,training_time,SGD,42,833781839,"{""dropout"": 0.5, ""hidden_channels"": 16, ""learning_rate"": 0.01, ""momentum"": 0.0, ""weight_decay"": 0.0005}",feature_masking,0.2,0.19999593628088427,9843,0.14285714285714285,0.122,0.131,0.035026956950699004,1.9445374011993408,3.8178545930131804,77,200,results/v2/metadata/environment.json
v2_cross_dataset,d92b453,2026-07-06T03:10:54.059581+00:00,Cora,fixed,training_time,SGD,42,1694106224,"{""dropout"": 0.5, ""hidden_channels"": 16, ""learning_rate"": 0.01, ""momentum"": 0.0, ""weight_decay"": 0.0005}",edge_removal,0.2,0.19988632057597575,1055,0.15714285714285714,0.136,0.129,0.06822644834266453,1.9445756673812866,3.549608064000495,98,200,results/v2/metadata/environment.json
v2_cross_dataset,d92b453,2026-07-06T03:10:58.213108+00:00,Cora,fixed,training_time,SGD,42,878299697,"{""dropout"": 0.5, ""hidden_channels"": 16, ""learning_rate"": 0.01, ""momentum"": 0.0, ""weight_decay"": 0.0005}",fake_edge_addition,0.2,0.19988632057597575,1055,0.19285714285714287,0.132,0.137,0.056143095059101374,1.9446158409118652,3.962806073977845,194,200,results/v2/metadata/environment.json
v2_cross_dataset,d92b453,2026-07-06T03:11:02.889483+00:00,Cora,fixed,training_time,Adam,43,311641356,"{""dropout"": 0.5, ""hidden_channels"": 16, ""learning_rate"": 0.01, ""momentum"": 0.0, ""weight_decay"": 0.0005}",clean,0.0,0.0,0,1.0,0.798,0.813,0.8008294455462762,0.31538820266723633,4.5559968129964545,128,200,results/v2/metadata/environment.json
v2_cross_dataset,d92b453,2026-07-06T03:11:08.843007+00:00,Cora,fixed,training_time,Adam,43,864641404,"{""dropout"": 0.5, ""hidden_channels"": 16, ""learning_rate"": 0.01, ""momentum"": 0.0, ""weight_decay"": 0.0005}",feature_masking,0.2,0.19999593628088427,9843,0.9928571428571429,0.78,0.806,0.7948019396538396,0.4055536985397339,5.778174120001495,144,200,results/v2/metadata/environment.json
v2_cross_dataset,d92b453,2026-07-06T03:11:12.764753+00:00,Cora,fixed,training_time,Adam,43,38334943,"{""dropout"": 0.5, ""hidden_channels"": 16, ""learning_rate"": 0.01, ""momentum"": 0.0, ""weight_decay"": 0.0005}",edge_removal,0.2,0.19988632057597575,1055,1.0,0.794,0.802,0.7898744138809795,0.29387831687927246,3.7825101480120793,157,200,results/v2/metadata/environment.json
v2_cross_dataset,d92b453,2026-07-06T03:11:15.972425+00:00,Cora,fixed,training_time,Adam,43,1092532761,"{""dropout"": 0.5, ""hidden_channels"": 16, ""learning_rate"": 0.01, ""momentum"": 0.0, ""weight_decay"": 0.0005}",fake_edge_addition,0.2,0.19988632057597575,1055,1.0,0.764,0.786,0.7787201313860725,0.4571038484573364,3.0880588019790594,125,200,results/v2/metadata/environment.json
v2_cross_dataset,d92b453,2026-07-06T03:11:19.047767+00:00,Cora,fixed,training_time,AdamW,43,1485499966,"{""dropout"": 0.5, ""hidden_channels"": 16, ""learning_rate"": 0.01, ""momentum"": 0.0, ""weight_decay"": 0.0005}",clean,0.0,0.0,0,1.0,0.79,0.788,0.7779352027801317,0.05916867405176163,2.967253956012428,86,200,results/v2/metadata/environment.json
v2_cross_dataset,d92b453,2026-07-06T03:11:22.091442+00:00,Cora,fixed,training_time,AdamW,43,1125719163,"{""dropout"": 0.5, ""hidden_channels"": 16, ""learning_rate"": 0.01, ""momentum"": 0.0, ""weight_decay"": 0.0005}",feature_masking,0.2,0.19999593628088427,9843,1.0,0.754,0.768,0.7628105192922428,0.06343555450439453,2.9340841560042463,87,200,results/v2/metadata/environment.json
v2_cross_dataset,d92b453,2026-07-06T03:11:25.047032+00:00,Cora,fixed,training_time,AdamW,43,835941477,"{""dropout"": 0.5, ""hidden_channels"": 16, ""learning_rate"": 0.01, ""momentum"": 0.0, ""weight_decay"": 0.0005}",edge_removal,0.2,0.19988632057597575,1055,1.0,0.752,0.75,0.7419118059851849,0.1443800926208496,2.8290265039831866,57,200,results/v2/metadata/environment.json
v2_cross_dataset,d92b453,2026-07-06T03:11:28.214421+00:00,Cora,fixed,training_time,AdamW,43,470434941,"{""dropout"": 0.5, ""hidden_channels"": 16, ""learning_rate"": 0.01, ""momentum"": 0.0, ""weight_decay"": 0.0005}",fake_edge_addition,0.2,0.19988632057597575,1055,1.0,0.722,0.743,0.7368618608188944,0.07022101432085037,3.046237417991506,77,200,results/v2/metadata/environment.json
v2_cross_dataset,d92b453,2026-07-06T03:11:34.668916+00:00,Cora,fixed,training_time,RMSProp,43,93959779,"{""dropout"": 0.5, ""hidden_channels"": 16, ""learning_rate"": 0.01, ""momentum"": 0.0, ""weight_decay"": 0.0005}",clean,0.0,0.0,0,1.0,0.784,0.81,0.7994980127854656,0.3646261990070343,6.33891689099255,187,200,results/v2/metadata/environment.json
v2_cross_dataset,d92b453,2026-07-06T03:11:39.322821+00:00,Cora,fixed,training_time,RMSProp,43,63400756,"{""dropout"": 0.5, ""hidden_channels"": 16, ""learning_rate"": 0.01, ""momentum"": 0.0, ""weight_decay"": 0.0005}",feature_masking,0.2,0.19999593628088427,9843,1.0,0.786,0.806,0.793857824397815,0.40367457270622253,4.517192233004607,83,200,results/v2/metadata/environment.json
v2_cross_dataset,d92b453,2026-07-06T03:11:44.373048+00:00,Cora,fixed,training_time,RMSProp,43,172034768,"{""dropout"": 0.5, ""hidden_channels"": 16, ""learning_rate"": 0.01, ""momentum"": 0.0, ""weight_decay"": 0.0005}",edge_removal,0.2,0.19988632057597575,1055,0.9928571428571429,0.774,0.805,0.7973411856492741,0.3777955174446106,4.92720253902371,39,200,results/v2/metadata/environment.json
v2_cross_dataset,d92b453,2026-07-06T03:11:50.069093+00:00,Cora,fixed,training_time,RMSProp,43,948867793,"{""dropout"": 0.5, ""hidden_channels"": 16, ""learning_rate"": 0.01, ""momentum"": 0.0, ""weight_decay"": 0.0005}",fake_edge_addition,0.2,0.19988632057597575,1055,1.0,0.758,0.757,0.7504784185126204,0.40056362748146057,5.53664512099931,100,200,results/v2/metadata/environment.json
v2_cross_dataset,d92b453,2026-07-06T03:11:54.296134+00:00,Cora,fixed,training_time,AdaGrad,43,1496925051,"{""dropout"": 0.5, ""hidden_channels"": 16, ""learning_rate"": 0.01, ""momentum"": 0.0, ""weight_decay"": 0.0005}",clean,0.0,0.0,0,0.9642857142857143,0.752,0.765,0.7583551366231124,1.420607328414917,4.112351736985147,177,200,results/v2/metadata/environment.json
v2_cross_dataset,d92b453,2026-07-06T03:11:59.726976+00:00,Cora,fixed,training_time,AdaGrad,43,1075430098,"{""dropout"": 0.5, ""hidden_channels"": 16, ""learning_rate"": 0.01, ""momentum"": 0.0, ""weight_decay"": 0.0005}",feature_masking,0.2,0.19999593628088427,9843,0.9428571428571428,0.736,0.758,0.7474692119594797,1.519047498703003,5.297517622006126,188,200,results/v2/metadata/environment.json
v2_cross_dataset,d92b453,2026-07-06T03:12:04.665825+00:00,Cora,fixed,training_time,AdaGrad,43,611079585,"{""dropout"": 0.5, ""hidden_channels"": 16, ""learning_rate"": 0.01, ""momentum"": 0.0, ""weight_decay"": 0.0005}",edge_removal,0.2,0.19988632057597575,1055,0.9571428571428572,0.698,0.707,0.707268639818678,1.4328771829605103,4.7673582730058115,186,200,results/v2/metadata/environment.json
v2_cross_dataset,d92b453,2026-07-06T03:12:12.601298+00:00,Cora,fixed,training_time,AdaGrad,43,1311691110,"{""dropout"": 0.5, ""hidden_channels"": 16, ""learning_rate"": 0.01, ""momentum"": 0.0, ""weight_decay"": 0.0005}",fake_edge_addition,0.2,0.19988632057597575,1055,0.9571428571428572,0.706,0.72,0.710166813396223,1.5461769104003906,7.7877611690200865,191,200,results/v2/metadata/environment.json
v2_cross_dataset,d92b453,2026-07-06T03:12:17.014429+00:00,Cora,fixed,training_time,SGD,43,965849535,"{""dropout"": 0.5, ""hidden_channels"": 16, ""learning_rate"": 0.01, ""momentum"": 0.0, ""weight_decay"": 0.0005}",clean,0.0,0.0,0,0.18571428571428572,0.102,0.112,0.05698619319339719,1.9432867765426636,4.292024146998301,158,200,results/v2/metadata/environment.json
v2_cross_dataset,d92b453,2026-07-06T03:12:20.319119+00:00,Cora,fixed,training_time,SGD,43,1842502831,"{""dropout"": 0.5, ""hidden_channels"": 16, ""learning_rate"": 0.01, ""momentum"": 0.0, ""weight_decay"": 0.0005}",feature_masking,0.2,0.19999593628088427,9843,0.14285714285714285,0.06,0.067,0.02336463385539874,1.9446293115615845,3.170051084976876,10,200,results/v2/metadata/environment.json
v2_cross_dataset,d92b453,2026-07-06T03:12:25.221889+00:00,Cora,fixed,training_time,SGD,43,2026531817,"{""dropout"": 0.5, ""hidden_channels"": 16, ""learning_rate"": 0.01, ""momentum"": 0.0, ""weight_decay"": 0.0005}",edge_removal,0.2,0.19988632057597575,1055,0.16428571428571428,0.142,0.118,0.06423003382771932,1.9436345100402832,4.634880998986773,197,200,results/v2/metadata/environment.json
v2_cross_dataset,d92b453,2026-07-06T03:12:29.369035+00:00,Cora,fixed,training_time,SGD,43,953943503,"{""dropout"": 0.5, ""hidden_channels"": 16, ""learning_rate"": 0.01, ""momentum"": 0.0, ""weight_decay"": 0.0005}",fake_edge_addition,0.2,0.19988632057597575,1055,0.19285714285714287,0.116,0.138,0.0751748113907189,1.9444993734359741,4.013266837981064,101,200,results/v2/metadata/environment.json
v2_cross_dataset,d92b453,2026-07-06T03:12:34.068832+00:00,Cora,fixed,training_time,Adam,44,2070612509,"{""dropout"": 0.5, ""hidden_channels"": 16, ""learning_rate"": 0.01, ""momentum"": 0.0, ""weight_decay"": 0.0005}",clean,0.0,0.0,0,1.0,0.792,0.813,0.7991254676028358,0.3241431415081024,4.46886392502347,108,200,results/v2/metadata/environment.json
v2_cross_dataset,d92b453,2026-07-06T03:12:38.284659+00:00,Cora,fixed,training_time,Adam,44,631442477,"{""dropout"": 0.5, ""hidden_channels"": 16, ""learning_rate"": 0.01, ""momentum"": 0.0, ""weight_decay"": 0.0005}",feature_masking,0.2,0.19999593628088427,9843,1.0,0.76,0.774,0.763251489254862,0.4144364595413208,3.9622807530104183,121,200,results/v2/metadata/environment.json
v2_cross_dataset,d92b453,2026-07-06T03:12:42.460960+00:00,Cora,fixed,training_time,Adam,44,1582984846,"{""dropout"": 0.5, ""hidden_channels"": 16, ""learning_rate"": 0.01, ""momentum"": 0.0, ""weight_decay"": 0.0005}",edge_removal,0.2,0.19988632057597575,1055,1.0,0.752,0.772,0.7606837081692642,0.3223409056663513,4.032692153006792,145,200,results/v2/metadata/environment.json
v2_cross_dataset,d92b453,2026-07-06T03:12:46.782254+00:00,Cora,fixed,training_time,Adam,44,1972599771,"{""dropout"": 0.5, ""hidden_channels"": 16, ""learning_rate"": 0.01, ""momentum"": 0.0, ""weight_decay"": 0.0005}",fake_edge_addition,0.2,0.19988632057597575,1055,1.0,0.762,0.763,0.7498768233698138,0.42086729407310486,4.180235815991182,141,200,results/v2/metadata/environment.json
v2_cross_dataset,d92b453,2026-07-06T03:12:50.836661+00:00,Cora,fixed,training_time,AdamW,44,1390657455,"{""dropout"": 0.5, ""hidden_channels"": 16, ""learning_rate"": 0.01, ""momentum"": 0.0, ""weight_decay"": 0.0005}",clean,0.0,0.0,0,1.0,0.784,0.787,0.7835405759880109,0.04550011828541756,3.9313888009928633,81,200,results/v2/metadata/environment.json
v2_cross_dataset,d92b453,2026-07-06T03:12:54.301116+00:00,Cora,fixed,training_time,AdamW,44,303954349,"{""dropout"": 0.5, ""hidden_channels"": 16, ""learning_rate"": 0.01, ""momentum"": 0.0, ""weight_decay"": 0.0005}",feature_masking,0.2,0.19999593628088427,9843,1.0,0.752,0.77,0.7612365171916082,0.06658011674880981,3.3309144169907086,121,200,results/v2/metadata/environment.json
v2_cross_dataset,d92b453,2026-07-06T03:12:58.333384+00:00,Cora,fixed,training_time,AdamW,44,706096504,"{""dropout"": 0.5, ""hidden_channels"": 16, ""learning_rate"": 0.01, ""momentum"": 0.0, ""weight_decay"": 0.0005}",edge_removal,0.2,0.19988632057597575,1055,1.0,0.756,0.764,0.7553387762177416,0.05989226698875427,3.895155614009127,58,200,results/v2/metadata/environment.json
v2_cross_dataset,d92b453,2026-07-06T03:13:07.102022+00:00,Cora,fixed,training_time,AdamW,44,486253031,"{""dropout"": 0.5, ""hidden_channels"": 16, ""learning_rate"": 0.01, ""momentum"": 0.0, ""weight_decay"": 0.0005}",fake_edge_addition,0.2,0.19988632057597575,1055,1.0,0.7,0.737,0.7246404212496775,0.0556759312748909,8.621486799005652,64,200,results/v2/metadata/environment.json
v2_cross_dataset,d92b453,2026-07-06T03:13:20.353552+00:00,Cora,fixed,training_time,RMSProp,44,1880968939,"{""dropout"": 0.5, ""hidden_channels"": 16, ""learning_rate"": 0.01, ""momentum"": 0.0, ""weight_decay"": 0.0005}",clean,0.0,0.0,0,1.0,0.798,0.799,0.7902772843180166,0.3382817506790161,12.976610748009989,63,200,results/v2/metadata/environment.json
v2_cross_dataset,d92b453,2026-07-06T03:13:43.883143+00:00,Cora,fixed,training_time,RMSProp,44,1375483361,"{""dropout"": 0.5, ""hidden_channels"": 16, ""learning_rate"": 0.01, ""momentum"": 0.0, ""weight_decay"": 0.0005}",feature_masking,0.2,0.19999593628088427,9843,0.9928571428571429,0.76,0.775,0.7680904293846593,0.41497233510017395,22.892699648975395,60,200,results/v2/metadata/environment.json
v2_cross_dataset,d92b453,2026-07-06T03:13:56.357989+00:00,Cora,fixed,training_time,RMSProp,44,411405006,"{""dropout"": 0.5, ""hidden_channels"": 16, ""learning_rate"": 0.01, ""momentum"": 0.0, ""weight_decay"": 0.0005}",edge_removal,0.2,0.19988632057597575,1055,1.0,0.772,0.776,0.7622104279241307,0.26772621273994446,11.942165063985158,181,200,results/v2/metadata/environment.json
v2_cross_dataset,d92b453,2026-07-06T03:14:09.685126+00:00,Cora,fixed,training_time,RMSProp,44,105422768,"{""dropout"": 0.5, ""hidden_channels"": 16, ""learning_rate"": 0.01, ""momentum"": 0.0, ""weight_decay"": 0.0005}",fake_edge_addition,0.2,0.19988632057597575,1055,0.9928571428571429,0.75,0.763,0.756247673320028,0.40748587250709534,12.705090875009773,77,200,results/v2/metadata/environment.json
v2_cross_dataset,d92b453,2026-07-06T03:14:20.667340+00:00,Cora,fixed,training_time,AdaGrad,44,709678197,"{""dropout"": 0.5, ""hidden_channels"": 16, ""learning_rate"": 0.01, ""momentum"": 0.0, ""weight_decay"": 0.0005}",clean,0.0,0.0,0,0.9357142857142857,0.762,0.795,0.7857033612876655,1.4005528688430786,10.557620553998277,178,200,results/v2/metadata/environment.json
v2_cross_dataset,d92b453,2026-07-06T03:14:30.107964+00:00,Cora,fixed,training_time,AdaGrad,44,219973841,"{""dropout"": 0.5, ""hidden_channels"": 16, ""learning_rate"": 0.01, ""momentum"": 0.0, ""weight_decay"": 0.0005}",feature_masking,0.2,0.19999593628088427,9843,0.9714285714285714,0.682,0.721,0.7287402936477615,1.5433204174041748,9.00689668598352,69,200,results/v2/metadata/environment.json
v2_cross_dataset,d92b453,2026-07-06T03:14:43.466003+00:00,Cora,fixed,training_time,AdaGrad,44,1918756485,"{""dropout"": 0.5, ""hidden_channels"": 16, ""learning_rate"": 0.01, ""momentum"": 0.0, ""weight_decay"": 0.0005}",edge_removal,0.2,0.19988632057597575,1055,0.95,0.732,0.729,0.717802459557883,1.444537878036499,12.705917119019432,187,200,results/v2/metadata/environment.json
v2_cross_dataset,d92b453,2026-07-06T03:14:59.769945+00:00,Cora,fixed,training_time,AdaGrad,44,189352195,"{""dropout"": 0.5, ""hidden_channels"": 16, ""learning_rate"": 0.01, ""momentum"": 0.0, ""weight_decay"": 0.0005}",fake_edge_addition,0.2,0.19988632057597575,1055,0.9,0.656,0.648,0.6352899191914086,1.5687998533248901,15.777283903997159,188,200,results/v2/metadata/environment.json
v2_cross_dataset,d92b453,2026-07-06T03:15:09.994633+00:00,Cora,fixed,training_time,SGD,44,1292690751,"{""dropout"": 0.5, ""hidden_channels"": 16, ""learning_rate"": 0.01, ""momentum"": 0.0, ""weight_decay"": 0.0005}",clean,0.0,0.0,0,0.25,0.148,0.158,0.08670815249948334,1.9438273906707764,9.821515937015647,186,200,results/v2/metadata/environment.json
v2_cross_dataset,d92b453,2026-07-06T03:15:20.153658+00:00,Cora,fixed,training_time,SGD,44,988524123,"{""dropout"": 0.5, ""hidden_channels"": 16, ""learning_rate"": 0.01, ""momentum"": 0.0, ""weight_decay"": 0.0005}",feature_masking,0.2,0.19999593628088427,9843,0.16428571428571428,0.144,0.162,0.10156240332248496,1.9455971717834473,9.726165806001518,172,200,results/v2/metadata/environment.json
v2_cross_dataset,d92b453,2026-07-06T03:15:29.269521+00:00,Cora,fixed,training_time,SGD,44,1293873285,"{""dropout"": 0.5, ""hidden_channels"": 16, ""learning_rate"": 0.01, ""momentum"": 0.0, ""weight_decay"": 0.0005}",edge_removal,0.2,0.19988632057597575,1055,0.19285714285714287,0.146,0.143,0.07889503558126101,1.944633960723877,8.560401428985642,192,200,results/v2/metadata/environment.json
v2_cross_dataset,d92b453,2026-07-06T03:15:37.872525+00:00,Cora,fixed,training_time,SGD,44,83874871,"{""dropout"": 0.5, ""hidden_channels"": 16, ""learning_rate"": 0.01, ""momentum"": 0.0, ""weight_decay"": 0.0005}",fake_edge_addition,0.2,0.19988632057597575,1055,0.14285714285714285,0.122,0.13,0.03679857567257031,1.9429545402526855,8.196897347981576,22,200,results/v2/metadata/environment.json
v2_cross_dataset,d92b453,2026-07-06T03:15:49.220902+00:00,Cora,fixed,training_time,Adam,45,2029043012,"{""dropout"": 0.5, ""hidden_channels"": 16, ""learning_rate"": 0.01, ""momentum"": 0.0, ""weight_decay"": 0.0005}",clean,0.0,0.0,0,1.0,0.79,0.81,0.7980799905995583,0.4034530222415924,11.000374377996195,135,200,results/v2/metadata/environment.json
v2_cross_dataset,d92b453,2026-07-06T03:15:59.749918+00:00,Cora,fixed,training_time,Adam,45,1851382881,"{""dropout"": 0.5, ""hidden_channels"": 16, ""learning_rate"": 0.01, ""momentum"": 0.0, ""weight_decay"": 0.0005}",feature_masking,0.2,0.19999593628088427,9843,1.0,0.778,0.784,0.7710963409230331,0.37080588936805725,10.207856282999273,132,200,results/v2/metadata/environment.json
v2_cross_dataset,d92b453,2026-07-06T03:16:23.558369+00:00,Cora,fixed,training_time,Adam,45,1023902573,"{""dropout"": 0.5, ""hidden_channels"": 16, ""learning_rate"": 0.01, ""momentum"": 0.0, ""weight_decay"": 0.0005}",edge_removal,0.2,0.19988632057597575,1055,1.0,0.772,0.776,0.7596641778851672,0.3255321979522705,23.31414079500246,100,200,results/v2/metadata/environment.json
v2_cross_dataset,d92b453,2026-07-06T03:16:34.002351+00:00,Cora,fixed,training_time,Adam,45,343863078,"{""dropout"": 0.5, ""hidden_channels"": 16, ""learning_rate"": 0.01, ""momentum"": 0.0, ""weight_decay"": 0.0005}",fake_edge_addition,0.2,0.19988632057597575,1055,1.0,0.756,0.778,0.7637847171604413,0.4143293797969818,10.01423899398651,138,200,results/v2/metadata/environment.json
v2_cross_dataset,d92b453,2026-07-06T03:16:44.858461+00:00,Cora,fixed,training_time,AdamW,45,2065125692,"{""dropout"": 0.5, ""hidden_channels"": 16, ""learning_rate"": 0.01, ""momentum"": 0.0, ""weight_decay"": 0.0005}",clean,0.0,0.0,0,1.0,0.778,0.779,0.7710974474052653,0.059201281517744064,10.529084909998346,175,200,results/v2/metadata/environment.json
v2_cross_dataset,d92b453,2026-07-06T03:16:54.385008+00:00,Cora,fixed,training_time,AdamW,45,449659986,"{""dropout"": 0.5, ""hidden_channels"": 16, ""learning_rate"": 0.01, ""momentum"": 0.0, ""weight_decay"": 0.0005}",feature_masking,0.2,0.19999593628088427,9843,1.0,0.77,0.795,0.7872562256411122,0.07228676974773407,9.140625257015927,172,200,results/v2/metadata/environment.json
v2_cross_dataset,d92b453,2026-07-06T03:17:04.300095+00:00,Cora,fixed,training_time,AdamW,45,2108958842,"{""dropout"": 0.5, ""hidden_channels"": 16, ""learning_rate"": 0.01, ""momentum"": 0.0, ""weight_decay"": 0.0005}",edge_removal,0.2,0.19988632057597575,1055,1.0,0.758,0.763,0.7533716486054695,0.059693556278944016,9.459770480985753,138,200,results/v2/metadata/environment.json
v2_cross_dataset,d92b453,2026-07-06T03:17:16.959417+00:00,Cora,fixed,training_time,AdamW,45,1364309720,"{""dropout"": 0.5, ""hidden_channels"": 16, ""learning_rate"": 0.01, ""momentum"": 0.0, ""weight_decay"": 0.0005}",fake_edge_addition,0.2,0.19988632057597575,1055,1.0,0.704,0.726,0.7237749988122192,0.07019402831792831,12.225650396983838,125,200,results/v2/metadata/environment.json
v2_cross_dataset,d92b453,2026-07-06T03:17:29.508422+00:00,Cora,fixed,training_time,RMSProp,45,2127280492,"{""dropout"": 0.5, ""hidden_channels"": 16, ""learning_rate"": 0.01, ""momentum"": 0.0, ""weight_decay"": 0.0005}",clean,0.0,0.0,0,1.0,0.794,0.818,0.8060586452618682,0.3445146679878235,12.278222827007994,54,200,results/v2/metadata/environment.json
v2_cross_dataset,d92b453,2026-07-06T03:17:48.475098+00:00,Cora,fixed,training_time,RMSProp,45,577272885,"{""dropout"": 0.5, ""hidden_channels"": 16, ""learning_rate"": 0.01, ""momentum"": 0.0, ""weight_decay"": 0.0005}",feature_masking,0.2,0.19999593628088427,9843,1.0,0.78,0.809,0.7997636323323334,0.371815025806427,18.378727542993147,46,200,results/v2/metadata/environment.json
v2_cross_dataset,d92b453,2026-07-06T03:18:07.744002+00:00,Cora,fixed,training_time,RMSProp,45,1994456832,"{""dropout"": 0.5, ""hidden_channels"": 16, ""learning_rate"": 0.01, ""momentum"": 0.0, ""weight_decay"": 0.0005}",edge_removal,0.2,0.19988632057597575,1055,0.9928571428571429,0.762,0.778,0.7745358868316875,0.45476990938186646,18.774602524994407,164,200,results/v2/metadata/environment.json
v2_cross_dataset,d92b453,2026-07-06T03:18:18.784426+00:00,Cora,fixed,training_time,RMSProp,45,297416806,"{""dropout"": 0.5, ""hidden_channels"": 16, ""learning_rate"": 0.01, ""momentum"": 0.0, ""weight_decay"": 0.0005}",fake_edge_addition,0.2,0.19988632057597575,1055,0.9857142857142858,0.764,0.77,0.7555536952681964,0.525029182434082,10.65637870199862,38,200,results/v2/metadata/environment.json
v2_cross_dataset,d92b453,2026-07-06T03:18:31.380007+00:00,Cora,fixed,training_time,AdaGrad,45,923389568,"{""dropout"": 0.5, ""hidden_channels"": 16, ""learning_rate"": 0.01, ""momentum"": 0.0, ""weight_decay"": 0.0005}",clean,0.0,0.0,0,0.95,0.754,0.779,0.7718598888251129,1.4135799407958984,12.301002610998694,50,200,results/v2/metadata/environment.json
v2_cross_dataset,d92b453,2026-07-06T03:18:40.723512+00:00,Cora,fixed,training_time,AdaGrad,45,1847292077,"{""dropout"": 0.5, ""hidden_channels"": 16, ""learning_rate"": 0.01, ""momentum"": 0.0, ""weight_decay"": 0.0005}",feature_masking,0.2,0.19999593628088427,9843,0.9642857142857143,0.736,0.757,0.742128379104723,1.508285403251648,9.044674508011667,19,200,results/v2/metadata/environment.json
v2_cross_dataset,d92b453,2026-07-06T03:18:49.232499+00:00,Cora,fixed,training_time,AdaGrad,45,1674393740,"{""dropout"": 0.5, ""hidden_channels"": 16, ""learning_rate"": 0.01, ""momentum"": 0.0, ""weight_decay"": 0.0005}",edge_removal,0.2,0.19988632057597575,1055,0.9785714285714285,0.728,0.742,0.7356144043857883,1.3916162252426147,8.11859395398642,192,200,results/v2/metadata/environment.json
v2_cross_dataset,d92b453,2026-07-06T03:18:59.909023+00:00,Cora,fixed,training_time,AdaGrad,45,557544622,"{""dropout"": 0.5, ""hidden_channels"": 16, ""learning_rate"": 0.01, ""momentum"": 0.0, ""weight_decay"": 0.0005}",fake_edge_addition,0.2,0.19988632057597575,1055,0.9642857142857143,0.684,0.699,0.694053382668499,1.5991204977035522,10.287054669024656,138,200,results/v2/metadata/environment.json
v2_cross_dataset,d92b453,2026-07-06T03:19:16.483485+00:00,Cora,fixed,training_time,SGD,45,946121008,"{""dropout"": 0.5, ""hidden_channels"": 16, ""learning_rate"": 0.01, ""momentum"": 0.0, ""weight_decay"": 0.0005}",clean,0.0,0.0,0,0.22857142857142856,0.176,0.172,0.08347912870232428,1.944770336151123,16.065075884980615,25,200,results/v2/metadata/environment.json
v2_cross_dataset,d92b453,2026-07-06T03:19:25.921365+00:00,Cora,fixed,training_time,SGD,45,1152970322,"{""dropout"": 0.5, ""hidden_channels"": 16, ""learning_rate"": 0.01, ""momentum"": 0.0, ""weight_decay"": 0.0005}",feature_masking,0.2,0.19999593628088427,9843,0.15714285714285714,0.14,0.126,0.06654619278461153,1.9447234869003296,8.984038260998204,16,200,results/v2/metadata/environment.json
v2_cross_dataset,d92b453,2026-07-06T03:19:35.476271+00:00,Cora,fixed,training_time,SGD,45,1981632176,"{""dropout"": 0.5, ""hidden_channels"": 16, ""learning_rate"": 0.01, ""momentum"": 0.0, ""weight_decay"": 0.0005}",edge_removal,0.2,0.19988632057597575,1055,0.18571428571428572,0.122,0.139,0.08603205334413012,1.9427437782287598,9.12993362400448,72,200,results/v2/metadata/environment.json
v2_cross_dataset,d92b453,2026-07-06T03:19:48.863414+00:00,Cora,fixed,training_time,SGD,45,1401747434,"{""dropout"": 0.5, ""hidden_channels"": 16, ""learning_rate"": 0.01, ""momentum"": 0.0, ""weight_decay"": 0.0005}",fake_edge_addition,0.2,0.19988632057597575,1055,0.22142857142857142,0.148,0.149,0.10466989502709059,1.9438127279281616,12.967226666019997,42,200,results/v2/metadata/environment.json
v2_cross_dataset,d92b453,2026-07-06T03:19:57.919805+00:00,Cora,fixed,training_time,Adam,46,900853433,"{""dropout"": 0.5, ""hidden_channels"": 16, ""learning_rate"": 0.01, ""momentum"": 0.0, ""weight_decay"": 0.0005}",clean,0.0,0.0,0,1.0,0.786,0.813,0.801713432317442,0.31700360774993896,8.771655238000676,182,200,results/v2/metadata/environment.json
v2_cross_dataset,d92b453,2026-07-06T03:20:07.860155+00:00,Cora,fixed,training_time,Adam,46,699316510,"{""dropout"": 0.5, ""hidden_channels"": 16, ""learning_rate"": 0.01, ""momentum"": 0.0, ""weight_decay"": 0.0005}",feature_masking,0.2,0.19999593628088427,9843,1.0,0.78,0.797,0.7852855698578749,0.37410324811935425,9.58619411100517,151,200,results/v2/metadata/environment.json
v2_cross_dataset,d92b453,2026-07-06T03:20:19.963555+00:00,Cora,fixed,training_time,Adam,46,1915975409,"{""dropout"": 0.5, ""hidden_channels"": 16, ""learning_rate"": 0.01, ""momentum"": 0.0, ""weight_decay"": 0.0005}",edge_removal,0.2,0.19988632057597575,1055,1.0,0.796,0.793,0.786106507533317,0.32018229365348816,11.422168688994134,123,200,results/v2/metadata/environment.json
v2_cross_dataset,d92b453,2026-07-06T03:20:28.650091+00:00,Cora,fixed,training_time,Adam,46,2090108888,"{""dropout"": 0.5, ""hidden_channels"": 16, ""learning_rate"": 0.01, ""momentum"": 0.0, ""weight_decay"": 0.0005}",fake_edge_addition,0.2,0.19988632057597575,1055,1.0,0.768,0.766,0.7579052930233685,0.4087742269039154,8.31477536901366,135,200,results/v2/metadata/environment.json
v2_cross_dataset,d92b453,2026-07-06T03:20:38.225133+00:00,Cora,fixed,training_time,AdamW,46,594573924,"{""dropout"": 0.5, ""hidden_channels"": 16, ""learning_rate"": 0.01, ""momentum"": 0.0, ""weight_decay"": 0.0005}",clean,0.0,0.0,0,1.0,0.784,0.802,0.7959044786492233,0.06527277082204819,9.198124660993926,170,200,results/v2/metadata/environment.json
v2_cross_dataset,d92b453,2026-07-06T03:20:55.358229+00:00,Cora,fixed,training_time,AdamW,46,1293559868,"{""dropout"": 0.5, ""hidden_channels"": 16, ""learning_rate"": 0.01, ""momentum"": 0.0, ""weight_decay"": 0.0005}",feature_masking,0.2,0.19999593628088427,9843,1.0,0.754,0.759,0.7507884437865272,0.06845070421695709,16.57299773397972,66,200,results/v2/metadata/environment.json
v2_cross_dataset,d92b453,2026-07-06T03:21:04.629901+00:00,Cora,fixed,training_time,AdamW,46,898440789,"{""dropout"": 0.5, ""hidden_channels"": 16, ""learning_rate"": 0.01, ""momentum"": 0.0, ""weight_decay"": 0.0005}",edge_removal,0.2,0.19988632057597575,1055,1.0,0.738,0.75,0.7498281582794589,0.07526950538158417,8.855253176006954,73,200,results/v2/metadata/environment.json
v2_cross_dataset,d92b453,2026-07-06T03:21:13.243782+00:00,Cora,fixed,training_time,AdamW,46,404713369,"{""dropout"": 0.5, ""hidden_channels"": 16, ""learning_rate"": 0.01, ""momentum"": 0.0, ""weight_decay"": 0.0005}",fake_edge_addition,0.2,0.19988632057597575,1055,1.0,0.712,0.724,0.7187339232142501,0.08621262013912201,8.223526552988915,73,200,results/v2/metadata/environment.json
v2_cross_dataset,d92b453,2026-07-06T03:21:22.447817+00:00,Cora,fixed,training_time,RMSProp,46,1871524317,"{""dropout"": 0.5, ""hidden_channels"": 16, ""learning_rate"": 0.01, ""momentum"": 0.0, ""weight_decay"": 0.0005}",clean,0.0,0.0,0,0.9928571428571429,0.798,0.827,0.8140067561010298,0.3775402009487152,8.93694374198094,145,200,results/v2/metadata/environment.json
v2_cross_dataset,d92b453,2026-07-06T03:21:34.969448+00:00,Cora,fixed,training_time,RMSProp,46,233655520,"{""dropout"": 0.5, ""hidden_channels"": 16, ""learning_rate"": 0.01, ""momentum"": 0.0, ""weight_decay"": 0.0005}",feature_masking,0.2,0.19999593628088427,9843,0.9928571428571429,0.77,0.793,0.7845865598132901,0.4395856261253357,12.173616890009725,191,200,results/v2/metadata/environment.json
v2_cross_dataset,d92b453,2026-07-06T03:21:43.948844+00:00,Cora,fixed,training_time,RMSProp,46,1962820054,"{""dropout"": 0.5, ""hidden_channels"": 16, ""learning_rate"": 0.01, ""momentum"": 0.0, ""weight_decay"": 0.0005}",edge_removal,0.2,0.19988632057597575,1055,1.0,0.782,0.792,0.775975514108852,0.2990172803401947,8.577960752008948,92,200,results/v2/metadata/environment.json
v2_cross_dataset,d92b453,2026-07-06T03:21:54.070134+00:00,Cora,fixed,training_time,RMSProp,46,685004488,"{""dropout"": 0.5, ""hidden_channels"": 16, ""learning_rate"": 0.01, ""momentum"": 0.0, ""weight_decay"": 0.0005}",fake_edge_addition,0.2,0.19988632057597575,1055,0.9928571428571429,0.74,0.762,0.7517569521589076,0.438043475151062,9.688091264019022,66,200,results/v2/metadata/environment.json
v2_cross_dataset,d92b453,2026-07-06T03:22:08.767939+00:00,Cora,fixed,training_time,AdaGrad,46,1261674089,"{""dropout"": 0.5, ""hidden_channels"": 16, ""learning_rate"": 0.01, ""momentum"": 0.0, ""weight_decay"": 0.0005}",clean,0.0,0.0,0,0.9642857142857143,0.736,0.764,0.755758870366787,1.4680323600769043,14.254661821003538,103,200,results/v2/metadata/environment.json
v2_cross_dataset,d92b453,2026-07-06T03:22:21.132535+00:00,Cora,fixed,training_time,AdaGrad,46,689187480,"{""dropout"": 0.5, ""hidden_channels"": 16, ""learning_rate"": 0.01, ""momentum"": 0.0, ""weight_decay"": 0.0005}",feature_masking,0.2,0.19999593628088427,9843,0.9571428571428572,0.72,0.744,0.7444365928639166,1.5186189413070679,11.77918178398977,181,200,results/v2/metadata/environment.json
v2_cross_dataset,d92b453,2026-07-06T03:22:28.657182+00:00,Cora,fixed,training_time,AdaGrad,46,1979433760,"{""dropout"": 0.5, ""hidden_channels"": 16, ""learning_rate"": 0.01, ""momentum"": 0.0, ""weight_decay"": 0.0005}",edge_removal,0.2,0.19988632057597575,1055,0.9857142857142858,0.718,0.742,0.7400535993646653,1.404152750968933,7.182102407998173,168,200,results/v2/metadata/environment.json
v2_cross_dataset,d92b453,2026-07-06T03:22:43.750157+00:00,Cora,fixed,training_time,AdaGrad,46,688504516,"{""dropout"": 0.5, ""hidden_channels"": 16, ""learning_rate"": 0.01, ""momentum"": 0.0, ""weight_decay"": 0.0005}",fake_edge_addition,0.2,0.19988632057597575,1055,0.95,0.726,0.749,0.7403439345436408,1.5648263692855835,14.719857018993935,180,200,results/v2/metadata/environment.json
v2_cross_dataset,d92b453,2026-07-06T03:22:51.763429+00:00,Cora,fixed,training_time,SGD,46,1873666344,"{""dropout"": 0.5, ""hidden_channels"": 16, ""learning_rate"": 0.01, ""momentum"": 0.0, ""weight_decay"": 0.0005}",clean,0.0,0.0,0,0.14285714285714285,0.124,0.13,0.037170598011973824,1.9448734521865845,7.778324478975264,128,200,results/v2/metadata/environment.json
v2_cross_dataset,d92b453,2026-07-06T03:23:00.417757+00:00,Cora,fixed,training_time,SGD,46,579244041,"{""dropout"": 0.5, ""hidden_channels"": 16, ""learning_rate"": 0.01, ""momentum"": 0.0, ""weight_decay"": 0.0005}",feature_masking,0.2,0.19999593628088427,9843,0.18571428571428572,0.074,0.103,0.048056605694937686,1.9436242580413818,8.266131702024722,1,200,results/v2/metadata/environment.json
v2_cross_dataset,d92b453,2026-07-06T03:23:08.002896+00:00,Cora,fixed,training_time,SGD,46,391216922,"{""dropout"": 0.5, ""hidden_channels"": 16, ""learning_rate"": 0.01, ""momentum"": 0.0, ""weight_decay"": 0.0005}",edge_removal,0.2,0.19988632057597575,1055,0.2357142857142857,0.138,0.158,0.12998466046891152,1.9437273740768433,7.237759182025911,144,200,results/v2/metadata/environment.json
v2_cross_dataset,d92b453,2026-07-06T03:23:20.386758+00:00,Cora,fixed,training_time,SGD,46,1402234597,"{""dropout"": 0.5, ""hidden_channels"": 16, ""learning_rate"": 0.01, ""momentum"": 0.0, ""weight_decay"": 0.0005}",fake_edge_addition,0.2,0.19988632057597575,1055,0.14285714285714285,0.164,0.142,0.05004943922221649,1.9452801942825317,11.978517524024937,118,200,results/v2/metadata/environment.json
v2_cross_dataset,d92b453,2026-07-06T03:23:35.272463+00:00,CiteSeer,fixed,training_time,Adam,42,1547988733,"{""dropout"": 0.5, ""hidden_channels"": 16, ""learning_rate"": 0.01, ""momentum"": 0.0, ""weight_decay"": 0.0005}",clean,0.0,0.0,0,0.975,0.708,0.699,0.6716427123952152,0.5027163624763489,14.277758276992245,166,200,results/v2/metadata/environment.json
v2_cross_dataset,d92b453,2026-07-06T03:23:59.448592+00:00,CiteSeer,fixed,training_time,Adam,42,535987248,"{""dropout"": 0.5, ""hidden_channels"": 16, ""learning_rate"": 0.01, ""momentum"": 0.0, ""weight_decay"": 0.0005}",feature_masking,0.2,0.2,21033,0.9833333333333333,0.694,0.701,0.6715746576356726,0.49797138571739197,23.225520953012165,160,200,results/v2/metadata/environment.json
v2_cross_dataset,d92b453,2026-07-06T03:24:14.673426+00:00,CiteSeer,fixed,training_time,Adam,42,1125438570,"{""dropout"": 0.5, ""hidden_channels"": 16, ""learning_rate"": 0.01, ""momentum"": 0.0, ""weight_decay"": 0.0005}",edge_removal,0.2,0.1999121265377856,910,0.9916666666666667,0.7,0.694,0.6653861649277408,0.40260034799575806,14.487860579014523,121,200,results/v2/metadata/environment.json
v2_cross_dataset,d92b453,2026-07-06T03:24:32.895208+00:00,CiteSeer,fixed,training_time,Adam,42,1835175836,"{""dropout"": 0.5, ""hidden_channels"": 16, ""learning_rate"": 0.01, ""momentum"": 0.0, ""weight_decay"": 0.0005}",fake_edge_addition,0.2,0.1999121265377856,910,0.9833333333333333,0.666,0.674,0.6449302886855083,0.5464376211166382,17.550255417998414,177,200,results/v2/metadata/environment.json
v2_cross_dataset,d92b453,2026-07-06T03:24:47.013077+00:00,CiteSeer,fixed,training_time,AdamW,42,1148445957,"{""dropout"": 0.5, ""hidden_channels"": 16, ""learning_rate"": 0.01, ""momentum"": 0.0, ""weight_decay"": 0.0005}",clean,0.0,0.0,0,1.0,0.64,0.644,0.614488149423103,0.07111687958240509,13.581442313996376,31,200,results/v2/metadata/environment.json
v2_cross_dataset,d92b453,2026-07-06T03:25:01.863289+00:00,CiteSeer,fixed,training_time,AdamW,42,449542590,"{""dropout"": 0.5, ""hidden_channels"": 16, ""learning_rate"": 0.01, ""momentum"": 0.0, ""weight_decay"": 0.0005}",feature_masking,0.2,0.2,21033,1.0,0.646,0.645,0.611551842833515,0.1636064201593399,14.119070843007648,51,200,results/v2/metadata/environment.json
v2_cross_dataset,d92b453,2026-07-06T03:25:25.840500+00:00,CiteSeer,fixed,training_time,AdamW,42,1342363054,"{""dropout"": 0.5, ""hidden_channels"": 16, ""learning_rate"": 0.01, ""momentum"": 0.0, ""weight_decay"": 0.0005}",edge_removal,0.2,0.1999121265377856,910,1.0,0.608,0.632,0.5963425467816964,0.0521840900182724,23.208774139988236,66,200,results/v2/metadata/environment.json
v2_cross_dataset,d92b453,2026-07-06T03:25:44.354369+00:00,CiteSeer,fixed,training_time,AdamW,42,1550743775,"{""dropout"": 0.5, ""hidden_channels"": 16, ""learning_rate"": 0.01, ""momentum"": 0.0, ""weight_decay"": 0.0005}",fake_edge_addition,0.2,0.1999121265377856,910,1.0,0.612,0.587,0.5572102534471842,0.0939268097281456,17.825068598991493,18,200,results/v2/metadata/environment.json
v2_cross_dataset,d92b453,2026-07-06T03:26:03.741084+00:00,CiteSeer,fixed,training_time,RMSProp,42,1861432252,"{""dropout"": 0.5, ""hidden_channels"": 16, ""learning_rate"": 0.01, ""momentum"": 0.0, ""weight_decay"": 0.0005}",clean,0.0,0.0,0,0.975,0.694,0.7,0.6680458200878544,0.4294535517692566,18.8779525559803,53,200,results/v2/metadata/environment.json
v2_cross_dataset,d92b453,2026-07-06T03:26:24.787960+00:00,CiteSeer,fixed,training_time,RMSProp,42,727412369,"{""dropout"": 0.5, ""hidden_channels"": 16, ""learning_rate"": 0.01, ""momentum"": 0.0, ""weight_decay"": 0.0005}",feature_masking,0.2,0.2,21033,0.9916666666666667,0.686,0.688,0.6557933563263997,0.5523380637168884,20.307445297017694,103,200,results/v2/metadata/environment.json
v2_cross_dataset,d92b453,2026-07-06T03:26:47.761207+00:00,CiteSeer,fixed,training_time,RMSProp,42,605748332,"{""dropout"": 0.5, ""hidden_channels"": 16, ""learning_rate"": 0.01, ""momentum"": 0.0, ""weight_decay"": 0.0005}",edge_removal,0.2,0.1999121265377856,910,0.9833333333333333,0.692,0.705,0.6755953077780142,0.4409537613391876,22.16071081600967,174,200,results/v2/metadata/environment.json
v2_cross_dataset,d92b453,2026-07-06T03:27:10.490178+00:00,CiteSeer,fixed,training_time,RMSProp,42,375068184,"{""dropout"": 0.5, ""hidden_channels"": 16, ""learning_rate"": 0.01, ""momentum"": 0.0, ""weight_decay"": 0.0005}",fake_edge_addition,0.2,0.1999121265377856,910,0.975,0.666,0.668,0.6408524359066713,0.6635395884513855,21.930619755992666,85,200,results/v2/metadata/environment.json
v2_cross_dataset,d92b453,2026-07-06T03:27:25.144786+00:00,CiteSeer,fixed,training_time,AdaGrad,42,1769377461,"{""dropout"": 0.5, ""hidden_channels"": 16, ""learning_rate"": 0.01, ""momentum"": 0.0, ""weight_decay"": 0.0005}",clean,0.0,0.0,0,0.9583333333333334,0.704,0.693,0.6516318597701184,1.3638718128204346,13.988757359999,20,200,results/v2/metadata/environment.json
v2_cross_dataset,d92b453,2026-07-06T03:27:44.824641+00:00,CiteSeer,fixed,training_time,AdaGrad,42,1908168922,"{""dropout"": 0.5, ""hidden_channels"": 16, ""learning_rate"": 0.01, ""momentum"": 0.0, ""weight_decay"": 0.0005}",feature_masking,0.2,0.2,21033,0.95,0.648,0.656,0.6244102976934801,1.519429326057434,18.92650321201654,179,200,results/v2/metadata/environment.json
v2_cross_dataset,d92b453,2026-07-06T03:27:59.560714+00:00,CiteSeer,fixed,training_time,AdaGrad,42,527942084,"{""dropout"": 0.5, ""hidden_channels"": 16, ""learning_rate"": 0.01, ""momentum"": 0.0, ""weight_decay"": 0.0005}",edge_removal,0.2,0.1999121265377856,910,0.95,0.674,0.663,0.627755891890956,1.3749823570251465,13.95780378600466,145,200,results/v2/metadata/environment.json
v2_cross_dataset,d92b453,2026-07-06T03:28:25.803009+00:00,CiteSeer,fixed,training_time,AdaGrad,42,881107218,"{""dropout"": 0.5, ""hidden_channels"": 16, ""learning_rate"": 0.01, ""momentum"": 0.0, ""weight_decay"": 0.0005}",fake_edge_addition,0.2,0.1999121265377856,910,0.925,0.648,0.672,0.6324902586105537,1.4569340944290161,25.560799347993452,123,200,results/v2/metadata/environment.json
v2_cross_dataset,d92b453,2026-07-06T03:28:44.108181+00:00,CiteSeer,fixed,training_time,SGD,42,170401286,"{""dropout"": 0.5, ""hidden_channels"": 16, ""learning_rate"": 0.01, ""momentum"": 0.0, ""weight_decay"": 0.0005}",clean,0.0,0.0,0,0.21666666666666667,0.222,0.212,0.1165690592296097,1.790893316268921,17.66705367801478,186,200,results/v2/metadata/environment.json
v2_cross_dataset,d92b453,2026-07-06T03:28:58.211533+00:00,CiteSeer,fixed,training_time,SGD,42,2123365610,"{""dropout"": 0.5, ""hidden_channels"": 16, ""learning_rate"": 0.01, ""momentum"": 0.0, ""weight_decay"": 0.0005}",feature_masking,0.2,0.2,21033,0.19166666666666668,0.12,0.105,0.06258695157021917,1.7910257577896118,13.493533188011497,96,200,results/v2/metadata/environment.json
v2_cross_dataset,d92b453,2026-07-06T03:29:13.836370+00:00,CiteSeer,fixed,training_time,SGD,42,386218801,"{""dropout"": 0.5, ""hidden_channels"": 16, ""learning_rate"": 0.01, ""momentum"": 0.0, ""weight_decay"": 0.0005}",edge_removal,0.2,0.1999121265377856,910,0.19166666666666668,0.216,0.25,0.179527693369956,1.7914233207702637,14.920978239999386,147,200,results/v2/metadata/environment.json
v2_cross_dataset,d92b453,2026-07-06T03:29:30.945701+00:00,CiteSeer,fixed,training_time,SGD,42,1735944682,"{""dropout"": 0.5, ""hidden_channels"": 16, ""learning_rate"": 0.01, ""momentum"": 0.0, ""weight_decay"": 0.0005}",fake_edge_addition,0.2,0.1999121265377856,910,0.16666666666666666,0.062,0.081,0.03579214810172222,1.7913970947265625,16.445422287011752,14,200,results/v2/metadata/environment.json
v2_cross_dataset,d92b453,2026-07-06T03:29:53.076320+00:00,CiteSeer,fixed,training_time,Adam,43,771147934,"{""dropout"": 0.5, ""hidden_channels"": 16, ""learning_rate"": 0.01, ""momentum"": 0.0, ""weight_decay"": 0.0005}",clean,0.0,0.0,0,0.9916666666666667,0.71,0.708,0.6819125285252153,0.40474480390548706,21.55410710797878,126,200,results/v2/metadata/environment.json
v2_cross_dataset,d92b453,2026-07-06T03:30:11.225782+00:00,CiteSeer,fixed,training_time,Adam,43,1041533501,"{""dropout"": 0.5, ""hidden_channels"": 16, ""learning_rate"": 0.01, ""momentum"": 0.0, ""weight_decay"": 0.0005}",feature_masking,0.2,0.2,21033,0.975,0.686,0.687,0.6571053021265231,0.6078226566314697,17.426132096006768,102,200,results/v2/metadata/environment.json
v2_cross_dataset,d92b453,2026-07-06T03:30:25.967603+00:00,CiteSeer,fixed,training_time,Adam,43,833311843,"{""dropout"": 0.5, ""hidden_channels"": 16, ""learning_rate"": 0.01, ""momentum"": 0.0, ""weight_decay"": 0.0005}",edge_removal,0.2,0.1999121265377856,910,0.9916666666666667,0.672,0.687,0.6537629505090504,0.4126197397708893,14.12713919399539,117,200,results/v2/metadata/environment.json
v2_cross_dataset,d92b453,2026-07-06T03:30:43.451002+00:00,CiteSeer,fixed,training_time,Adam,43,919852621,"{""dropout"": 0.5, ""hidden_channels"": 16, ""learning_rate"": 0.01, ""momentum"": 0.0, ""weight_decay"": 0.0005}",fake_edge_addition,0.2,0.1999121265377856,910,0.975,0.662,0.671,0.6441917299580652,0.5007802248001099,16.829205517016817,155,200,results/v2/metadata/environment.json
v2_cross_dataset,d92b453,2026-07-06T03:30:58.752914+00:00,CiteSeer,fixed,training_time,AdamW,43,1411904376,"{""dropout"": 0.5, ""hidden_channels"": 16, ""learning_rate"": 0.01, ""momentum"": 0.0, ""weight_decay"": 0.0005}",clean,0.0,0.0,0,1.0,0.632,0.617,0.5923866028865218,0.06156731769442558,14.714188818004914,20,200,results/v2/metadata/environment.json
v2_cross_dataset,d92b453,2026-07-06T03:31:24.293576+00:00,CiteSeer,fixed,training_time,AdamW,43,837657883,"{""dropout"": 0.5, ""hidden_channels"": 16, ""learning_rate"": 0.01, ""momentum"": 0.0, ""weight_decay"": 0.0005}",feature_masking,0.2,0.2,21033,1.0,0.602,0.605,0.5879757490927257,0.1168622151017189,24.930140868003946,60,200,results/v2/metadata/environment.json
v2_cross_dataset,d92b453,2026-07-06T03:31:40.206483+00:00,CiteSeer,fixed,training_time,AdamW,43,1683508596,"{""dropout"": 0.5, ""hidden_channels"": 16, ""learning_rate"": 0.01, ""momentum"": 0.0, ""weight_decay"": 0.0005}",edge_removal,0.2,0.1999121265377856,910,1.0,0.59,0.578,0.565053586409341,0.08002910763025284,15.211157946003368,42,200,results/v2/metadata/environment.json
v2_cross_dataset,d92b453,2026-07-06T03:31:57.888468+00:00,CiteSeer,fixed,training_time,AdamW,43,769480985,"{""dropout"": 0.5, ""hidden_channels"": 16, ""learning_rate"": 0.01, ""momentum"": 0.0, ""weight_decay"": 0.0005}",fake_edge_addition,0.2,0.1999121265377856,910,1.0,0.586,0.593,0.572485670716355,0.08526183664798737,17.1862509319908,75,200,results/v2/metadata/environment.json
v2_cross_dataset,d92b453,2026-07-06T03:32:20.760130+00:00,CiteSeer,fixed,training_time,RMSProp,43,357904218,"{""dropout"": 0.5, ""hidden_channels"": 16, ""learning_rate"": 0.01, ""momentum"": 0.0, ""weight_decay"": 0.0005}",clean,0.0,0.0,0,0.9833333333333333,0.706,0.699,0.6703198742774897,0.6806262731552124,22.183475933998125,172,200,results/v2/metadata/environment.json
v2_cross_dataset,d92b453,2026-07-06T03:32:42.200106+00:00,CiteSeer,fixed,training_time,RMSProp,43,1510237867,"{""dropout"": 0.5, ""hidden_channels"": 16, ""learning_rate"": 0.01, ""momentum"": 0.0, ""weight_decay"": 0.0005}",feature_masking,0.2,0.2,21033,0.9916666666666667,0.68,0.682,0.6552414490207078,0.5017181634902954,20.585872730996925,42,200,results/v2/metadata/environment.json
v2_cross_dataset,d92b453,2026-07-06T03:33:07.768348+00:00,CiteSeer,fixed,training_time,RMSProp,43,1928863891,"{""dropout"": 0.5, ""hidden_channels"": 16, ""learning_rate"": 0.01, ""momentum"": 0.0, ""weight_decay"": 0.0005}",edge_removal,0.2,0.1999121265377856,910,0.9916666666666667,0.708,0.679,0.6538623576041501,0.5859017968177795,24.78785780700855,195,200,results/v2/metadata/environment.json
v2_cross_dataset,d92b453,2026-07-06T03:33:21.467284+00:00,CiteSeer,fixed,training_time,RMSProp,43,972336988,"{""dropout"": 0.5, ""hidden_channels"": 16, ""learning_rate"": 0.01, ""momentum"": 0.0, ""weight_decay"": 0.0005}",fake_edge_addition,0.2,0.1999121265377856,910,0.9916666666666667,0.666,0.678,0.6452733708900085,0.5223552584648132,13.034632835013326,193,200,results/v2/metadata/environment.json
v2_cross_dataset,d92b453,2026-07-06T03:33:28.045070+00:00,CiteSeer,fixed,training_time,AdaGrad,43,698741798,"{""dropout"": 0.5, ""hidden_channels"": 16, ""learning_rate"": 0.01, ""momentum"": 0.0, ""weight_decay"": 0.0005}",clean,0.0,0.0,0,0.925,0.664,0.676,0.6389125705761037,1.3810945749282837,6.365013015980367,194,200,results/v2/metadata/environment.json
v2_cross_dataset,d92b453,2026-07-06T03:33:34.151892+00:00,CiteSeer,fixed,training_time,AdaGrad,43,757190055,"{""dropout"": 0.5, ""hidden_channels"": 16, ""learning_rate"": 0.01, ""momentum"": 0.0, ""weight_decay"": 0.0005}",feature_masking,0.2,0.2,21033,0.9333333333333333,0.678,0.669,0.6339441391492202,1.4805060625076294,5.764408363989787,200,200,results/v2/metadata/environment.json
v2_cross_dataset,d92b453,2026-07-06T03:33:39.914639+00:00,CiteSeer,fixed,training_time,AdaGrad,43,1383630300,"{""dropout"": 0.5, ""hidden_channels"": 16, ""learning_rate"": 0.01, ""momentum"": 0.0, ""weight_decay"": 0.0005}",edge_removal,0.2,0.1999121265377856,910,0.9416666666666667,0.702,0.692,0.6560989394089024,1.3315773010253906,5.549026420980226,176,200,results/v2/metadata/environment.json
v2_cross_dataset,d92b453,2026-07-06T03:33:45.970507+00:00,CiteSeer,fixed,training_time,AdaGrad,43,539294727,"{""dropout"": 0.5, ""hidden_channels"": 16, ""learning_rate"": 0.01, ""momentum"": 0.0, ""weight_decay"": 0.0005}",fake_edge_addition,0.2,0.1999121265377856,910,0.925,0.618,0.652,0.6204627471706555,1.5015184879302979,5.838994810008444,177,200,results/v2/metadata/environment.json
v2_cross_dataset,d92b453,2026-07-06T03:33:51.518682+00:00,CiteSeer,fixed,training_time,SGD,43,1799131220,"{""dropout"": 0.5, ""hidden_channels"": 16, ""learning_rate"": 0.01, ""momentum"": 0.0, ""weight_decay"": 0.0005}",clean,0.0,0.0,0,0.19166666666666668,0.108,0.102,0.05540404562436668,1.7907954454421997,5.328729091997957,1,200,results/v2/metadata/environment.json
v2_cross_dataset,d92b453,2026-07-06T03:33:57.074710+00:00,CiteSeer,fixed,training_time,SGD,43,1158541773,"{""dropout"": 0.5, ""hidden_channels"": 16, ""learning_rate"": 0.01, ""momentum"": 0.0, ""weight_decay"": 0.0005}",feature_masking,0.2,0.2,21033,0.18333333333333332,0.136,0.167,0.08460132579977288,1.7909131050109863,5.320523442002013,3,200,results/v2/metadata/environment.json
v2_cross_dataset,d92b453,2026-07-06T03:34:03.709418+00:00,CiteSeer,fixed,training_time,SGD,43,997022363,"{""dropout"": 0.5, ""hidden_channels"": 16, ""learning_rate"": 0.01, ""momentum"": 0.0, ""weight_decay"": 0.0005}",edge_removal,0.2,0.1999121265377856,910,0.16666666666666666,0.188,0.169,0.048271922307912024,1.7917011976242065,6.36689422299969,29,200,results/v2/metadata/environment.json
v2_cross_dataset,d92b453,2026-07-06T03:34:15.319242+00:00,CiteSeer,fixed,training_time,SGD,43,1962510583,"{""dropout"": 0.5, ""hidden_channels"": 16, ""learning_rate"": 0.01, ""momentum"": 0.0, ""weight_decay"": 0.0005}",fake_edge_addition,0.2,0.1999121265377856,910,0.18333333333333332,0.192,0.173,0.060296903295221214,1.7903183698654175,11.3679835240182,3,200,results/v2/metadata/environment.json
v2_cross_dataset,d92b453,2026-07-06T03:34:22.669512+00:00,CiteSeer,fixed,training_time,Adam,44,1635672888,"{""dropout"": 0.5, ""hidden_channels"": 16, ""learning_rate"": 0.01, ""momentum"": 0.0, ""weight_decay"": 0.0005}",clean,0.0,0.0,0,0.9916666666666667,0.702,0.709,0.681117546380185,0.4186415672302246,7.095772467990173,183,200,results/v2/metadata/environment.json
v2_cross_dataset,d92b453,2026-07-06T03:34:28.442637+00:00,CiteSeer,fixed,training_time,Adam,44,1691937018,"{""dropout"": 0.5, ""hidden_channels"": 16, ""learning_rate"": 0.01, ""momentum"": 0.0, ""weight_decay"": 0.0005}",feature_masking,0.2,0.2,21033,0.975,0.698,0.691,0.6597043496787625,0.5334097743034363,5.528424991003703,189,200,results/v2/metadata/environment.json
v2_cross_dataset,d92b453,2026-07-06T03:34:34.083448+00:00,CiteSeer,fixed,training_time,Adam,44,1679590107,"{""dropout"": 0.5, ""hidden_channels"": 16, ""learning_rate"": 0.01, ""momentum"": 0.0, ""weight_decay"": 0.0005}",edge_removal,0.2,0.1999121265377856,910,0.975,0.696,0.685,0.6576080443083767,0.4399819076061249,5.433267268002965,168,200,results/v2/metadata/environment.json
v2_cross_dataset,d92b453,2026-07-06T03:34:40.767340+00:00,CiteSeer,fixed,training_time,Adam,44,1179416086,"{""dropout"": 0.5, ""hidden_channels"": 16, ""learning_rate"": 0.01, ""momentum"": 0.0, ""weight_decay"": 0.0005}",fake_edge_addition,0.2,0.1999121265377856,910,0.9833333333333333,0.672,0.674,0.6402444888820512,0.6407285332679749,6.4687736260239035,185,200,results/v2/metadata/environment.json
v2_cross_dataset,d92b453,2026-07-06T03:34:46.616608+00:00,CiteSeer,fixed,training_time,AdamW,44,2029593736,"{""dropout"": 0.5, ""hidden_channels"": 16, ""learning_rate"": 0.01, ""momentum"": 0.0, ""weight_decay"": 0.0005}",clean,0.0,0.0,0,1.0,0.648,0.668,0.6398636314598535,0.058747436851263046,5.6327031569962855,45,200,results/v2/metadata/environment.json
v2_cross_dataset,d92b453,2026-07-06T03:34:52.342157+00:00,CiteSeer,fixed,training_time,AdamW,44,211726365,"{""dropout"": 0.5, ""hidden_channels"": 16, ""learning_rate"": 0.01, ""momentum"": 0.0, ""weight_decay"": 0.0005}",feature_masking,0.2,0.2,21033,1.0,0.63,0.595,0.5820529164732707,0.10578425228595734,5.4908044040203094,56,200,results/v2/metadata/environment.json
v2_cross_dataset,d92b453,2026-07-06T03:34:58.154644+00:00,CiteSeer,fixed,training_time,AdamW,44,270876875,"{""dropout"": 0.5, ""hidden_channels"": 16, ""learning_rate"": 0.01, ""momentum"": 0.0, ""weight_decay"": 0.0005}",edge_removal,0.2,0.1999121265377856,910,1.0,0.606,0.581,0.5683370912122044,0.060808103531599045,5.584040947025642,34,200,results/v2/metadata/environment.json
v2_cross_dataset,d92b453,2026-07-06T03:35:04.306999+00:00,CiteSeer,fixed,training_time,AdamW,44,573526314,"{""dropout"": 0.5, ""hidden_channels"": 16, ""learning_rate"": 0.01, ""momentum"": 0.0, ""weight_decay"": 0.0005}",fake_edge_addition,0.2,0.1999121265377856,910,1.0,0.59,0.596,0.5688215315905063,0.057093389332294464,5.941539834981086,22,200,results/v2/metadata/environment.json
v2_cross_dataset,d92b453,2026-07-06T03:35:11.520182+00:00,CiteSeer,fixed,training_time,RMSProp,44,1562927835,"{""dropout"": 0.5, ""hidden_channels"": 16, ""learning_rate"": 0.01, ""momentum"": 0.0, ""weight_decay"": 0.0005}",clean,0.0,0.0,0,0.975,0.69,0.69,0.653289932896319,0.638559877872467,7.002221111994004,177,200,results/v2/metadata/environment.json
v2_cross_dataset,d92b453,2026-07-06T03:35:19.431905+00:00,CiteSeer,fixed,training_time,RMSProp,44,1974082243,"{""dropout"": 0.5, ""hidden_channels"": 16, ""learning_rate"": 0.01, ""momentum"": 0.0, ""weight_decay"": 0.0005}",feature_masking,0.2,0.2,21033,0.975,0.698,0.699,0.6656932660677252,0.5458135604858398,7.6482506440079305,142,200,results/v2/metadata/environment.json
v2_cross_dataset,d92b453,2026-07-06T03:35:26.330632+00:00,CiteSeer,fixed,training_time,RMSProp,44,1769023753,"{""dropout"": 0.5, ""hidden_channels"": 16, ""learning_rate"": 0.01, ""momentum"": 0.0, ""weight_decay"": 0.0005}",edge_removal,0.2,0.1999121265377856,910,0.9916666666666667,0.712,0.688,0.6542411759746697,0.49155277013778687,6.663055571989389,93,200,results/v2/metadata/environment.json
v2_cross_dataset,d92b453,2026-07-06T03:35:33.606734+00:00,CiteSeer,fixed,training_time,RMSProp,44,555537320,"{""dropout"": 0.5, ""hidden_channels"": 16, ""learning_rate"": 0.01, ""momentum"": 0.0, ""weight_decay"": 0.0005}",fake_edge_addition,0.2,0.1999121265377856,910,0.9833333333333333,0.63,0.656,0.6194811282521911,0.8508282899856567,7.0324546940100845,81,200,results/v2/metadata/environment.json
v2_cross_dataset,d92b453,2026-07-06T03:35:41.769300+00:00,CiteSeer,fixed,training_time,AdaGrad,44,901374896,"{""dropout"": 0.5, ""hidden_channels"": 16, ""learning_rate"": 0.01, ""momentum"": 0.0, ""weight_decay"": 0.0005}",clean,0.0,0.0,0,0.9166666666666666,0.706,0.705,0.6664233502615039,1.3853930234909058,7.96252439901582,166,200,results/v2/metadata/environment.json
v2_cross_dataset,d92b453,2026-07-06T03:35:47.796702+00:00,CiteSeer,fixed,training_time,AdaGrad,44,802283662,"{""dropout"": 0.5, ""hidden_channels"": 16, ""learning_rate"": 0.01, ""momentum"": 0.0, ""weight_decay"": 0.0005}",feature_masking,0.2,0.2,21033,0.9333333333333333,0.668,0.66,0.6294430125364706,1.5261493921279907,5.778434696025215,167,200,results/v2/metadata/environment.json
v2_cross_dataset,d92b453,2026-07-06T03:35:54.264952+00:00,CiteSeer,fixed,training_time,AdaGrad,44,1341107539,"{""dropout"": 0.5, ""hidden_channels"": 16, ""learning_rate"": 0.01, ""momentum"": 0.0, ""weight_decay"": 0.0005}",edge_removal,0.2,0.1999121265377856,910,0.9416666666666667,0.672,0.672,0.6381471274335733,1.3535465002059937,6.259848107001744,171,200,results/v2/metadata/environment.json
v2_cross_dataset,d92b453,2026-07-06T03:36:00.463978+00:00,CiteSeer,fixed,training_time,AdaGrad,44,1144949473,"{""dropout"": 0.5, ""hidden_channels"": 16, ""learning_rate"": 0.01, ""momentum"": 0.0, ""weight_decay"": 0.0005}",fake_edge_addition,0.2,0.1999121265377856,910,0.925,0.592,0.603,0.570401502854796,1.538365125656128,5.98523811501218,193,200,results/v2/metadata/environment.json
v2_cross_dataset,d92b453,2026-07-06T03:36:06.487924+00:00,CiteSeer,fixed,training_time,SGD,44,2120283579,"{""dropout"": 0.5, ""hidden_channels"": 16, ""learning_rate"": 0.01, ""momentum"": 0.0, ""weight_decay"": 0.0005}",clean,0.0,0.0,0,0.225,0.2,0.202,0.11813456659897999,1.7910839319229126,5.829868261993397,169,200,results/v2/metadata/environment.json
v2_cross_dataset,d92b453,2026-07-06T03:36:12.119764+00:00,CiteSeer,fixed,training_time,SGD,44,682039283,"{""dropout"": 0.5, ""hidden_channels"": 16, ""learning_rate"": 0.01, ""momentum"": 0.0, ""weight_decay"": 0.0005}",feature_masking,0.2,0.2,21033,0.21666666666666667,0.112,0.124,0.10966687452990433,1.790924310684204,5.39716026300448,67,200,results/v2/metadata/environment.json
v2_cross_dataset,d92b453,2026-07-06T03:36:17.588120+00:00,CiteSeer,fixed,training_time,SGD,44,834421958,"{""dropout"": 0.5, ""hidden_channels"": 16, ""learning_rate"": 0.01, ""momentum"": 0.0, ""weight_decay"": 0.0005}",edge_removal,0.2,0.1999121265377856,910,0.16666666666666666,0.19,0.171,0.05963699222126189,1.789784550666809,5.249448761023814,14,200,results/v2/metadata/environment.json
v2_cross_dataset,d92b453,2026-07-06T03:36:23.391521+00:00,CiteSeer,fixed,training_time,SGD,44,213369190,"{""dropout"": 0.5, ""hidden_channels"": 16, ""learning_rate"": 0.01, ""momentum"": 0.0, ""weight_decay"": 0.0005}",fake_edge_addition,0.2,0.1999121265377856,910,0.225,0.19,0.201,0.15138981450471614,1.791372537612915,5.589780604001135,116,200,results/v2/metadata/environment.json
v2_cross_dataset,d92b453,2026-07-06T03:36:29.983013+00:00,CiteSeer,fixed,training_time,Adam,45,2004457733,"{""dropout"": 0.5, ""hidden_channels"": 16, ""learning_rate"": 0.01, ""momentum"": 0.0, ""weight_decay"": 0.0005}",clean,0.0,0.0,0,0.9916666666666667,0.71,0.716,0.6888686713969294,0.3587719202041626,6.387884388997918,112,200,results/v2/metadata/environment.json
v2_cross_dataset,d92b453,2026-07-06T03:36:35.674644+00:00,CiteSeer,fixed,training_time,Adam,45,1300040141,"{""dropout"": 0.5, ""hidden_channels"": 16, ""learning_rate"": 0.01, ""momentum"": 0.0, ""weight_decay"": 0.0005}",feature_masking,0.2,0.2,21033,0.9666666666666667,0.688,0.684,0.653495539637304,0.6242353320121765,5.458703723008512,138,200,results/v2/metadata/environment.json
v2_cross_dataset,d92b453,2026-07-06T03:36:41.594365+00:00,CiteSeer,fixed,training_time,Adam,45,718659651,"{""dropout"": 0.5, ""hidden_channels"": 16, ""learning_rate"": 0.01, ""momentum"": 0.0, ""weight_decay"": 0.0005}",edge_removal,0.2,0.1999121265377856,910,0.9833333333333333,0.69,0.687,0.6571684369486889,0.431109219789505,5.672974630986573,195,200,results/v2/metadata/environment.json
v2_cross_dataset,d92b453,2026-07-06T03:36:47.318553+00:00,CiteSeer,fixed,training_time,Adam,45,160090746,"{""dropout"": 0.5, ""hidden_channels"": 16, ""learning_rate"": 0.01, ""momentum"": 0.0, ""weight_decay"": 0.0005}",fake_edge_addition,0.2,0.1999121265377856,910,0.9833333333333333,0.658,0.686,0.6585434188933403,0.526698648929596,5.507602911995491,35,200,results/v2/metadata/environment.json
v2_cross_dataset,d92b453,2026-07-06T03:36:54.655297+00:00,CiteSeer,fixed,training_time,AdamW,45,1685171729,"{""dropout"": 0.5, ""hidden_channels"": 16, ""learning_rate"": 0.01, ""momentum"": 0.0, ""weight_decay"": 0.0005}",clean,0.0,0.0,0,1.0,0.644,0.658,0.6277465410967876,0.06545626372098923,7.144608039990999,51,200,results/v2/metadata/environment.json
v2_cross_dataset,d92b453,2026-07-06T03:37:00.489909+00:00,CiteSeer,fixed,training_time,AdamW,45,1482208569,"{""dropout"": 0.5, ""hidden_channels"": 16, ""learning_rate"": 0.01, ""momentum"": 0.0, ""weight_decay"": 0.0005}",feature_masking,0.2,0.2,21033,1.0,0.626,0.624,0.5970600014514007,0.10110529512166977,5.600878280005418,61,200,results/v2/metadata/environment.json
v2_cross_dataset,d92b453,2026-07-06T03:37:06.850696+00:00,CiteSeer,fixed,training_time,AdamW,45,2109061916,"{""dropout"": 0.5, ""hidden_channels"": 16, ""learning_rate"": 0.01, ""momentum"": 0.0, ""weight_decay"": 0.0005}",edge_removal,0.2,0.1999121265377856,910,1.0,0.61,0.581,0.5711761228937059,0.0893000066280365,6.157128052989719,46,200,results/v2/metadata/environment.json
v2_cross_dataset,d92b453,2026-07-06T03:37:12.633041+00:00,CiteSeer,fixed,training_time,AdamW,45,1947840863,"{""dropout"": 0.5, ""hidden_channels"": 16, ""learning_rate"": 0.01, ""momentum"": 0.0, ""weight_decay"": 0.0005}",fake_edge_addition,0.2,0.1999121265377856,910,1.0,0.608,0.602,0.5788469659166712,0.06888572126626968,5.560076093999669,34,200,results/v2/metadata/environment.json
v2_cross_dataset,d92b453,2026-07-06T03:37:19.389509+00:00,CiteSeer,fixed,training_time,RMSProp,45,487539719,"{""dropout"": 0.5, ""hidden_channels"": 16, ""learning_rate"": 0.01, ""momentum"": 0.0, ""weight_decay"": 0.0005}",clean,0.0,0.0,0,0.9916666666666667,0.708,0.704,0.678093058710919,0.4362846314907074,6.551205680007115,94,200,results/v2/metadata/environment.json
v2_cross_dataset,d92b453,2026-07-06T03:37:26.245100+00:00,CiteSeer,fixed,training_time,RMSProp,45,1888770766,"{""dropout"": 0.5, ""hidden_channels"": 16, ""learning_rate"": 0.01, ""momentum"": 0.0, ""weight_decay"": 0.0005}",feature_masking,0.2,0.2,21033,0.975,0.694,0.68,0.6499874180742272,0.5906733274459839,6.6177406390197575,200,200,results/v2/metadata/environment.json
v2_cross_dataset,d92b453,2026-07-06T03:37:32.833703+00:00,CiteSeer,fixed,training_time,RMSProp,45,931022714,"{""dropout"": 0.5, ""hidden_channels"": 16, ""learning_rate"": 0.01, ""momentum"": 0.0, ""weight_decay"": 0.0005}",edge_removal,0.2,0.1999121265377856,910,1.0,0.686,0.712,0.6826725760606398,0.37984392046928406,6.377121579978848,121,200,results/v2/metadata/environment.json
v2_cross_dataset,d92b453,2026-07-06T03:37:41.052318+00:00,CiteSeer,fixed,training_time,RMSProp,45,921341299,"{""dropout"": 0.5, ""hidden_channels"": 16, ""learning_rate"": 0.01, ""momentum"": 0.0, ""weight_decay"": 0.0005}",fake_edge_addition,0.2,0.1999121265377856,910,0.9916666666666667,0.674,0.672,0.6452301935906991,0.4975726008415222,8.000836096995044,143,200,results/v2/metadata/environment.json
v2_cross_dataset,d92b453,2026-07-06T03:37:46.676180+00:00,CiteSeer,fixed,training_time,AdaGrad,45,1326806501,"{""dropout"": 0.5, ""hidden_channels"": 16, ""learning_rate"": 0.01, ""momentum"": 0.0, ""weight_decay"": 0.0005}",clean,0.0,0.0,0,0.9333333333333333,0.708,0.7,0.6611530703432735,1.3599622249603271,5.432028979994357,132,200,results/v2/metadata/environment.json
v2_cross_dataset,d92b453,2026-07-06T03:37:52.421514+00:00,CiteSeer,fixed,training_time,AdaGrad,45,1336781312,"{""dropout"": 0.5, ""hidden_channels"": 16, ""learning_rate"": 0.01, ""momentum"": 0.0, ""weight_decay"": 0.0005}",feature_masking,0.2,0.2,21033,0.95,0.676,0.647,0.6176608946670575,1.4558818340301514,5.508059282990871,197,200,results/v2/metadata/environment.json
v2_cross_dataset,d92b453,2026-07-06T03:37:58.228848+00:00,CiteSeer,fixed,training_time,AdaGrad,45,1872419174,"{""dropout"": 0.5, ""hidden_channels"": 16, ""learning_rate"": 0.01, ""momentum"": 0.0, ""weight_decay"": 0.0005}",edge_removal,0.2,0.1999121265377856,910,0.9583333333333334,0.66,0.655,0.6205585849141708,1.3684635162353516,5.591617864003638,182,200,results/v2/metadata/environment.json
v2_cross_dataset,d92b453,2026-07-06T03:38:04.467340+00:00,CiteSeer,fixed,training_time,AdaGrad,45,1482127301,"{""dropout"": 0.5, ""hidden_channels"": 16, ""learning_rate"": 0.01, ""momentum"": 0.0, ""weight_decay"": 0.0005}",fake_edge_addition,0.2,0.1999121265377856,910,0.9083333333333333,0.642,0.635,0.5931149628703757,1.4189571142196655,6.022690858982969,11,200,results/v2/metadata/environment.json
v2_cross_dataset,d92b453,2026-07-06T03:38:12.437661+00:00,CiteSeer,fixed,training_time,SGD,45,51674007,"{""dropout"": 0.5, ""hidden_channels"": 16, ""learning_rate"": 0.01, ""momentum"": 0.0, ""weight_decay"": 0.0005}",clean,0.0,0.0,0,0.19166666666666668,0.204,0.181,0.08710656663286487,1.7916467189788818,7.772601713979384,87,200,results/v2/metadata/environment.json
v2_cross_dataset,d92b453,2026-07-06T03:38:19.116022+00:00,CiteSeer,fixed,training_time,SGD,45,1326159458,"{""dropout"": 0.5, ""hidden_channels"": 16, ""learning_rate"": 0.01, ""momentum"": 0.0, ""weight_decay"": 0.0005}",feature_masking,0.2,0.2,21033,0.18333333333333332,0.1,0.109,0.0627994180646974,1.7911566495895386,6.44465283601312,34,200,results/v2/metadata/environment.json
v2_cross_dataset,d92b453,2026-07-06T03:38:24.761216+00:00,CiteSeer,fixed,training_time,SGD,45,1142930185,"{""dropout"": 0.5, ""hidden_channels"": 16, ""learning_rate"": 0.01, ""momentum"": 0.0, ""weight_decay"": 0.0005}",edge_removal,0.2,0.1999121265377856,910,0.175,0.2,0.182,0.08173158108280264,1.7911447286605835,5.430860829015728,46,200,results/v2/metadata/environment.json
v2_cross_dataset,d92b453,2026-07-06T03:38:30.626482+00:00,CiteSeer,fixed,training_time,SGD,45,1961330195,"{""dropout"": 0.5, ""hidden_channels"": 16, ""learning_rate"": 0.01, ""momentum"": 0.0, ""weight_decay"": 0.0005}",fake_edge_addition,0.2,0.1999121265377856,910,0.2,0.086,0.098,0.05203388538712587,1.7909271717071533,5.65491023400682,1,200,results/v2/metadata/environment.json
v2_cross_dataset,d92b453,2026-07-06T03:38:36.399586+00:00,CiteSeer,fixed,training_time,Adam,46,1250970142,"{""dropout"": 0.5, ""hidden_channels"": 16, ""learning_rate"": 0.01, ""momentum"": 0.0, ""weight_decay"": 0.0005}",clean,0.0,0.0,0,0.9666666666666667,0.706,0.709,0.6769367283718816,0.5924777984619141,5.573579468997195,190,200,results/v2/metadata/environment.json
v2_cross_dataset,d92b453,2026-07-06T03:38:42.216191+00:00,CiteSeer,fixed,training_time,Adam,46,1435005179,"{""dropout"": 0.5, ""hidden_channels"": 16, ""learning_rate"": 0.01, ""momentum"": 0.0, ""weight_decay"": 0.0005}",feature_masking,0.2,0.2,21033,0.9666666666666667,0.682,0.698,0.6659499472332094,0.5302413105964661,5.575227032008115,172,200,results/v2/metadata/environment.json
v2_cross_dataset,d92b453,2026-07-06T03:38:47.911440+00:00,CiteSeer,fixed,training_time,Adam,46,1883738571,"{""dropout"": 0.5, ""hidden_channels"": 16, ""learning_rate"": 0.01, ""momentum"": 0.0, ""weight_decay"": 0.0005}",edge_removal,0.2,0.1999121265377856,910,0.9916666666666667,0.714,0.689,0.6578980909103888,0.3596784174442291,5.486236666998593,173,200,results/v2/metadata/environment.json
v2_cross_dataset,d92b453,2026-07-06T03:38:54.543824+00:00,CiteSeer,fixed,training_time,Adam,46,1001485269,"{""dropout"": 0.5, ""hidden_channels"": 16, ""learning_rate"": 0.01, ""momentum"": 0.0, ""weight_decay"": 0.0005}",fake_edge_addition,0.2,0.1999121265377856,910,0.9916666666666667,0.648,0.685,0.6516520767045026,0.5686962604522705,6.420914837013697,184,200,results/v2/metadata/environment.json
v2_cross_dataset,d92b453,2026-07-06T03:39:00.323613+00:00,CiteSeer,fixed,training_time,AdamW,46,249664823,"{""dropout"": 0.5, ""hidden_channels"": 16, ""learning_rate"": 0.01, ""momentum"": 0.0, ""weight_decay"": 0.0005}",clean,0.0,0.0,0,1.0,0.644,0.667,0.6353414304502092,0.0737534835934639,5.582365434995154,46,200,results/v2/metadata/environment.json
v2_cross_dataset,d92b453,2026-07-06T03:39:06.429318+00:00,CiteSeer,fixed,training_time,AdamW,46,355098220,"{""dropout"": 0.5, ""hidden_channels"": 16, ""learning_rate"": 0.01, ""momentum"": 0.0, ""weight_decay"": 0.0005}",feature_masking,0.2,0.2,21033,1.0,0.62,0.606,0.5767476757142568,0.13376791775226593,5.8692686169815715,73,200,results/v2/metadata/environment.json
v2_cross_dataset,d92b453,2026-07-06T03:39:12.007272+00:00,CiteSeer,fixed,training_time,AdamW,46,48319262,"{""dropout"": 0.5, ""hidden_channels"": 16, ""learning_rate"": 0.01, ""momentum"": 0.0, ""weight_decay"": 0.0005}",edge_removal,0.2,0.1999121265377856,910,1.0,0.556,0.531,0.5259234052336755,0.09355045109987259,5.364693064999301,54,200,results/v2/metadata/environment.json
v2_cross_dataset,d92b453,2026-07-06T03:39:17.783734+00:00,CiteSeer,fixed,training_time,AdamW,46,1782593370,"{""dropout"": 0.5, ""hidden_channels"": 16, ""learning_rate"": 0.01, ""momentum"": 0.0, ""weight_decay"": 0.0005}",fake_edge_addition,0.2,0.1999121265377856,910,1.0,0.596,0.59,0.5649444267183292,0.0838455930352211,5.5665554699953645,47,200,results/v2/metadata/environment.json
v2_cross_dataset,d92b453,2026-07-06T03:39:24.706660+00:00,CiteSeer,fixed,training_time,RMSProp,46,1602643264,"{""dropout"": 0.5, ""hidden_channels"": 16, ""learning_rate"": 0.01, ""momentum"": 0.0, ""weight_decay"": 0.0005}",clean,0.0,0.0,0,0.9916666666666667,0.714,0.709,0.6815968795341342,0.4209112823009491,6.713467847992433,113,200,results/v2/metadata/environment.json
v2_cross_dataset,d92b453,2026-07-06T03:39:32.386657+00:00,CiteSeer,fixed,training_time,RMSProp,46,2005304257,"{""dropout"": 0.5, ""hidden_channels"": 16, ""learning_rate"": 0.01, ""momentum"": 0.0, ""weight_decay"": 0.0005}",feature_masking,0.2,0.2,21033,0.9916666666666667,0.7,0.686,0.6578024466585074,0.6143655776977539,7.445039685990196,180,200,results/v2/metadata/environment.json
v2_cross_dataset,d92b453,2026-07-06T03:39:41.250017+00:00,CiteSeer,fixed,training_time,RMSProp,46,1307204915,"{""dropout"": 0.5, ""hidden_channels"": 16, ""learning_rate"": 0.01, ""momentum"": 0.0, ""weight_decay"": 0.0005}",edge_removal,0.2,0.1999121265377856,910,0.9916666666666667,0.68,0.674,0.6505686683289564,0.396180123090744,8.601513296016492,28,200,results/v2/metadata/environment.json
v2_cross_dataset,d92b453,2026-07-06T03:39:48.548466+00:00,CiteSeer,fixed,training_time,RMSProp,46,2028978296,"{""dropout"": 0.5, ""hidden_channels"": 16, ""learning_rate"": 0.01, ""momentum"": 0.0, ""weight_decay"": 0.0005}",fake_edge_addition,0.2,0.1999121265377856,910,0.9666666666666667,0.694,0.685,0.6489769644786549,0.7067225575447083,7.073138809995726,142,200,results/v2/metadata/environment.json
v2_cross_dataset,d92b453,2026-07-06T03:39:54.603171+00:00,CiteSeer,fixed,training_time,AdaGrad,46,330085509,"{""dropout"": 0.5, ""hidden_channels"": 16, ""learning_rate"": 0.01, ""momentum"": 0.0, ""weight_decay"": 0.0005}",clean,0.0,0.0,0,0.925,0.676,0.665,0.6274092624809741,1.5248812437057495,5.855742120009381,151,200,results/v2/metadata/environment.json
v2_cross_dataset,d92b453,2026-07-06T03:40:00.761484+00:00,CiteSeer,fixed,training_time,AdaGrad,46,1251482993,"{""dropout"": 0.5, ""hidden_channels"": 16, ""learning_rate"": 0.01, ""momentum"": 0.0, ""weight_decay"": 0.0005}",feature_masking,0.2,0.2,21033,0.925,0.614,0.622,0.582519684215658,1.4981187582015991,5.883622560009826,25,200,results/v2/metadata/environment.json
v2_cross_dataset,d92b453,2026-07-06T03:40:07.884310+00:00,CiteSeer,fixed,training_time,AdaGrad,46,1673320410,"{""dropout"": 0.5, ""hidden_channels"": 16, ""learning_rate"": 0.01, ""momentum"": 0.0, ""weight_decay"": 0.0005}",edge_removal,0.2,0.1999121265377856,910,0.9333333333333333,0.652,0.651,0.614397995914686,1.3828346729278564,6.8052219150122255,194,200,results/v2/metadata/environment.json
v2_cross_dataset,d92b453,2026-07-06T03:40:13.982262+00:00,CiteSeer,fixed,training_time,AdaGrad,46,1682585910,"{""dropout"": 0.5, ""hidden_channels"": 16, ""learning_rate"": 0.01, ""momentum"": 0.0, ""weight_decay"": 0.0005}",fake_edge_addition,0.2,0.1999121265377856,910,0.9333333333333333,0.65,0.635,0.6088115564664901,1.4829943180084229,5.8701043619948905,180,200,results/v2/metadata/environment.json
v2_cross_dataset,d92b453,2026-07-06T03:40:19.562545+00:00,CiteSeer,fixed,training_time,SGD,46,1849074744,"{""dropout"": 0.5, ""hidden_channels"": 16, ""learning_rate"": 0.01, ""momentum"": 0.0, ""weight_decay"": 0.0005}",clean,0.0,0.0,0,0.18333333333333332,0.19,0.172,0.05584599763529388,1.791118860244751,5.374381166009698,33,200,results/v2/metadata/environment.json
v2_cross_dataset,d92b453,2026-07-06T03:40:25.144848+00:00,CiteSeer,fixed,training_time,SGD,46,366141062,"{""dropout"": 0.5, ""hidden_channels"": 16, ""learning_rate"": 0.01, ""momentum"": 0.0, ""weight_decay"": 0.0005}",feature_masking,0.2,0.2,21033,0.25833333333333336,0.168,0.146,0.09548758480916077,1.7909148931503296,5.344961188995512,1,200,results/v2/metadata/environment.json
v2_cross_dataset,d92b453,2026-07-06T03:40:30.633437+00:00,CiteSeer,fixed,training_time,SGD,46,2116170695,"{""dropout"": 0.5, ""hidden_channels"": 16, ""learning_rate"": 0.01, ""momentum"": 0.0, ""weight_decay"": 0.0005}",edge_removal,0.2,0.1999121265377856,910,0.19166666666666668,0.086,0.119,0.09375690078088483,1.7905465364456177,5.281755959003931,40,200,results/v2/metadata/environment.json
v2_cross_dataset,d92b453,2026-07-06T03:40:36.506051+00:00,CiteSeer,fixed,training_time,SGD,46,1962511942,"{""dropout"": 0.5, ""hidden_channels"": 16, ""learning_rate"": 0.01, ""momentum"": 0.0, ""weight_decay"": 0.0005}",fake_edge_addition,0.2,0.1999121265377856,910,0.20833333333333334,0.162,0.169,0.0782972565150783,1.7914600372314453,5.641945037001278,5,200,results/v2/metadata/environment.json
v2_cross_dataset,d92b453,2026-07-06T03:40:47.645042+00:00,PubMed,fixed,training_time,Adam,42,572197155,"{""dropout"": 0.5, ""hidden_channels"": 16, ""learning_rate"": 0.01, ""momentum"": 0.0, ""weight_decay"": 0.0005}",clean,0.0,0.0,0,1.0,0.802,0.79,0.7860607061670932,0.2103206366300583,10.861587160005001,87,200,results/v2/metadata/environment.json
v2_cross_dataset,d92b453,2026-07-06T03:40:58.750916+00:00,PubMed,fixed,training_time,Adam,42,1491624210,"{""dropout"": 0.5, ""hidden_channels"": 16, ""learning_rate"": 0.01, ""momentum"": 0.0, ""weight_decay"": 0.0005}",feature_masking,0.2,0.19999979757720152,197606,1.0,0.792,0.792,0.7900772862624831,0.17565467953681946,10.822536776016932,107,200,results/v2/metadata/environment.json
v2_cross_dataset,d92b453,2026-07-06T03:41:11.111386+00:00,PubMed,fixed,training_time,Adam,42,1074361747,"{""dropout"": 0.5, ""hidden_channels"": 16, ""learning_rate"": 0.01, ""momentum"": 0.0, ""weight_decay"": 0.0005}",edge_removal,0.2,0.19998195108744699,8864,1.0,0.786,0.793,0.7848240834541871,0.1586458384990692,12.011974432010902,141,200,results/v2/metadata/environment.json
v2_cross_dataset,d92b453,2026-07-06T03:41:23.614589+00:00,PubMed,fixed,training_time,Adam,42,2039509657,"{""dropout"": 0.5, ""hidden_channels"": 16, ""learning_rate"": 0.01, ""momentum"": 0.0, ""weight_decay"": 0.0005}",fake_edge_addition,0.2,0.19998195108744699,8864,1.0,0.734,0.746,0.7441927081436814,0.1921270340681076,12.098789445997681,106,200,results/v2/metadata/environment.json
v2_cross_dataset,d92b453,2026-07-06T03:41:34.133166+00:00,PubMed,fixed,training_time,AdamW,42,432117937,"{""dropout"": 0.5, ""hidden_channels"": 16, ""learning_rate"": 0.01, ""momentum"": 0.0, ""weight_decay"": 0.0005}",clean,0.0,0.0,0,1.0,0.772,0.767,0.7628955319633285,0.044728513807058334,10.315785854996648,117,200,results/v2/metadata/environment.json
v2_cross_dataset,d92b453,2026-07-06T03:41:45.194251+00:00,PubMed,fixed,training_time,AdamW,42,2003635725,"{""dropout"": 0.5, ""hidden_channels"": 16, ""learning_rate"": 0.01, ""momentum"": 0.0, ""weight_decay"": 0.0005}",feature_masking,0.2,0.19999979757720152,197606,1.0,0.764,0.761,0.7577517483589681,0.04054240137338638,10.79191357200034,132,200,results/v2/metadata/environment.json
v2_cross_dataset,d92b453,2026-07-06T03:41:55.523320+00:00,PubMed,fixed,training_time,AdamW,42,1159170896,"{""dropout"": 0.5, ""hidden_channels"": 16, ""learning_rate"": 0.01, ""momentum"": 0.0, ""weight_decay"": 0.0005}",edge_removal,0.2,0.19998195108744699,8864,1.0,0.772,0.748,0.7456404834119708,0.039507508277893066,9.964596779987914,91,200,results/v2/metadata/environment.json
v2_cross_dataset,d92b453,2026-07-06T03:42:07.596980+00:00,PubMed,fixed,training_time,AdamW,42,1641282214,"{""dropout"": 0.5, ""hidden_channels"": 16, ""learning_rate"": 0.01, ""momentum"": 0.0, ""weight_decay"": 0.0005}",fake_edge_addition,0.2,0.19998195108744699,8864,1.0,0.716,0.73,0.7329939824450736,0.04132171720266342,11.626605941011803,75,200,results/v2/metadata/environment.json
v2_cross_dataset,d92b453,2026-07-06T03:42:30.320526+00:00,PubMed,fixed,training_time,RMSProp,42,661344205,"{""dropout"": 0.5, ""hidden_channels"": 16, ""learning_rate"": 0.01, ""momentum"": 0.0, ""weight_decay"": 0.0005}",clean,0.0,0.0,0,1.0,0.8,0.793,0.7880941298298915,0.15340495109558105,22.40719961398281,62,200,results/v2/metadata/environment.json
v2_cross_dataset,d92b453,2026-07-06T03:42:53.360181+00:00,PubMed,fixed,training_time,RMSProp,42,1622630401,"{""dropout"": 0.5, ""hidden_channels"": 16, ""learning_rate"": 0.01, ""momentum"": 0.0, ""weight_decay"": 0.0005}",feature_masking,0.2,0.19999979757720152,197606,1.0,0.788,0.794,0.7894053419377797,0.15293772518634796,22.69238913699519,52,200,results/v2/metadata/environment.json
v2_cross_dataset,d92b453,2026-07-06T03:43:15.438249+00:00,PubMed,fixed,training_time,RMSProp,42,201672983,"{""dropout"": 0.5, ""hidden_channels"": 16, ""learning_rate"": 0.01, ""momentum"": 0.0, ""weight_decay"": 0.0005}",edge_removal,0.2,0.19998195108744699,8864,1.0,0.782,0.765,0.76243875762484,0.20234793424606323,21.618460402998608,92,200,results/v2/metadata/environment.json
v2_cross_dataset,d92b453,2026-07-06T03:43:36.223931+00:00,PubMed,fixed,training_time,RMSProp,42,1627803405,"{""dropout"": 0.5, ""hidden_channels"": 16, ""learning_rate"": 0.01, ""momentum"": 0.0, ""weight_decay"": 0.0005}",fake_edge_addition,0.2,0.19998195108744699,8864,1.0,0.768,0.735,0.7243329049450233,0.1363697499036789,20.28246259500156,85,200,results/v2/metadata/environment.json
v2_cross_dataset,d92b453,2026-07-06T03:43:47.454094+00:00,PubMed,fixed,training_time,AdaGrad,42,380930810,"{""dropout"": 0.5, ""hidden_channels"": 16, ""learning_rate"": 0.01, ""momentum"": 0.0, ""weight_decay"": 0.0005}",clean,0.0,0.0,0,0.95,0.762,0.746,0.7460810184733452,0.6775352954864502,11.031521626980975,119,200,results/v2/metadata/environment.json
v2_cross_dataset,d92b453,2026-07-06T03:43:58.606862+00:00,PubMed,fixed,training_time,AdaGrad,42,862837892,"{""dropout"": 0.5, ""hidden_channels"": 16, ""learning_rate"": 0.01, ""momentum"": 0.0, ""weight_decay"": 0.0005}",feature_masking,0.2,0.19999979757720152,197606,0.9666666666666667,0.748,0.754,0.751311813960179,0.7748353481292725,10.885759397002403,191,200,results/v2/metadata/environment.json
v2_cross_dataset,d92b453,2026-07-06T03:44:10.977327+00:00,PubMed,fixed,training_time,AdaGrad,42,2037667880,"{""dropout"": 0.5, ""hidden_channels"": 16, ""learning_rate"": 0.01, ""momentum"": 0.0, ""weight_decay"": 0.0005}",edge_removal,0.2,0.19998195108744699,8864,0.95,0.766,0.746,0.7440268917998153,0.6797952651977539,11.997747080022236,142,200,results/v2/metadata/environment.json
v2_cross_dataset,d92b453,2026-07-06T03:44:23.667634+00:00,PubMed,fixed,training_time,AdaGrad,42,920346174,"{""dropout"": 0.5, ""hidden_channels"": 16, ""learning_rate"": 0.01, ""momentum"": 0.0, ""weight_decay"": 0.0005}",fake_edge_addition,0.2,0.19998195108744699,8864,0.9833333333333333,0.772,0.757,0.7526698410898262,0.7429659366607666,12.254197659989586,110,200,results/v2/metadata/environment.json
v2_cross_dataset,d92b453,2026-07-06T03:44:34.413805+00:00,PubMed,fixed,training_time,SGD,42,626923708,"{""dropout"": 0.5, ""hidden_channels"": 16, ""learning_rate"": 0.01, ""momentum"": 0.0, ""weight_decay"": 0.0005}",clean,0.0,0.0,0,0.3333333333333333,0.402,0.425,0.2592325598538415,1.0975147485733032,10.537256231997162,51,200,results/v2/metadata/environment.json
v2_cross_dataset,d92b453,2026-07-06T03:44:45.296232+00:00,PubMed,fixed,training_time,SGD,42,1199321111,"{""dropout"": 0.5, ""hidden_channels"": 16, ""learning_rate"": 0.01, ""momentum"": 0.0, ""weight_decay"": 0.0005}",feature_masking,0.2,0.19999979757720152,197606,0.43333333333333335,0.348,0.341,0.28730887444037917,1.0964114665985107,10.620294163993094,90,200,results/v2/metadata/environment.json
v2_cross_dataset,d92b453,2026-07-06T03:44:56.443222+00:00,PubMed,fixed,training_time,SGD,42,1402658096,"{""dropout"": 0.5, ""hidden_channels"": 16, ""learning_rate"": 0.01, ""momentum"": 0.0, ""weight_decay"": 0.0005}",edge_removal,0.2,0.19998195108744699,8864,0.3333333333333333,0.396,0.424,0.23553953575636868,1.0911961793899536,10.79233146601473,2,200,results/v2/metadata/environment.json
v2_cross_dataset,d92b453,2026-07-06T03:45:08.401739+00:00,PubMed,fixed,training_time,SGD,42,990415699,"{""dropout"": 0.5, ""hidden_channels"": 16, ""learning_rate"": 0.01, ""momentum"": 0.0, ""weight_decay"": 0.0005}",fake_edge_addition,0.2,0.19998195108744699,8864,0.4166666666666667,0.282,0.264,0.23124899597072537,1.096374273300171,11.56299586998648,4,200,results/v2/metadata/environment.json
v2_cross_dataset,d92b453,2026-07-06T03:45:18.934727+00:00,PubMed,fixed,training_time,Adam,43,1562808328,"{""dropout"": 0.5, ""hidden_channels"": 16, ""learning_rate"": 0.01, ""momentum"": 0.0, ""weight_decay"": 0.0005}",clean,0.0,0.0,0,1.0,0.8,0.793,0.7881739625043611,0.14421844482421875,10.331773490994237,162,200,results/v2/metadata/environment.json
v2_cross_dataset,d92b453,2026-07-06T03:45:30.993094+00:00,PubMed,fixed,training_time,Adam,43,784791346,"{""dropout"": 0.5, ""hidden_channels"": 16, ""learning_rate"": 0.01, ""momentum"": 0.0, ""weight_decay"": 0.0005}",feature_masking,0.2,0.19999979757720152,197606,1.0,0.784,0.794,0.7900087938555642,0.1975066065788269,11.787613161985064,154,200,results/v2/metadata/environment.json
v2_cross_dataset,d92b453,2026-07-06T03:45:43.177546+00:00,PubMed,fixed,training_time,Adam,43,1675984841,"{""dropout"": 0.5, ""hidden_channels"": 16, ""learning_rate"": 0.01, ""momentum"": 0.0, ""weight_decay"": 0.0005}",edge_removal,0.2,0.19998195108744699,8864,1.0,0.802,0.781,0.7781450526698226,0.1593473106622696,11.815797943010693,193,200,results/v2/metadata/environment.json
v2_cross_dataset,d92b453,2026-07-06T03:45:55.121604+00:00,PubMed,fixed,training_time,Adam,43,1666180448,"{""dropout"": 0.5, ""hidden_channels"": 16, ""learning_rate"": 0.01, ""momentum"": 0.0, ""weight_decay"": 0.0005}",fake_edge_addition,0.2,0.19998195108744699,8864,1.0,0.754,0.727,0.7251902111302234,0.16950723528862,11.520687840005849,163,200,results/v2/metadata/environment.json
v2_cross_dataset,d92b453,2026-07-06T03:46:07.455086+00:00,PubMed,fixed,training_time,AdamW,43,959334431,"{""dropout"": 0.5, ""hidden_channels"": 16, ""learning_rate"": 0.01, ""momentum"": 0.0, ""weight_decay"": 0.0005}",clean,0.0,0.0,0,1.0,0.756,0.765,0.7610056232635842,0.02522345818579197,12.114861267007655,81,200,results/v2/metadata/environment.json
v2_cross_dataset,d92b453,2026-07-06T03:46:18.477777+00:00,PubMed,fixed,training_time,AdamW,43,830826994,"{""dropout"": 0.5, ""hidden_channels"": 16, ""learning_rate"": 0.01, ""momentum"": 0.0, ""weight_decay"": 0.0005}",feature_masking,0.2,0.19999979757720152,197606,1.0,0.774,0.767,0.7661309820803422,0.03528091683983803,10.741382492997218,141,200,results/v2/metadata/environment.json
v2_cross_dataset,d92b453,2026-07-06T03:46:28.012348+00:00,PubMed,fixed,training_time,AdamW,43,1093729083,"{""dropout"": 0.5, ""hidden_channels"": 16, ""learning_rate"": 0.01, ""momentum"": 0.0, ""weight_decay"": 0.0005}",edge_removal,0.2,0.19998195108744699,8864,1.0,0.782,0.759,0.7595494298994345,0.04426446184515953,9.164827206986956,92,200,results/v2/metadata/environment.json
v2_cross_dataset,d92b453,2026-07-06T03:46:41.075843+00:00,PubMed,fixed,training_time,AdamW,43,51884665,"{""dropout"": 0.5, ""hidden_channels"": 16, ""learning_rate"": 0.01, ""momentum"": 0.0, ""weight_decay"": 0.0005}",fake_edge_addition,0.2,0.19998195108744699,8864,1.0,0.726,0.731,0.728146154227422,0.03894976153969765,12.654005539021455,54,200,results/v2/metadata/environment.json
v2_cross_dataset,d92b453,2026-07-06T03:47:02.921720+00:00,PubMed,fixed,training_time,RMSProp,43,1515696228,"{""dropout"": 0.5, ""hidden_channels"": 16, ""learning_rate"": 0.01, ""momentum"": 0.0, ""weight_decay"": 0.0005}",clean,0.0,0.0,0,1.0,0.794,0.785,0.7821419253766262,0.173074871301651,21.53052985999966,48,200,results/v2/metadata/environment.json
v2_cross_dataset,d92b453,2026-07-06T03:47:27.142710+00:00,PubMed,fixed,training_time,RMSProp,43,528399886,"{""dropout"": 0.5, ""hidden_channels"": 16, ""learning_rate"": 0.01, ""momentum"": 0.0, ""weight_decay"": 0.0005}",feature_masking,0.2,0.19999979757720152,197606,1.0,0.79,0.78,0.7745500932519137,0.24739260971546173,23.860329165006988,180,200,results/v2/metadata/environment.json
v2_cross_dataset,d92b453,2026-07-06T03:47:47.867279+00:00,PubMed,fixed,training_time,RMSProp,43,1227831453,"{""dropout"": 0.5, ""hidden_channels"": 16, ""learning_rate"": 0.01, ""momentum"": 0.0, ""weight_decay"": 0.0005}",edge_removal,0.2,0.19998195108744699,8864,0.9833333333333333,0.77,0.759,0.7602031586550074,0.2038021981716156,20.24018132299534,136,200,results/v2/metadata/environment.json
v2_cross_dataset,d92b453,2026-07-06T03:48:11.753012+00:00,PubMed,fixed,training_time,RMSProp,43,679987191,"{""dropout"": 0.5, ""hidden_channels"": 16, ""learning_rate"": 0.01, ""momentum"": 0.0, ""weight_decay"": 0.0005}",fake_edge_addition,0.2,0.19998195108744699,8864,1.0,0.76,0.758,0.7552092576133079,0.19911490380764008,23.37414544800413,49,200,results/v2/metadata/environment.json
v2_cross_dataset,d92b453,2026-07-06T03:48:23.130420+00:00,PubMed,fixed,training_time,AdaGrad,43,1576061316,"{""dropout"": 0.5, ""hidden_channels"": 16, ""learning_rate"": 0.01, ""momentum"": 0.0, ""weight_decay"": 0.0005}",clean,0.0,0.0,0,0.9666666666666667,0.754,0.742,0.7434592388313687,0.7129151225090027,11.159091551991878,46,200,results/v2/metadata/environment.json
v2_cross_dataset,d92b453,2026-07-06T03:48:36.508037+00:00,PubMed,fixed,training_time,AdaGrad,43,34443842,"{""dropout"": 0.5, ""hidden_channels"": 16, ""learning_rate"": 0.01, ""momentum"": 0.0, ""weight_decay"": 0.0005}",feature_masking,0.2,0.19999979757720152,197606,0.9333333333333333,0.738,0.723,0.7246606189281349,0.8275802135467529,13.03056749101961,193,200,results/v2/metadata/environment.json
v2_cross_dataset,d92b453,2026-07-06T03:48:47.892728+00:00,PubMed,fixed,training_time,AdaGrad,43,2063594795,"{""dropout"": 0.5, ""hidden_channels"": 16, ""learning_rate"": 0.01, ""momentum"": 0.0, ""weight_decay"": 0.0005}",edge_removal,0.2,0.19998195108744699,8864,0.95,0.756,0.736,0.7384954582903065,0.6777766346931458,10.926124210003763,174,200,results/v2/metadata/environment.json
v2_cross_dataset,d92b453,2026-07-06T03:49:00.061663+00:00,PubMed,fixed,training_time,AdaGrad,43,846072843,"{""dropout"": 0.5, ""hidden_channels"": 16, ""learning_rate"": 0.01, ""momentum"": 0.0, ""weight_decay"": 0.0005}",fake_edge_addition,0.2,0.19998195108744699,8864,0.9333333333333333,0.746,0.722,0.7188732531052713,0.7764196991920471,11.730531381996116,16,200,results/v2/metadata/environment.json
v2_cross_dataset,d92b453,2026-07-06T03:49:11.681172+00:00,PubMed,fixed,training_time,SGD,43,510454688,"{""dropout"": 0.5, ""hidden_channels"": 16, ""learning_rate"": 0.01, ""momentum"": 0.0, ""weight_decay"": 0.0005}",clean,0.0,0.0,0,0.4,0.342,0.354,0.3045169483527379,1.0941047668457031,11.421516856993549,1,200,results/v2/metadata/environment.json
v2_cross_dataset,d92b453,2026-07-06T03:49:21.784015+00:00,PubMed,fixed,training_time,SGD,43,931122473,"{""dropout"": 0.5, ""hidden_channels"": 16, ""learning_rate"": 0.01, ""momentum"": 0.0, ""weight_decay"": 0.0005}",feature_masking,0.2,0.19999979757720152,197606,0.5,0.408,0.398,0.3536881755296745,1.0984495878219604,9.818712631997187,34,200,results/v2/metadata/environment.json
v2_cross_dataset,d92b453,2026-07-06T03:49:31.135171+00:00,PubMed,fixed,training_time,SGD,43,1844869768,"{""dropout"": 0.5, ""hidden_channels"": 16, ""learning_rate"": 0.01, ""momentum"": 0.0, ""weight_decay"": 0.0005}",edge_removal,0.2,0.19998195108744699,8864,0.38333333333333336,0.364,0.399,0.2436835261132129,1.0967061519622803,8.977433516993187,118,200,results/v2/metadata/environment.json
v2_cross_dataset,d92b453,2026-07-06T03:49:44.135354+00:00,PubMed,fixed,training_time,SGD,43,1144925970,"{""dropout"": 0.5, ""hidden_channels"": 16, ""learning_rate"": 0.01, ""momentum"": 0.0, ""weight_decay"": 0.0005}",fake_edge_addition,0.2,0.19998195108744699,8864,0.5166666666666667,0.382,0.373,0.3049761261629969,1.095504641532898,12.56839641899569,112,200,results/v2/metadata/environment.json
v2_cross_dataset,d92b453,2026-07-06T03:49:54.158366+00:00,PubMed,fixed,training_time,Adam,44,208666919,"{""dropout"": 0.5, ""hidden_channels"": 16, ""learning_rate"": 0.01, ""momentum"": 0.0, ""weight_decay"": 0.0005}",clean,0.0,0.0,0,1.0,0.786,0.792,0.7874214017986371,0.11616545170545578,9.83120163800777,127,200,results/v2/metadata/environment.json
v2_cross_dataset,d92b453,2026-07-06T03:50:04.768109+00:00,PubMed,fixed,training_time,Adam,44,1804586266,"{""dropout"": 0.5, ""hidden_channels"": 16, ""learning_rate"": 0.01, ""momentum"": 0.0, ""weight_decay"": 0.0005}",feature_masking,0.2,0.19999979757720152,197606,1.0,0.778,0.77,0.7679492685549808,0.17574027180671692,10.352250024996465,102,200,results/v2/metadata/environment.json
v2_cross_dataset,d92b453,2026-07-06T03:50:17.796703+00:00,PubMed,fixed,training_time,Adam,44,1705849994,"{""dropout"": 0.5, ""hidden_channels"": 16, ""learning_rate"": 0.01, ""momentum"": 0.0, ""weight_decay"": 0.0005}",edge_removal,0.2,0.19998195108744699,8864,1.0,0.798,0.779,0.7760271854065511,0.19712595641613007,12.535027723002713,190,200,results/v2/metadata/environment.json
v2_cross_dataset,d92b453,2026-07-06T03:50:29.668149+00:00,PubMed,fixed,training_time,Adam,44,1578744122,"{""dropout"": 0.5, ""hidden_channels"": 16, ""learning_rate"": 0.01, ""momentum"": 0.0, ""weight_decay"": 0.0005}",fake_edge_addition,0.2,0.19998195108744699,8864,1.0,0.752,0.749,0.7423832842437493,0.16433358192443848,11.46463152798242,133,200,results/v2/metadata/environment.json
v2_cross_dataset,d92b453,2026-07-06T03:50:40.478617+00:00,PubMed,fixed,training_time,AdamW,44,884576230,"{""dropout"": 0.5, ""hidden_channels"": 16, ""learning_rate"": 0.01, ""momentum"": 0.0, ""weight_decay"": 0.0005}",clean,0.0,0.0,0,1.0,0.766,0.763,0.7573258886381607,0.0202969778329134,10.609574169007828,142,200,results/v2/metadata/environment.json
v2_cross_dataset,d92b453,2026-07-06T03:50:51.890221+00:00,PubMed,fixed,training_time,AdamW,44,1258080256,"{""dropout"": 0.5, ""hidden_channels"": 16, ""learning_rate"": 0.01, ""momentum"": 0.0, ""weight_decay"": 0.0005}",feature_masking,0.2,0.19999979757720152,197606,1.0,0.762,0.759,0.7578561978881262,0.03129030019044876,11.138146998971933,75,200,results/v2/metadata/environment.json
v2_cross_dataset,d92b453,2026-07-06T03:51:01.839620+00:00,PubMed,fixed,training_time,AdamW,44,217256260,"{""dropout"": 0.5, ""hidden_channels"": 16, ""learning_rate"": 0.01, ""momentum"": 0.0, ""weight_decay"": 0.0005}",edge_removal,0.2,0.19998195108744699,8864,1.0,0.76,0.765,0.7656992703948152,0.03249882534146309,9.594924881996121,103,200,results/v2/metadata/environment.json
v2_cross_dataset,d92b453,2026-07-06T03:51:13.630011+00:00,PubMed,fixed,training_time,AdamW,44,1177748573,"{""dropout"": 0.5, ""hidden_channels"": 16, ""learning_rate"": 0.01, ""momentum"": 0.0, ""weight_decay"": 0.0005}",fake_edge_addition,0.2,0.19998195108744699,8864,1.0,0.746,0.739,0.7362453874449191,0.03831996023654938,11.364828551013488,64,200,results/v2/metadata/environment.json
v2_cross_dataset,d92b453,2026-07-06T03:51:35.201653+00:00,PubMed,fixed,training_time,RMSProp,44,2026707460,"{""dropout"": 0.5, ""hidden_channels"": 16, ""learning_rate"": 0.01, ""momentum"": 0.0, ""weight_decay"": 0.0005}",clean,0.0,0.0,0,1.0,0.798,0.8,0.7956349242677634,0.18184001743793488,21.246670380991418,104,200,results/v2/metadata/environment.json
v2_cross_dataset,d92b453,2026-07-06T03:51:55.818698+00:00,PubMed,fixed,training_time,RMSProp,44,1465756476,"{""dropout"": 0.5, ""hidden_channels"": 16, ""learning_rate"": 0.01, ""momentum"": 0.0, ""weight_decay"": 0.0005}",feature_masking,0.2,0.19999979757720152,197606,1.0,0.798,0.794,0.7878866790749391,0.206966370344162,20.226656206010375,79,200,results/v2/metadata/environment.json
v2_cross_dataset,d92b453,2026-07-06T03:52:13.057046+00:00,PubMed,fixed,training_time,RMSProp,44,1385001735,"{""dropout"": 0.5, ""hidden_channels"": 16, ""learning_rate"": 0.01, ""momentum"": 0.0, ""weight_decay"": 0.0005}",edge_removal,0.2,0.19998195108744699,8864,1.0,0.79,0.777,0.7738315126497435,0.12874820828437805,16.794404318003217,75,200,results/v2/metadata/environment.json
v2_cross_dataset,d92b453,2026-07-06T03:52:36.613080+00:00,PubMed,fixed,training_time,RMSProp,44,731562920,"{""dropout"": 0.5, ""hidden_channels"": 16, ""learning_rate"": 0.01, ""momentum"": 0.0, ""weight_decay"": 0.0005}",fake_edge_addition,0.2,0.19998195108744699,8864,1.0,0.738,0.757,0.7485313179853237,0.15633517503738403,23.00771744499798,120,200,results/v2/metadata/environment.json
v2_cross_dataset,d92b453,2026-07-06T03:52:47.835938+00:00,PubMed,fixed,training_time,AdaGrad,44,253559195,"{""dropout"": 0.5, ""hidden_channels"": 16, ""learning_rate"": 0.01, ""momentum"": 0.0, ""weight_decay"": 0.0005}",clean,0.0,0.0,0,0.95,0.768,0.748,0.7469252969252969,0.6835558414459229,10.981583268003305,194,200,results/v2/metadata/environment.json
v2_cross_dataset,d92b453,2026-07-06T03:52:58.634608+00:00,PubMed,fixed,training_time,AdaGrad,44,1830055731,"{""dropout"": 0.5, ""hidden_channels"": 16, ""learning_rate"": 0.01, ""momentum"": 0.0, ""weight_decay"": 0.0005}",feature_masking,0.2,0.19999979757720152,197606,0.9666666666666667,0.742,0.721,0.7255277520337762,0.7285628914833069,10.468833126011305,181,200,results/v2/metadata/environment.json
v2_cross_dataset,d92b453,2026-07-06T03:53:11.098003+00:00,PubMed,fixed,training_time,AdaGrad,44,1265863555,"{""dropout"": 0.5, ""hidden_channels"": 16, ""learning_rate"": 0.01, ""momentum"": 0.0, ""weight_decay"": 0.0005}",edge_removal,0.2,0.19998195108744699,8864,0.9833333333333333,0.762,0.754,0.7510919956256125,0.6844198107719421,12.074186059995554,197,200,results/v2/metadata/environment.json
v2_cross_dataset,d92b453,2026-07-06T03:53:23.990587+00:00,PubMed,fixed,training_time,AdaGrad,44,321156399,"{""dropout"": 0.5, ""hidden_channels"": 16, ""learning_rate"": 0.01, ""momentum"": 0.0, ""weight_decay"": 0.0005}",fake_edge_addition,0.2,0.19998195108744699,8864,0.9666666666666667,0.704,0.693,0.6891244516032291,0.7657743692398071,12.446253141999478,179,200,results/v2/metadata/environment.json
v2_cross_dataset,d92b453,2026-07-06T03:53:34.395559+00:00,PubMed,fixed,training_time,SGD,44,51676938,"{""dropout"": 0.5, ""hidden_channels"": 16, ""learning_rate"": 0.01, ""momentum"": 0.0, ""weight_decay"": 0.0005}",clean,0.0,0.0,0,0.45,0.408,0.447,0.35950556762624175,1.0938371419906616,10.198065039003268,1,200,results/v2/metadata/environment.json
v2_cross_dataset,d92b453,2026-07-06T03:53:45.195223+00:00,PubMed,fixed,training_time,SGD,44,1115219054,"{""dropout"": 0.5, ""hidden_channels"": 16, ""learning_rate"": 0.01, ""momentum"": 0.0, ""weight_decay"": 0.0005}",feature_masking,0.2,0.19999979757720152,197606,0.36666666666666664,0.374,0.402,0.26630285010973953,1.0965312719345093,10.512104458990507,1,200,results/v2/metadata/environment.json
v2_cross_dataset,d92b453,2026-07-06T03:53:56.562564+00:00,PubMed,fixed,training_time,SGD,44,1273933913,"{""dropout"": 0.5, ""hidden_channels"": 16, ""learning_rate"": 0.01, ""momentum"": 0.0, ""weight_decay"": 0.0005}",edge_removal,0.2,0.19998195108744699,8864,0.45,0.24,0.251,0.22970678843284587,1.0965969562530518,10.936829421989387,1,200,results/v2/metadata/environment.json
v2_cross_dataset,d92b453,2026-07-06T03:54:08.774992+00:00,PubMed,fixed,training_time,SGD,44,1294801406,"{""dropout"": 0.5, ""hidden_channels"": 16, ""learning_rate"": 0.01, ""momentum"": 0.0, ""weight_decay"": 0.0005}",fake_edge_addition,0.2,0.19998195108744699,8864,0.4,0.264,0.254,0.22166186710153857,1.097441554069519,11.793751482997322,48,200,results/v2/metadata/environment.json
v2_cross_dataset,d92b453,2026-07-06T03:54:18.818519+00:00,PubMed,fixed,training_time,Adam,45,1103452747,"{""dropout"": 0.5, ""hidden_channels"": 16, ""learning_rate"": 0.01, ""momentum"": 0.0, ""weight_decay"": 0.0005}",clean,0.0,0.0,0,1.0,0.794,0.782,0.7794919932823756,0.15307468175888062,9.838407767994795,126,200,results/v2/metadata/environment.json
v2_cross_dataset,d92b453,2026-07-06T03:54:29.468551+00:00,PubMed,fixed,training_time,Adam,45,255790649,"{""dropout"": 0.5, ""hidden_channels"": 16, ""learning_rate"": 0.01, ""momentum"": 0.0, ""weight_decay"": 0.0005}",feature_masking,0.2,0.19999979757720152,197606,1.0,0.794,0.791,0.7870794998545335,0.22161240875720978,10.38690619400586,83,200,results/v2/metadata/environment.json
v2_cross_dataset,d92b453,2026-07-06T03:54:42.153259+00:00,PubMed,fixed,training_time,Adam,45,167685053,"{""dropout"": 0.5, ""hidden_channels"": 16, ""learning_rate"": 0.01, ""momentum"": 0.0, ""weight_decay"": 0.0005}",edge_removal,0.2,0.19998195108744699,8864,1.0,0.786,0.787,0.7831148324418317,0.19276390969753265,12.263682036980754,93,200,results/v2/metadata/environment.json
v2_cross_dataset,d92b453,2026-07-06T03:54:54.059117+00:00,PubMed,fixed,training_time,Adam,45,347914264,"{""dropout"": 0.5, ""hidden_channels"": 16, ""learning_rate"": 0.01, ""momentum"": 0.0, ""weight_decay"": 0.0005}",fake_edge_addition,0.2,0.19998195108744699,8864,1.0,0.754,0.749,0.7400401379832449,0.1783064305782318,11.474416679993737,137,200,results/v2/metadata/environment.json
v2_cross_dataset,d92b453,2026-07-06T03:55:05.174079+00:00,PubMed,fixed,training_time,AdamW,45,587332290,"{""dropout"": 0.5, ""hidden_channels"": 16, ""learning_rate"": 0.01, ""momentum"": 0.0, ""weight_decay"": 0.0005}",clean,0.0,0.0,0,1.0,0.77,0.768,0.7649596474512222,0.028961973264813423,10.913680659024976,78,200,results/v2/metadata/environment.json
v2_cross_dataset,d92b453,2026-07-06T03:55:16.600122+00:00,PubMed,fixed,training_time,AdamW,45,1192357276,"{""dropout"": 0.5, ""hidden_channels"": 16, ""learning_rate"": 0.01, ""momentum"": 0.0, ""weight_decay"": 0.0005}",feature_masking,0.2,0.19999979757720152,197606,1.0,0.752,0.755,0.7527844566136389,0.039404090493917465,11.152977888006717,154,200,results/v2/metadata/environment.json
v2_cross_dataset,d92b453,2026-07-06T03:55:26.269251+00:00,PubMed,fixed,training_time,AdamW,45,2079374352,"{""dropout"": 0.5, ""hidden_channels"": 16, ""learning_rate"": 0.01, ""momentum"": 0.0, ""weight_decay"": 0.0005}",edge_removal,0.2,0.19998195108744699,8864,1.0,0.754,0.751,0.7471125574717195,0.018813880160450935,9.281517080002232,75,200,results/v2/metadata/environment.json
v2_cross_dataset,d92b453,2026-07-06T03:55:38.418120+00:00,PubMed,fixed,training_time,AdamW,45,2952973,"{""dropout"": 0.5, ""hidden_channels"": 16, ""learning_rate"": 0.01, ""momentum"": 0.0, ""weight_decay"": 0.0005}",fake_edge_addition,0.2,0.19998195108744699,8864,1.0,0.728,0.703,0.7015374952908129,0.032231200486421585,11.736431635014014,97,200,results/v2/metadata/environment.json
v2_cross_dataset,d92b453,2026-07-06T03:56:00.172057+00:00,PubMed,fixed,training_time,RMSProp,45,949878355,"{""dropout"": 0.5, ""hidden_channels"": 16, ""learning_rate"": 0.01, ""momentum"": 0.0, ""weight_decay"": 0.0005}",clean,0.0,0.0,0,1.0,0.784,0.785,0.7816584292438385,0.16081565618515015,21.425135845987825,53,200,results/v2/metadata/environment.json
v2_cross_dataset,d92b453,2026-07-06T03:56:23.022130+00:00,PubMed,fixed,training_time,RMSProp,45,1862607933,"{""dropout"": 0.5, ""hidden_channels"": 16, ""learning_rate"": 0.01, ""momentum"": 0.0, ""weight_decay"": 0.0005}",feature_masking,0.2,0.19999979757720152,197606,1.0,0.786,0.775,0.7728759730740643,0.23462900519371033,22.491194242989877,158,200,results/v2/metadata/environment.json
v2_cross_dataset,d92b453,2026-07-06T03:56:44.222724+00:00,PubMed,fixed,training_time,RMSProp,45,210006079,"{""dropout"": 0.5, ""hidden_channels"": 16, ""learning_rate"": 0.01, ""momentum"": 0.0, ""weight_decay"": 0.0005}",edge_removal,0.2,0.19998195108744699,8864,1.0,0.77,0.765,0.758836656351333,0.22206851840019226,20.722176926006796,44,200,results/v2/metadata/environment.json
v2_cross_dataset,d92b453,2026-07-06T03:57:11.015792+00:00,PubMed,fixed,training_time,RMSProp,45,121839659,"{""dropout"": 0.5, ""hidden_channels"": 16, ""learning_rate"": 0.01, ""momentum"": 0.0, ""weight_decay"": 0.0005}",fake_edge_addition,0.2,0.19998195108744699,8864,0.9833333333333333,0.76,0.733,0.733594487088573,0.19442765414714813,26.241810412000632,92,200,results/v2/metadata/environment.json
v2_cross_dataset,d92b453,2026-07-06T03:57:21.832329+00:00,PubMed,fixed,training_time,AdaGrad,45,1563883678,"{""dropout"": 0.5, ""hidden_channels"": 16, ""learning_rate"": 0.01, ""momentum"": 0.0, ""weight_decay"": 0.0005}",clean,0.0,0.0,0,0.95,0.766,0.757,0.7552027835842577,0.682914674282074,10.61412160701002,158,200,results/v2/metadata/environment.json
v2_cross_dataset,d92b453,2026-07-06T03:57:33.265625+00:00,PubMed,fixed,training_time,AdaGrad,45,92062544,"{""dropout"": 0.5, ""hidden_channels"": 16, ""learning_rate"": 0.01, ""momentum"": 0.0, ""weight_decay"": 0.0005}",feature_masking,0.2,0.19999979757720152,197606,0.95,0.748,0.731,0.734216323402277,0.7473245859146118,11.144157050002832,197,200,results/v2/metadata/environment.json
v2_cross_dataset,d92b453,2026-07-06T03:57:43.393197+00:00,PubMed,fixed,training_time,AdaGrad,45,1083806584,"{""dropout"": 0.5, ""hidden_channels"": 16, ""learning_rate"": 0.01, ""momentum"": 0.0, ""weight_decay"": 0.0005}",edge_removal,0.2,0.19998195108744699,8864,0.95,0.766,0.767,0.7625777108269115,0.6849305629730225,9.739002935006283,113,200,results/v2/metadata/environment.json
v2_cross_dataset,d92b453,2026-07-06T03:57:55.189279+00:00,PubMed,fixed,training_time,AdaGrad,45,598235175,"{""dropout"": 0.5, ""hidden_channels"": 16, ""learning_rate"": 0.01, ""momentum"": 0.0, ""weight_decay"": 0.0005}",fake_edge_addition,0.2,0.19998195108744699,8864,0.9666666666666667,0.736,0.726,0.7263367861194694,0.7611448764801025,11.342456436017528,195,200,results/v2/metadata/environment.json
v2_cross_dataset,d92b453,2026-07-06T03:58:06.573434+00:00,PubMed,fixed,training_time,SGD,45,1044032336,"{""dropout"": 0.5, ""hidden_channels"": 16, ""learning_rate"": 0.01, ""momentum"": 0.0, ""weight_decay"": 0.0005}",clean,0.0,0.0,0,0.3333333333333333,0.214,0.198,0.13480088882268434,1.0941139459609985,11.165814205014613,1,200,results/v2/metadata/environment.json
v2_cross_dataset,d92b453,2026-07-06T03:58:16.877714+00:00,PubMed,fixed,training_time,SGD,45,1940043819,"{""dropout"": 0.5, ""hidden_channels"": 16, ""learning_rate"": 0.01, ""momentum"": 0.0, ""weight_decay"": 0.0005}",feature_masking,0.2,0.19999979757720152,197606,0.36666666666666664,0.268,0.28,0.25559582182168045,1.0941017866134644,10.047083842015127,1,200,results/v2/metadata/environment.json
v2_cross_dataset,d92b453,2026-07-06T03:58:26.642683+00:00,PubMed,fixed,training_time,SGD,45,1089060619,"{""dropout"": 0.5, ""hidden_channels"": 16, ""learning_rate"": 0.01, ""momentum"": 0.0, ""weight_decay"": 0.0005}",edge_removal,0.2,0.19998195108744699,8864,0.5166666666666667,0.368,0.397,0.3614606325007781,1.0952972173690796,9.397644668002613,60,200,results/v2/metadata/environment.json
v2_cross_dataset,d92b453,2026-07-06T03:58:40.856570+00:00,PubMed,fixed,training_time,SGD,45,1625060797,"{""dropout"": 0.5, ""hidden_channels"": 16, ""learning_rate"": 0.01, ""momentum"": 0.0, ""weight_decay"": 0.0005}",fake_edge_addition,0.2,0.19998195108744699,8864,0.55,0.402,0.36,0.3400350849968415,1.0977541208267212,13.711580229981337,199,200,results/v2/metadata/environment.json
v2_cross_dataset,d92b453,2026-07-06T03:58:51.913604+00:00,PubMed,fixed,training_time,Adam,46,1530704160,"{""dropout"": 0.5, ""hidden_channels"": 16, ""learning_rate"": 0.01, ""momentum"": 0.0, ""weight_decay"": 0.0005}",clean,0.0,0.0,0,1.0,0.796,0.788,0.7838856042993126,0.16178663074970245,10.849152245005826,122,200,results/v2/metadata/environment.json
v2_cross_dataset,d92b453,2026-07-06T03:59:02.630749+00:00,PubMed,fixed,training_time,Adam,46,866537399,"{""dropout"": 0.5, ""hidden_channels"": 16, ""learning_rate"": 0.01, ""momentum"": 0.0, ""weight_decay"": 0.0005}",feature_masking,0.2,0.19999979757720152,197606,1.0,0.79,0.777,0.7723836992498895,0.1588769555091858,10.449917465011822,114,200,results/v2/metadata/environment.json
v2_cross_dataset,d92b453,2026-07-06T03:59:12.284049+00:00,PubMed,fixed,training_time,Adam,46,668727009,"{""dropout"": 0.5, ""hidden_channels"": 16, ""learning_rate"": 0.01, ""momentum"": 0.0, ""weight_decay"": 0.0005}",edge_removal,0.2,0.19998195108744699,8864,1.0,0.796,0.773,0.7733864788553119,0.15625125169754028,9.293436940992251,172,200,results/v2/metadata/environment.json
v2_cross_dataset,d92b453,2026-07-06T03:59:24.869063+00:00,PubMed,fixed,training_time,Adam,46,67492931,"{""dropout"": 0.5, ""hidden_channels"": 16, ""learning_rate"": 0.01, ""momentum"": 0.0, ""weight_decay"": 0.0005}",fake_edge_addition,0.2,0.19998195108744699,8864,1.0,0.754,0.753,0.7505173515215429,0.1729266494512558,12.126353272004053,88,200,results/v2/metadata/environment.json
v2_cross_dataset,d92b453,2026-07-06T03:59:35.035181+00:00,PubMed,fixed,training_time,AdamW,46,1110912503,"{""dropout"": 0.5, ""hidden_channels"": 16, ""learning_rate"": 0.01, ""momentum"": 0.0, ""weight_decay"": 0.0005}",clean,0.0,0.0,0,1.0,0.772,0.761,0.7566293407253205,0.032200295478105545,9.956821942003444,54,200,results/v2/metadata/environment.json
v2_cross_dataset,d92b453,2026-07-06T03:59:45.351492+00:00,PubMed,fixed,training_time,AdamW,46,39368952,"{""dropout"": 0.5, ""hidden_channels"": 16, ""learning_rate"": 0.01, ""momentum"": 0.0, ""weight_decay"": 0.0005}",feature_masking,0.2,0.19999979757720152,197606,1.0,0.784,0.764,0.7586065832354901,0.08826110512018204,10.038903168984689,78,200,results/v2/metadata/environment.json
v2_cross_dataset,d92b453,2026-07-06T03:59:55.746277+00:00,PubMed,fixed,training_time,AdamW,46,698881368,"{""dropout"": 0.5, ""hidden_channels"": 16, ""learning_rate"": 0.01, ""momentum"": 0.0, ""weight_decay"": 0.0005}",edge_removal,0.2,0.19998195108744699,8864,1.0,0.732,0.734,0.7316171319622388,0.08364982157945633,10.014687599003082,88,200,results/v2/metadata/environment.json
v2_cross_dataset,d92b453,2026-07-06T04:00:09.710987+00:00,PubMed,fixed,training_time,AdamW,46,989707051,"{""dropout"": 0.5, ""hidden_channels"": 16, ""learning_rate"": 0.01, ""momentum"": 0.0, ""weight_decay"": 0.0005}",fake_edge_addition,0.2,0.19998195108744699,8864,1.0,0.726,0.731,0.7254622409605757,0.051717206835746765,13.444003882992547,75,200,results/v2/metadata/environment.json
v2_cross_dataset,d92b453,2026-07-06T04:00:32.163236+00:00,PubMed,fixed,training_time,RMSProp,46,1176388074,"{""dropout"": 0.5, ""hidden_channels"": 16, ""learning_rate"": 0.01, ""momentum"": 0.0, ""weight_decay"": 0.0005}",clean,0.0,0.0,0,1.0,0.788,0.782,0.7769868218934434,0.16901350021362305,22.08641147101298,126,200,results/v2/metadata/environment.json
v2_cross_dataset,d92b453,2026-07-06T04:00:51.614126+00:00,PubMed,fixed,training_time,RMSProp,46,1705820638,"{""dropout"": 0.5, ""hidden_channels"": 16, ""learning_rate"": 0.01, ""momentum"": 0.0, ""weight_decay"": 0.0005}",feature_masking,0.2,0.19999979757720152,197606,1.0,0.788,0.786,0.7812472967125492,0.1570148915052414,19.098840991006,73,200,results/v2/metadata/environment.json
v2_cross_dataset,d92b453,2026-07-06T04:01:12.133386+00:00,PubMed,fixed,training_time,RMSProp,46,656194812,"{""dropout"": 0.5, ""hidden_channels"": 16, ""learning_rate"": 0.01, ""momentum"": 0.0, ""weight_decay"": 0.0005}",edge_removal,0.2,0.19998195108744699,8864,1.0,0.778,0.777,0.7749275913869885,0.10087026655673981,20.04943416302558,47,200,results/v2/metadata/environment.json
v2_cross_dataset,d92b453,2026-07-06T04:01:33.885043+00:00,PubMed,fixed,training_time,RMSProp,46,88307921,"{""dropout"": 0.5, ""hidden_channels"": 16, ""learning_rate"": 0.01, ""momentum"": 0.0, ""weight_decay"": 0.0005}",fake_edge_addition,0.2,0.19998195108744699,8864,1.0,0.764,0.74,0.7293337836021715,0.14525103569030762,21.225643583020428,45,200,results/v2/metadata/environment.json
v2_cross_dataset,d92b453,2026-07-06T04:01:49.457399+00:00,PubMed,fixed,training_time,AdaGrad,46,1356932019,"{""dropout"": 0.5, ""hidden_channels"": 16, ""learning_rate"": 0.01, ""momentum"": 0.0, ""weight_decay"": 0.0005}",clean,0.0,0.0,0,0.9666666666666667,0.76,0.736,0.7371538124452236,0.6468807458877563,15.34069960899069,181,200,results/v2/metadata/environment.json
v2_cross_dataset,d92b453,2026-07-06T04:02:03.562021+00:00,PubMed,fixed,training_time,AdaGrad,46,396124337,"{""dropout"": 0.5, ""hidden_channels"": 16, ""learning_rate"": 0.01, ""momentum"": 0.0, ""weight_decay"": 0.0005}",feature_masking,0.2,0.19999979757720152,197606,0.9666666666666667,0.75,0.741,0.7378009809325943,0.7557538747787476,13.752864113019314,190,200,results/v2/metadata/environment.json
v2_cross_dataset,d92b453,2026-07-06T04:02:13.704796+00:00,PubMed,fixed,training_time,AdaGrad,46,37761707,"{""dropout"": 0.5, ""hidden_channels"": 16, ""learning_rate"": 0.01, ""momentum"": 0.0, ""weight_decay"": 0.0005}",edge_removal,0.2,0.19998195108744699,8864,0.95,0.752,0.749,0.7481880062146885,0.6764857769012451,9.754975372023182,148,200,results/v2/metadata/environment.json
v2_cross_dataset,d92b453,2026-07-06T04:02:27.058963+00:00,PubMed,fixed,training_time,AdaGrad,46,1805853650,"{""dropout"": 0.5, ""hidden_channels"": 16, ""learning_rate"": 0.01, ""momentum"": 0.0, ""weight_decay"": 0.0005}",fake_edge_addition,0.2,0.19998195108744699,8864,0.9166666666666666,0.734,0.703,0.7029730484335999,0.7895213961601257,12.909456552995834,178,200,results/v2/metadata/environment.json
v2_cross_dataset,d92b453,2026-07-06T04:02:38.101890+00:00,PubMed,fixed,training_time,SGD,46,1903970172,"{""dropout"": 0.5, ""hidden_channels"": 16, ""learning_rate"": 0.01, ""momentum"": 0.0, ""weight_decay"": 0.0005}",clean,0.0,0.0,0,0.4166666666666667,0.256,0.232,0.18741349063995993,1.095590591430664,10.845951024995884,1,200,results/v2/metadata/environment.json
v2_cross_dataset,d92b453,2026-07-06T04:02:48.730040+00:00,PubMed,fixed,training_time,SGD,46,641509526,"{""dropout"": 0.5, ""hidden_channels"": 16, ""learning_rate"": 0.01, ""momentum"": 0.0, ""weight_decay"": 0.0005}",feature_masking,0.2,0.19999979757720152,197606,0.45,0.288,0.291,0.2576188398048849,1.0972453355789185,10.341367753979284,2,200,results/v2/metadata/environment.json
v2_cross_dataset,d92b453,2026-07-06T04:03:00.328377+00:00,PubMed,fixed,training_time,SGD,46,913604175,"{""dropout"": 0.5, ""hidden_channels"": 16, ""learning_rate"": 0.01, ""momentum"": 0.0, ""weight_decay"": 0.0005}",edge_removal,0.2,0.19998195108744699,8864,0.43333333333333335,0.282,0.264,0.22351999954762916,1.0976914167404175,11.127639450016432,50,200,results/v2/metadata/environment.json
v2_cross_dataset,d92b453,2026-07-06T04:03:14.915630+00:00,PubMed,fixed,training_time,SGD,46,1290741125,"{""dropout"": 0.5, ""hidden_channels"": 16, ""learning_rate"": 0.01, ""momentum"": 0.0, ""weight_decay"": 0.0005}",fake_edge_addition,0.2,0.19998195108744699,8864,0.4166666666666667,0.322,0.348,0.3150231629711888,1.097710132598877,14.115780099004041,149,200,results/v2/metadata/environment.json
