experiment_id,git_commit,timestamp,dataset,protocol,robustness_setting,optimizer,seed,resolved_seed,hyperparameter_config,perturbation_type,requested_severity,actual_perturbation_rate,actual_perturbation_count,train_accuracy,validation_accuracy,test_accuracy,macro_f1,loss,training_time_seconds,best_validation_epoch,final_epoch,hardware_metadata_path
v2_fixed_cora_full_epoch_history,75b6113,2026-07-07T17:30:13.774106+00:00,Cora,fixed,training_time,Adam,42,806481020,"{""dropout"": 0.5, ""hidden_channels"": 16, ""learning_rate"": 0.01, ""momentum"": 0.0, ""weight_decay"": 0.0005}",clean,0.0,0.0,0,1.0,0.784,0.816,0.8065262669157643,0.2975058555603027,4.16282594401855,156,200,results/v2/proof/environment.json
v2_fixed_cora_full_epoch_history,75b6113,2026-07-07T17:30:49.442794+00:00,Cora,fixed,training_time,Adam,42,1227174340,"{""dropout"": 0.5, ""hidden_channels"": 16, ""learning_rate"": 0.01, ""momentum"": 0.0, ""weight_decay"": 0.0005}",edge_removal,0.05,0.0498294808639636,263,1.0,0.8,0.808,0.7932584932534519,0.3044784963130951,30.28738330799388,89,200,results/v2/proof/environment.json
v2_fixed_cora_full_epoch_history,75b6113,2026-07-07T17:31:19.926629+00:00,Cora,fixed,training_time,Adam,42,810283225,"{""dropout"": 0.5, ""hidden_channels"": 16, ""learning_rate"": 0.01, ""momentum"": 0.0, ""weight_decay"": 0.0005}",edge_removal,0.1,0.0998484274346343,527,1.0,0.794,0.803,0.7890839096374348,0.3285768628120422,5.010630926000886,83,200,results/v2/proof/environment.json
v2_fixed_cora_full_epoch_history,75b6113,2026-07-07T17:31:25.105042+00:00,Cora,fixed,training_time,Adam,42,1478583040,"{""dropout"": 0.5, ""hidden_channels"": 16, ""learning_rate"": 0.01, ""momentum"": 0.0, ""weight_decay"": 0.0005}",edge_removal,0.2,0.1998863205759757,1055,1.0,0.77,0.792,0.781195231763226,0.3081496655941009,5.153652212000452,151,200,results/v2/proof/environment.json
v2_fixed_cora_full_epoch_history,75b6113,2026-07-07T17:31:30.418541+00:00,Cora,fixed,training_time,Adam,42,1989804935,"{""dropout"": 0.5, ""hidden_channels"": 16, ""learning_rate"": 0.01, ""momentum"": 0.0, ""weight_decay"": 0.0005}",edge_removal,0.3,0.2999242137173171,1583,1.0,0.752,0.778,0.7686960778038073,0.3589999973773956,4.415721099998336,106,200,results/v2/proof/environment.json
v2_fixed_cora_full_epoch_history,75b6113,2026-07-07T17:31:34.977407+00:00,Cora,fixed,training_time,Adam,42,482751823,"{""dropout"": 0.5, ""hidden_channels"": 16, ""learning_rate"": 0.01, ""momentum"": 0.0, ""weight_decay"": 0.0005}",fake_edge_addition,0.05,0.0498294808639636,263,1.0,0.79,0.806,0.8009422747025386,0.3393031358718872,4.601149334979709,190,200,results/v2/proof/environment.json
v2_fixed_cora_full_epoch_history,75b6113,2026-07-07T17:31:39.749113+00:00,Cora,fixed,training_time,Adam,42,1112822429,"{""dropout"": 0.5, ""hidden_channels"": 16, ""learning_rate"": 0.01, ""momentum"": 0.0, ""weight_decay"": 0.0005}",fake_edge_addition,0.1,0.0998484274346343,527,0.9928571428571428,0.768,0.779,0.7732062897875674,0.3729399144649505,4.705933902005199,48,200,results/v2/proof/environment.json
v2_fixed_cora_full_epoch_history,75b6113,2026-07-07T17:31:44.613009+00:00,Cora,fixed,training_time,Adam,42,1991168608,"{""dropout"": 0.5, ""hidden_channels"": 16, ""learning_rate"": 0.01, ""momentum"": 0.0, ""weight_decay"": 0.0005}",fake_edge_addition,0.2,0.1998863205759757,1055,1.0,0.752,0.785,0.7724924914661434,0.3749367594718933,5.007290626002941,183,200,results/v2/proof/environment.json
v2_fixed_cora_full_epoch_history,75b6113,2026-07-07T17:31:49.793850+00:00,Cora,fixed,training_time,Adam,42,1344648716,"{""dropout"": 0.5, ""hidden_channels"": 16, ""learning_rate"": 0.01, ""momentum"": 0.0, ""weight_decay"": 0.0005}",fake_edge_addition,0.3,0.2999242137173171,1583,1.0,0.74,0.77,0.7573488554270466,0.4829628467559814,5.160128412011545,196,200,results/v2/proof/environment.json
v2_fixed_cora_full_epoch_history,75b6113,2026-07-07T17:30:18.050372+00:00,Cora,fixed,training_time,Adam,42,1739323513,"{""dropout"": 0.5, ""hidden_channels"": 16, ""learning_rate"": 0.01, ""momentum"": 0.0, ""weight_decay"": 0.0005}",feature_masking,0.05,0.049983745123537,2460,1.0,0.78,0.81,0.7985005140459087,0.2886183857917785,5.073535298986826,140,200,results/v2/proof/environment.json
v2_fixed_cora_full_epoch_history,75b6113,2026-07-07T17:30:23.257057+00:00,Cora,fixed,training_time,Adam,42,2039811484,"{""dropout"": 0.5, ""hidden_channels"": 16, ""learning_rate"": 0.01, ""momentum"": 0.0, ""weight_decay"": 0.0005}",feature_masking,0.1,0.0999878088426527,4921,1.0,0.796,0.8,0.7868265413162819,0.3202036321163177,5.699580809014151,116,200,results/v2/proof/environment.json
v2_fixed_cora_full_epoch_history,75b6113,2026-07-07T17:30:29.097843+00:00,Cora,fixed,training_time,Adam,42,2066187363,"{""dropout"": 0.5, ""hidden_channels"": 16, ""learning_rate"": 0.01, ""momentum"": 0.0, ""weight_decay"": 0.0005}",feature_masking,0.2,0.1999959362808842,9843,0.9928571428571428,0.776,0.8,0.7885799820721228,0.3548184931278229,5.191607587010367,170,200,results/v2/proof/environment.json
v2_fixed_cora_full_epoch_history,75b6113,2026-07-07T17:30:34.437868+00:00,Cora,fixed,training_time,Adam,42,2059135637,"{""dropout"": 0.5, ""hidden_channels"": 16, ""learning_rate"": 0.01, ""momentum"": 0.0, ""weight_decay"": 0.0005}",feature_masking,0.3,0.299983745123537,14764,1.0,0.764,0.778,0.7647322451559739,0.4092838764190674,14.60839992199908,96,200,results/v2/proof/environment.json
v2_fixed_cora_full_epoch_history,75b6113,2026-07-07T17:31:55.082815+00:00,Cora,fixed,training_time,Adam,43,311641356,"{""dropout"": 0.5, ""hidden_channels"": 16, ""learning_rate"": 0.01, ""momentum"": 0.0, ""weight_decay"": 0.0005}",clean,0.0,0.0,0,1.0,0.798,0.813,0.8008294455462762,0.3153882026672363,4.946949151984882,128,200,results/v2/proof/environment.json
v2_fixed_cora_full_epoch_history,75b6113,2026-07-07T17:32:19.014286+00:00,Cora,fixed,training_time,Adam,43,254268866,"{""dropout"": 0.5, ""hidden_channels"": 16, ""learning_rate"": 0.01, ""momentum"": 0.0, ""weight_decay"": 0.0005}",edge_removal,0.05,0.0498294808639636,263,0.9928571428571428,0.796,0.806,0.7974402720009656,0.2957605123519897,4.606960145989433,171,200,results/v2/proof/environment.json
v2_fixed_cora_full_epoch_history,75b6113,2026-07-07T17:32:23.771544+00:00,Cora,fixed,training_time,Adam,43,1694771389,"{""dropout"": 0.5, ""hidden_channels"": 16, ""learning_rate"": 0.01, ""momentum"": 0.0, ""weight_decay"": 0.0005}",edge_removal,0.1,0.0998484274346343,527,1.0,0.798,0.814,0.8040637123655957,0.3085823357105255,4.6310504309949465,90,200,results/v2/proof/environment.json
v2_fixed_cora_full_epoch_history,75b6113,2026-07-07T17:32:28.570013+00:00,Cora,fixed,training_time,Adam,43,38334943,"{""dropout"": 0.5, ""hidden_channels"": 16, ""learning_rate"": 0.01, ""momentum"": 0.0, ""weight_decay"": 0.0005}",edge_removal,0.2,0.1998863205759757,1055,1.0,0.794,0.802,0.7898744138809795,0.2938783168792724,4.6137136289908085,157,200,results/v2/proof/environment.json
v2_fixed_cora_full_epoch_history,75b6113,2026-07-07T17:32:33.333617+00:00,Cora,fixed,training_time,Adam,43,1941196551,"{""dropout"": 0.5, ""hidden_channels"": 16, ""learning_rate"": 0.01, ""momentum"": 0.0, ""weight_decay"": 0.0005}",edge_removal,0.3,0.2999242137173171,1583,1.0,0.77,0.782,0.7762222292656299,0.3390125334262848,4.442553179018432,85,200,results/v2/proof/environment.json
v2_fixed_cora_full_epoch_history,75b6113,2026-07-07T17:32:37.940542+00:00,Cora,fixed,training_time,Adam,43,500927869,"{""dropout"": 0.5, ""hidden_channels"": 16, ""learning_rate"": 0.01, ""momentum"": 0.0, ""weight_decay"": 0.0005}",fake_edge_addition,0.05,0.0498294808639636,263,1.0,0.79,0.794,0.7852647028354319,0.3374212682247162,4.983648951980285,198,200,results/v2/proof/environment.json
v2_fixed_cora_full_epoch_history,75b6113,2026-07-07T17:32:43.099823+00:00,Cora,fixed,training_time,Adam,43,1549330146,"{""dropout"": 0.5, ""hidden_channels"": 16, ""learning_rate"": 0.01, ""momentum"": 0.0, ""weight_decay"": 0.0005}",fake_edge_addition,0.1,0.0998484274346343,527,0.9928571428571428,0.774,0.8,0.7880657926558345,0.3750037252902984,140.76952747700852,187,200,results/v2/proof/environment.json
v2_fixed_cora_full_epoch_history,75b6113,2026-07-07T17:47:11.427285+00:00,Cora,fixed,training_time,Adam,43,1092532761,"{""dropout"": 0.5, ""hidden_channels"": 16, ""learning_rate"": 0.01, ""momentum"": 0.0, ""weight_decay"": 0.0005}",fake_edge_addition,0.2,0.1998863205759757,1055,1.0,0.764,0.786,0.7787201313860725,0.4571038782596588,47.985237394983415,125,200,results/v2/proof/environment.json
v2_fixed_cora_full_epoch_history,75b6113,2026-07-07T17:48:00.749982+00:00,Cora,fixed,training_time,Adam,43,604427012,"{""dropout"": 0.5, ""hidden_channels"": 16, ""learning_rate"": 0.01, ""momentum"": 0.0, ""weight_decay"": 0.0005}",fake_edge_addition,0.3,0.2999242137173171,1583,1.0,0.754,0.761,0.7565414181663174,0.4020771980285644,26.27615217299899,89,200,results/v2/proof/environment.json
v2_fixed_cora_full_epoch_history,75b6113,2026-07-07T17:32:00.186767+00:00,Cora,fixed,training_time,Adam,43,686228233,"{""dropout"": 0.5, ""hidden_channels"": 16, ""learning_rate"": 0.01, ""momentum"": 0.0, ""weight_decay"": 0.0005}",feature_masking,0.05,0.049983745123537,2460,1.0,0.796,0.792,0.7779676064674365,0.3658168017864227,4.530701563024195,137,200,results/v2/proof/environment.json
v2_fixed_cora_full_epoch_history,75b6113,2026-07-07T17:32:04.877645+00:00,Cora,fixed,training_time,Adam,43,1401086052,"{""dropout"": 0.5, ""hidden_channels"": 16, ""learning_rate"": 0.01, ""momentum"": 0.0, ""weight_decay"": 0.0005}",feature_masking,0.1,0.0999878088426527,4921,0.9928571428571428,0.786,0.801,0.7933008701533796,0.3914748430252075,4.58058892400004,196,200,results/v2/proof/environment.json
v2_fixed_cora_full_epoch_history,75b6113,2026-07-07T17:32:09.612025+00:00,Cora,fixed,training_time,Adam,43,864641404,"{""dropout"": 0.5, ""hidden_channels"": 16, ""learning_rate"": 0.01, ""momentum"": 0.0, ""weight_decay"": 0.0005}",feature_masking,0.2,0.1999959362808842,9843,0.9928571428571428,0.78,0.806,0.7948019396538396,0.4055536985397339,4.574639027006924,144,200,results/v2/proof/environment.json
v2_fixed_cora_full_epoch_history,75b6113,2026-07-07T17:32:14.332713+00:00,Cora,fixed,training_time,Adam,43,751291752,"{""dropout"": 0.5, ""hidden_channels"": 16, ""learning_rate"": 0.01, ""momentum"": 0.0, ""weight_decay"": 0.0005}",feature_masking,0.3,0.299983745123537,14764,0.9928571428571428,0.78,0.789,0.7767565361204744,0.4433724582195282,4.518031823972706,188,200,results/v2/proof/environment.json
v2_fixed_cora_full_epoch_history,75b6113,2026-07-07T17:48:27.407355+00:00,Cora,fixed,training_time,Adam,44,2070612509,"{""dropout"": 0.5, ""hidden_channels"": 16, ""learning_rate"": 0.01, ""momentum"": 0.0, ""weight_decay"": 0.0005}",clean,0.0,0.0,0,1.0,0.792,0.813,0.7991254676028358,0.3241431415081024,15.802594111009968,108,200,results/v2/proof/environment.json
v2_fixed_cora_full_epoch_history,75b6113,2026-07-07T17:49:36.845479+00:00,Cora,fixed,training_time,Adam,44,1350727412,"{""dropout"": 0.5, ""hidden_channels"": 16, ""learning_rate"": 0.01, ""momentum"": 0.0, ""weight_decay"": 0.0005}",edge_removal,0.05,0.0498294808639636,263,0.9928571428571428,0.78,0.817,0.809080980683676,0.3134923577308655,14.02899045898812,197,200,results/v2/proof/environment.json
v2_fixed_cora_full_epoch_history,75b6113,2026-07-07T17:49:51.542538+00:00,Cora,fixed,training_time,Adam,44,944078277,"{""dropout"": 0.5, ""hidden_channels"": 16, ""learning_rate"": 0.01, ""momentum"": 0.0, ""weight_decay"": 0.0005}",edge_removal,0.1,0.0998484274346343,527,1.0,0.774,0.798,0.7925638388809981,0.301470398902893,11.84957425898756,141,200,results/v2/proof/environment.json
v2_fixed_cora_full_epoch_history,75b6113,2026-07-07T17:50:03.646118+00:00,Cora,fixed,training_time,Adam,44,1582984846,"{""dropout"": 0.5, ""hidden_channels"": 16, ""learning_rate"": 0.01, ""momentum"": 0.0, ""weight_decay"": 0.0005}",edge_removal,0.2,0.1998863205759757,1055,1.0,0.752,0.772,0.7606837081692642,0.3223408460617065,11.119191016012335,145,200,results/v2/proof/environment.json
v2_fixed_cora_full_epoch_history,75b6113,2026-07-07T17:52:15.949418+00:00,Cora,fixed,training_time,Adam,44,1820502285,"{""dropout"": 0.5, ""hidden_channels"": 16, ""learning_rate"": 0.01, ""momentum"": 0.0, ""weight_decay"": 0.0005}",edge_removal,0.3,0.2999242137173171,1583,1.0,0.766,0.781,0.7686722254407066,0.3325895071029663,33.94404718099395,111,200,results/v2/proof_shards/Adam/environment.json
v2_fixed_cora_full_epoch_history,75b6113,2026-07-07T17:52:50.807282+00:00,Cora,fixed,training_time,Adam,44,522495214,"{""dropout"": 0.5, ""hidden_channels"": 16, ""learning_rate"": 0.01, ""momentum"": 0.0, ""weight_decay"": 0.0005}",fake_edge_addition,0.05,0.0498294808639636,263,0.9928571428571428,0.786,0.796,0.785579401292288,0.391047328710556,37.707790127024055,88,200,results/v2/proof_shards/Adam/environment.json
v2_fixed_cora_full_epoch_history,75b6113,2026-07-07T17:53:29.314161+00:00,Cora,fixed,training_time,Adam,44,778437211,"{""dropout"": 0.5, ""hidden_channels"": 16, ""learning_rate"": 0.01, ""momentum"": 0.0, ""weight_decay"": 0.0005}",fake_edge_addition,0.1,0.0998484274346343,527,1.0,0.778,0.797,0.7892494424332008,0.3308136463165283,34.9731041410123,170,200,results/v2/proof_shards/Adam/environment.json
v2_fixed_cora_full_epoch_history,75b6113,2026-07-07T17:54:05.059856+00:00,Cora,fixed,training_time,Adam,44,1972599771,"{""dropout"": 0.5, ""hidden_channels"": 16, ""learning_rate"": 0.01, ""momentum"": 0.0, ""weight_decay"": 0.0005}",fake_edge_addition,0.2,0.1998863205759757,1055,1.0,0.762,0.763,0.7498768233698138,0.4208673536777496,34.88875494801323,141,200,results/v2/proof_shards/Adam/environment.json
v2_fixed_cora_full_epoch_history,75b6113,2026-07-07T17:54:41.134442+00:00,Cora,fixed,training_time,Adam,44,2095187292,"{""dropout"": 0.5, ""hidden_channels"": 16, ""learning_rate"": 0.01, ""momentum"": 0.0, ""weight_decay"": 0.0005}",fake_edge_addition,0.3,0.2999242137173171,1583,1.0,0.71,0.736,0.7267459460850444,0.4913840591907501,38.54281405999791,183,200,results/v2/proof_shards/Adam/environment.json
v2_fixed_cora_full_epoch_history,75b6113,2026-07-07T17:48:43.618636+00:00,Cora,fixed,training_time,Adam,44,345103199,"{""dropout"": 0.5, ""hidden_channels"": 16, ""learning_rate"": 0.01, ""momentum"": 0.0, ""weight_decay"": 0.0005}",feature_masking,0.05,0.049983745123537,2460,1.0,0.774,0.792,0.786981415684561,0.3740652501583099,14.190833662985824,181,200,results/v2/proof/environment.json
v2_fixed_cora_full_epoch_history,75b6113,2026-07-07T17:48:58.483362+00:00,Cora,fixed,training_time,Adam,44,1458269189,"{""dropout"": 0.5, ""hidden_channels"": 16, ""learning_rate"": 0.01, ""momentum"": 0.0, ""weight_decay"": 0.0005}",feature_masking,0.1,0.0999878088426527,4921,0.9928571428571428,0.798,0.807,0.7991326228734604,0.3792864084243774,12.044605227012651,200,200,results/v2/proof/environment.json
v2_fixed_cora_full_epoch_history,75b6113,2026-07-07T17:49:10.972821+00:00,Cora,fixed,training_time,Adam,44,631442477,"{""dropout"": 0.5, ""hidden_channels"": 16, ""learning_rate"": 0.01, ""momentum"": 0.0, ""weight_decay"": 0.0005}",feature_masking,0.2,0.1999959362808842,9843,1.0,0.76,0.774,0.763251489254862,0.4144364595413208,12.062114572006976,121,200,results/v2/proof/environment.json
v2_fixed_cora_full_epoch_history,75b6113,2026-07-07T17:49:23.397101+00:00,Cora,fixed,training_time,Adam,44,1263227027,"{""dropout"": 0.5, ""hidden_channels"": 16, ""learning_rate"": 0.01, ""momentum"": 0.0, ""weight_decay"": 0.0005}",feature_masking,0.3,0.299983745123537,14764,0.9928571428571428,0.776,0.806,0.7934041810424592,0.4430444240570068,13.107561073004035,146,200,results/v2/proof/environment.json
v2_fixed_cora_full_epoch_history,75b6113,2026-07-07T17:55:20.251592+00:00,Cora,fixed,training_time,Adam,45,2029043012,"{""dropout"": 0.5, ""hidden_channels"": 16, ""learning_rate"": 0.01, ""momentum"": 0.0, ""weight_decay"": 0.0005}",clean,0.0,0.0,0,1.0,0.79,0.81,0.7980799905995583,0.4034530818462372,34.47168006398715,135,200,results/v2/proof_shards/Adam/environment.json
v2_fixed_cora_full_epoch_history,75b6113,2026-07-07T17:57:57.787812+00:00,Cora,fixed,training_time,Adam,45,1526589526,"{""dropout"": 0.5, ""hidden_channels"": 16, ""learning_rate"": 0.01, ""momentum"": 0.0, ""weight_decay"": 0.0005}",edge_removal,0.05,0.0498294808639636,263,0.9928571428571428,0.79,0.797,0.7877694913256518,0.3150262832641601,29.58694019398536,118,200,results/v2/proof_shards/Adam/environment.json
v2_fixed_cora_full_epoch_history,75b6113,2026-07-07T17:58:28.264787+00:00,Cora,fixed,training_time,Adam,45,1510115445,"{""dropout"": 0.5, ""hidden_channels"": 16, ""learning_rate"": 0.01, ""momentum"": 0.0, ""weight_decay"": 0.0005}",edge_removal,0.1,0.0998484274346343,527,1.0,0.788,0.793,0.7795701601927293,0.3223837316036224,26.81289302700316,172,200,results/v2/proof_shards/Adam/environment.json
v2_fixed_cora_full_epoch_history,75b6113,2026-07-07T17:58:55.578706+00:00,Cora,fixed,training_time,Adam,45,1023902573,"{""dropout"": 0.5, ""hidden_channels"": 16, ""learning_rate"": 0.01, ""momentum"": 0.0, ""weight_decay"": 0.0005}",edge_removal,0.2,0.1998863205759757,1055,1.0,0.772,0.776,0.7596641778851672,0.3255321979522705,17.30114415299613,100,200,results/v2/proof_shards/Adam/environment.json
v2_fixed_cora_full_epoch_history,75b6113,2026-07-07T17:59:13.405637+00:00,Cora,fixed,training_time,Adam,45,1746422404,"{""dropout"": 0.5, ""hidden_channels"": 16, ""learning_rate"": 0.01, ""momentum"": 0.0, ""weight_decay"": 0.0005}",edge_removal,0.3,0.2999242137173171,1583,1.0,0.766,0.768,0.7586997269991287,0.2809301614761352,17.577727394003887,91,200,results/v2/proof_shards/Adam/environment.json
v2_fixed_cora_full_epoch_history,75b6113,2026-07-07T17:59:31.548507+00:00,Cora,fixed,training_time,Adam,45,2012568638,"{""dropout"": 0.5, ""hidden_channels"": 16, ""learning_rate"": 0.01, ""momentum"": 0.0, ""weight_decay"": 0.0005}",fake_edge_addition,0.05,0.0498294808639636,263,0.9928571428571428,0.782,0.797,0.7873780405330064,0.3575070798397064,19.514155254990328,185,200,results/v2/proof_shards/Adam/environment.json
v2_fixed_cora_full_epoch_history,75b6113,2026-07-07T17:59:51.614859+00:00,Cora,fixed,training_time,Adam,45,1487317440,"{""dropout"": 0.5, ""hidden_channels"": 16, ""learning_rate"": 0.01, ""momentum"": 0.0, ""weight_decay"": 0.0005}",fake_edge_addition,0.1,0.0998484274346343,527,0.9928571428571428,0.772,0.763,0.7571857746880223,0.4375642836093902,19.44063705499866,97,200,results/v2/proof_shards/Adam/environment.json
v2_fixed_cora_full_epoch_history,75b6113,2026-07-07T18:00:11.516359+00:00,Cora,fixed,training_time,Adam,45,343863078,"{""dropout"": 0.5, ""hidden_channels"": 16, ""learning_rate"": 0.01, ""momentum"": 0.0, ""weight_decay"": 0.0005}",fake_edge_addition,0.2,0.1998863205759757,1055,1.0,0.756,0.778,0.7637847171604413,0.4143293499946594,20.50313782901503,138,200,results/v2/proof_shards/Adam/environment.json
v2_fixed_cora_full_epoch_history,75b6113,2026-07-07T18:00:32.458851+00:00,Cora,fixed,training_time,Adam,45,1331569552,"{""dropout"": 0.5, ""hidden_channels"": 16, ""learning_rate"": 0.01, ""momentum"": 0.0, ""weight_decay"": 0.0005}",fake_edge_addition,0.3,0.2999242137173171,1583,0.9928571428571428,0.728,0.766,0.7558581650069675,0.4871997833251953,18.941519005020385,138,200,results/v2/proof_shards/Adam/environment.json
v2_fixed_cora_full_epoch_history,75b6113,2026-07-07T17:55:55.537347+00:00,Cora,fixed,training_time,Adam,45,374862708,"{""dropout"": 0.5, ""hidden_channels"": 16, ""learning_rate"": 0.01, ""momentum"": 0.0, ""weight_decay"": 0.0005}",feature_masking,0.05,0.049983745123537,2460,0.9857142857142858,0.786,0.795,0.7798977395762828,0.4775227010250091,32.04319546298939,119,200,results/v2/proof_shards/Adam/environment.json
v2_fixed_cora_full_epoch_history,75b6113,2026-07-07T17:56:28.298443+00:00,Cora,fixed,training_time,Adam,45,1187633257,"{""dropout"": 0.5, ""hidden_channels"": 16, ""learning_rate"": 0.01, ""momentum"": 0.0, ""weight_decay"": 0.0005}",feature_masking,0.1,0.0999878088426527,4921,0.9928571428571428,0.756,0.78,0.77580484596959,0.3885287344455719,28.892218522989424,191,200,results/v2/proof_shards/Adam/environment.json
v2_fixed_cora_full_epoch_history,75b6113,2026-07-07T17:56:57.841516+00:00,Cora,fixed,training_time,Adam,45,1851382881,"{""dropout"": 0.5, ""hidden_channels"": 16, ""learning_rate"": 0.01, ""momentum"": 0.0, ""weight_decay"": 0.0005}",feature_masking,0.2,0.1999959362808842,9843,1.0,0.778,0.784,0.7710963409230331,0.3708057403564453,28.177417655999307,132,200,results/v2/proof_shards/Adam/environment.json
v2_fixed_cora_full_epoch_history,75b6113,2026-07-07T17:57:26.688763+00:00,Cora,fixed,training_time,Adam,45,861721666,"{""dropout"": 0.5, ""hidden_channels"": 16, ""learning_rate"": 0.01, ""momentum"": 0.0, ""weight_decay"": 0.0005}",feature_masking,0.3,0.299983745123537,14764,0.9857142857142858,0.776,0.795,0.7857689487674814,0.4155876934528351,30.45827201701468,191,200,results/v2/proof_shards/Adam/environment.json
v2_fixed_cora_full_epoch_history,75b6113,2026-07-07T18:00:51.737003+00:00,Cora,fixed,training_time,Adam,46,900853433,"{""dropout"": 0.5, ""hidden_channels"": 16, ""learning_rate"": 0.01, ""momentum"": 0.0, ""weight_decay"": 0.0005}",clean,0.0,0.0,0,1.0,0.786,0.813,0.801713432317442,0.3170036375522613,18.696672404010314,182,200,results/v2/proof_shards/Adam/environment.json
v2_fixed_cora_full_epoch_history,75b6113,2026-07-07T18:02:27.895688+00:00,Cora,fixed,training_time,Adam,46,1557875209,"{""dropout"": 0.5, ""hidden_channels"": 16, ""learning_rate"": 0.01, ""momentum"": 0.0, ""weight_decay"": 0.0005}",edge_removal,0.05,0.0498294808639636,263,1.0,0.776,0.789,0.7780582474574611,0.3402185440063476,18.166262051003287,56,200,results/v2/proof_shards/Adam/environment.json
v2_fixed_cora_full_epoch_history,75b6113,2026-07-07T18:02:46.706247+00:00,Cora,fixed,training_time,Adam,46,1552339463,"{""dropout"": 0.5, ""hidden_channels"": 16, ""learning_rate"": 0.01, ""momentum"": 0.0, ""weight_decay"": 0.0005}",edge_removal,0.1,0.0998484274346343,527,1.0,0.774,0.795,0.7878695507103968,0.3770495355129242,18.614639748004265,93,200,results/v2/proof_shards/Adam/environment.json
v2_fixed_cora_full_epoch_history,75b6113,2026-07-07T18:03:05.727267+00:00,Cora,fixed,training_time,Adam,46,1915975409,"{""dropout"": 0.5, ""hidden_channels"": 16, ""learning_rate"": 0.01, ""momentum"": 0.0, ""weight_decay"": 0.0005}",edge_removal,0.2,0.1998863205759757,1055,1.0,0.796,0.793,0.786106507533317,0.3201587796211242,17.30365796101978,123,200,results/v2/proof_shards/Adam/environment.json
v2_fixed_cora_full_epoch_history,75b6113,2026-07-07T18:03:23.443334+00:00,Cora,fixed,training_time,Adam,46,1721023429,"{""dropout"": 0.5, ""hidden_channels"": 16, ""learning_rate"": 0.01, ""momentum"": 0.0, ""weight_decay"": 0.0005}",edge_removal,0.3,0.2999242137173171,1583,1.0,0.79,0.763,0.7556609499349429,0.2830695509910583,17.864441818994237,149,200,results/v2/proof_shards/Adam/environment.json
v2_fixed_cora_full_epoch_history,75b6113,2026-07-07T18:03:41.872941+00:00,Cora,fixed,training_time,Adam,46,1508531027,"{""dropout"": 0.5, ""hidden_channels"": 16, ""learning_rate"": 0.01, ""momentum"": 0.0, ""weight_decay"": 0.0005}",fake_edge_addition,0.05,0.0498294808639636,263,1.0,0.776,0.794,0.7829989965251701,0.3679096102714538,17.61484472200391,163,200,results/v2/proof_shards/Adam/environment.json
v2_fixed_cora_full_epoch_history,75b6113,2026-07-07T18:03:59.901087+00:00,Cora,fixed,training_time,Adam,46,1052401357,"{""dropout"": 0.5, ""hidden_channels"": 16, ""learning_rate"": 0.01, ""momentum"": 0.0, ""weight_decay"": 0.0005}",fake_edge_addition,0.1,0.0998484274346343,527,1.0,0.776,0.78,0.7683484546473045,0.4041829109191894,21.04891376302112,112,200,results/v2/proof_shards/Adam/environment.json
v2_fixed_cora_full_epoch_history,75b6113,2026-07-07T18:04:21.430142+00:00,Cora,fixed,training_time,Adam,46,2090108888,"{""dropout"": 0.5, ""hidden_channels"": 16, ""learning_rate"": 0.01, ""momentum"": 0.0, ""weight_decay"": 0.0005}",fake_edge_addition,0.2,0.1998863205759757,1055,1.0,0.768,0.766,0.7579052930233685,0.4087742269039154,18.16159251498175,135,200,results/v2/proof_shards/Adam/environment.json
v2_fixed_cora_full_epoch_history,75b6113,2026-07-07T18:04:40.009445+00:00,Cora,fixed,training_time,Adam,46,652404526,"{""dropout"": 0.5, ""hidden_channels"": 16, ""learning_rate"": 0.01, ""momentum"": 0.0, ""weight_decay"": 0.0005}",fake_edge_addition,0.3,0.2999242137173171,1583,0.9928571428571428,0.742,0.74,0.7312773331200393,0.4397742450237274,18.25121343601495,158,200,results/v2/proof_shards/Adam/environment.json
v2_fixed_cora_full_epoch_history,75b6113,2026-07-07T18:01:10.919597+00:00,Cora,fixed,training_time,Adam,46,1429706788,"{""dropout"": 0.5, ""hidden_channels"": 16, ""learning_rate"": 0.01, ""momentum"": 0.0, ""weight_decay"": 0.0005}",feature_masking,0.05,0.049983745123537,2460,1.0,0.78,0.809,0.7970428620386416,0.3173193037509918,20.63106234898441,89,200,results/v2/proof_shards/Adam/environment.json
v2_fixed_cora_full_epoch_history,75b6113,2026-07-07T18:01:31.960039+00:00,Cora,fixed,training_time,Adam,46,242503291,"{""dropout"": 0.5, ""hidden_channels"": 16, ""learning_rate"": 0.01, ""momentum"": 0.0, ""weight_decay"": 0.0005}",feature_masking,0.1,0.0999878088426527,4921,0.9928571428571428,0.794,0.809,0.7996526319484855,0.3272162973880768,17.278832849988248,165,200,results/v2/proof_shards/Adam/environment.json
v2_fixed_cora_full_epoch_history,75b6113,2026-07-07T18:01:49.743911+00:00,Cora,fixed,training_time,Adam,46,699316510,"{""dropout"": 0.5, ""hidden_channels"": 16, ""learning_rate"": 0.01, ""momentum"": 0.0, ""weight_decay"": 0.0005}",feature_masking,0.2,0.1999959362808842,9843,1.0,0.78,0.797,0.7852855698578749,0.3741032481193542,18.96760068202275,151,200,results/v2/proof_shards/Adam/environment.json
v2_fixed_cora_full_epoch_history,75b6113,2026-07-07T18:02:09.126488+00:00,Cora,fixed,training_time,Adam,46,2057386079,"{""dropout"": 0.5, ""hidden_channels"": 16, ""learning_rate"": 0.01, ""momentum"": 0.0, ""weight_decay"": 0.0005}",feature_masking,0.3,0.299983745123537,14764,0.9928571428571428,0.778,0.782,0.7713829038334519,0.4922811090946197,18.334273843007395,199,200,results/v2/proof_shards/Adam/environment.json
v2_fixed_cora_full_epoch_history,75b6113,2026-07-07T18:04:58.628694+00:00,Cora,fixed,training_time,Adam,47,1604778945,"{""dropout"": 0.5, ""hidden_channels"": 16, ""learning_rate"": 0.01, ""momentum"": 0.0, ""weight_decay"": 0.0005}",clean,0.0,0.0,0,1.0,0.794,0.813,0.801453380023444,0.3215285241603851,18.997206972999265,120,200,results/v2/proof_shards/Adam/environment.json
v2_fixed_cora_full_epoch_history,75b6113,2026-07-07T18:06:32.700416+00:00,Cora,fixed,training_time,Adam,47,1855916324,"{""dropout"": 0.5, ""hidden_channels"": 16, ""learning_rate"": 0.01, ""momentum"": 0.0, ""weight_decay"": 0.0005}",edge_removal,0.05,0.0498294808639636,263,1.0,0.796,0.807,0.8018562243004397,0.3156193494796753,18.334838203998515,197,200,results/v2/proof_shards/Adam/environment.json
v2_fixed_cora_full_epoch_history,75b6113,2026-07-07T18:06:51.486631+00:00,Cora,fixed,training_time,Adam,47,800457289,"{""dropout"": 0.5, ""hidden_channels"": 16, ""learning_rate"": 0.01, ""momentum"": 0.0, ""weight_decay"": 0.0005}",edge_removal,0.1,0.0998484274346343,527,1.0,0.798,0.812,0.8025533098702475,0.3073226809501648,32.01238461199682,126,200,results/v2/proof_shards/Adam/environment.json
v2_fixed_cora_full_epoch_history,75b6113,2026-07-07T18:07:24.426047+00:00,Cora,fixed,training_time,Adam,47,1947546184,"{""dropout"": 0.5, ""hidden_channels"": 16, ""learning_rate"": 0.01, ""momentum"": 0.0, ""weight_decay"": 0.0005}",edge_removal,0.2,0.1998863205759757,1055,1.0,0.776,0.779,0.7668910238436811,0.3279099464416504,33.50442691100761,95,200,results/v2/proof_shards/Adam/environment.json
v2_fixed_cora_full_epoch_history,75b6113,2026-07-07T18:07:58.680307+00:00,Cora,fixed,training_time,Adam,47,26886059,"{""dropout"": 0.5, ""hidden_channels"": 16, ""learning_rate"": 0.01, ""momentum"": 0.0, ""weight_decay"": 0.0005}",edge_removal,0.3,0.2999242137173171,1583,1.0,0.754,0.765,0.7546848746062691,0.3425238728523254,33.55145142998663,130,200,results/v2/proof_shards/Adam/environment.json
v2_fixed_cora_full_epoch_history,75b6113,2026-07-07T18:08:32.990205+00:00,Cora,fixed,training_time,Adam,47,689207766,"{""dropout"": 0.5, ""hidden_channels"": 16, ""learning_rate"": 0.01, ""momentum"": 0.0, ""weight_decay"": 0.0005}",fake_edge_addition,0.05,0.0498294808639636,263,1.0,0.78,0.81,0.801806030617411,0.4151046574115753,33.24836249600048,181,200,results/v2/proof_shards/Adam/environment.json
v2_fixed_cora_full_epoch_history,75b6113,2026-07-07T18:09:06.998410+00:00,Cora,fixed,training_time,Adam,47,471635122,"{""dropout"": 0.5, ""hidden_channels"": 16, ""learning_rate"": 0.01, ""momentum"": 0.0, ""weight_decay"": 0.0005}",fake_edge_addition,0.1,0.0998484274346343,527,1.0,0.774,0.789,0.7750729372015647,0.3511332869529724,35.19331902399426,165,200,results/v2/proof_shards/Adam/environment.json
v2_fixed_cora_full_epoch_history,75b6113,2026-07-07T18:09:42.929802+00:00,Cora,fixed,training_time,Adam,47,1649799627,"{""dropout"": 0.5, ""hidden_channels"": 16, ""learning_rate"": 0.01, ""momentum"": 0.0, ""weight_decay"": 0.0005}",fake_edge_addition,0.2,0.1998863205759757,1055,0.9928571428571428,0.758,0.774,0.7603280197945788,0.3782082498073578,36.30336148600327,128,200,results/v2/proof_shards/Adam/environment.json
v2_fixed_cora_full_epoch_history,75b6113,2026-07-07T18:10:20.496936+00:00,Cora,fixed,training_time,Adam,47,1209214691,"{""dropout"": 0.5, ""hidden_channels"": 16, ""learning_rate"": 0.01, ""momentum"": 0.0, ""weight_decay"": 0.0005}",fake_edge_addition,0.3,0.2999242137173171,1583,0.9928571428571428,0.762,0.761,0.7516278150110285,0.4993184804916382,33.85304192901822,175,200,results/v2/proof_shards/Adam/environment.json
v2_fixed_cora_full_epoch_history,75b6113,2026-07-07T18:05:18.052494+00:00,Cora,fixed,training_time,Adam,47,965732309,"{""dropout"": 0.5, ""hidden_channels"": 16, ""learning_rate"": 0.01, ""momentum"": 0.0, ""weight_decay"": 0.0005}",feature_masking,0.05,0.049983745123537,2460,1.0,0.784,0.803,0.7947727371811827,0.3284062147140503,18.45839253198937,157,200,results/v2/proof_shards/Adam/environment.json
v2_fixed_cora_full_epoch_history,75b6113,2026-07-07T18:05:37.101129+00:00,Cora,fixed,training_time,Adam,47,1755974157,"{""dropout"": 0.5, ""hidden_channels"": 16, ""learning_rate"": 0.01, ""momentum"": 0.0, ""weight_decay"": 0.0005}",feature_masking,0.1,0.0999878088426527,4921,0.9928571428571428,0.8,0.804,0.790594197961048,0.3608810305595398,17.751063760981197,174,200,results/v2/proof_shards/Adam/environment.json
v2_fixed_cora_full_epoch_history,75b6113,2026-07-07T18:05:55.274527+00:00,Cora,fixed,training_time,Adam,47,102460777,"{""dropout"": 0.5, ""hidden_channels"": 16, ""learning_rate"": 0.01, ""momentum"": 0.0, ""weight_decay"": 0.0005}",feature_masking,0.2,0.1999959362808842,9843,0.9857142857142858,0.812,0.807,0.7878976068592725,0.4359138309955597,18.167640091007343,126,200,results/v2/proof_shards/Adam/environment.json
v2_fixed_cora_full_epoch_history,75b6113,2026-07-07T18:06:13.860667+00:00,Cora,fixed,training_time,Adam,47,18340773,"{""dropout"": 0.5, ""hidden_channels"": 16, ""learning_rate"": 0.01, ""momentum"": 0.0, ""weight_decay"": 0.0005}",feature_masking,0.3,0.299983745123537,14764,0.9928571428571428,0.756,0.779,0.7671008283076469,0.4926824271678924,18.361383519979427,190,200,results/v2/proof_shards/Adam/environment.json
v2_fixed_cora_full_epoch_history,75b6113,2026-07-07T18:10:55.070308+00:00,Cora,fixed,training_time,Adam,48,1995686836,"{""dropout"": 0.5, ""hidden_channels"": 16, ""learning_rate"": 0.01, ""momentum"": 0.0, ""weight_decay"": 0.0005}",clean,0.0,0.0,0,0.9928571428571428,0.784,0.804,0.7952572226343525,0.317535936832428,31.23343749900232,191,200,results/v2/proof_shards/Adam/environment.json
v2_fixed_cora_full_epoch_history,75b6113,2026-07-07T18:13:36.841839+00:00,Cora,fixed,training_time,Adam,48,113685829,"{""dropout"": 0.5, ""hidden_channels"": 16, ""learning_rate"": 0.01, ""momentum"": 0.0, ""weight_decay"": 0.0005}",edge_removal,0.05,0.0498294808639636,263,0.9928571428571428,0.788,0.797,0.7847897504694564,0.3364540040493011,32.609161850996315,163,200,results/v2/proof_shards/Adam/environment.json
v2_fixed_cora_full_epoch_history,75b6113,2026-07-07T18:14:10.332066+00:00,Cora,fixed,training_time,Adam,48,687836715,"{""dropout"": 0.5, ""hidden_channels"": 16, ""learning_rate"": 0.01, ""momentum"": 0.0, ""weight_decay"": 0.0005}",edge_removal,0.1,0.0998484274346343,527,0.9928571428571428,0.79,0.799,0.7875073615821618,0.3017105460166931,32.1731152489956,72,200,results/v2/proof_shards/Adam/environment.json
v2_fixed_cora_full_epoch_history,75b6113,2026-07-07T18:14:43.168912+00:00,Cora,fixed,training_time,Adam,48,1869221460,"{""dropout"": 0.5, ""hidden_channels"": 16, ""learning_rate"": 0.01, ""momentum"": 0.0, ""weight_decay"": 0.0005}",edge_removal,0.2,0.1998863205759757,1055,1.0,0.768,0.791,0.7797896264930942,0.3552793264389038,34.03396210601204,165,200,results/v2/proof_shards/Adam/environment.json
v2_fixed_cora_full_epoch_history,75b6113,2026-07-07T18:15:18.153579+00:00,Cora,fixed,training_time,Adam,48,1490493168,"{""dropout"": 0.5, ""hidden_channels"": 16, ""learning_rate"": 0.01, ""momentum"": 0.0, ""weight_decay"": 0.0005}",edge_removal,0.3,0.2999242137173171,1583,1.0,0.776,0.781,0.766665509304031,0.3053466379642486,32.371316189994104,174,200,results/v2/proof_shards/Adam/environment.json
v2_fixed_cora_full_epoch_history,75b6113,2026-07-07T18:15:51.295318+00:00,Cora,fixed,training_time,Adam,48,1848213573,"{""dropout"": 0.5, ""hidden_channels"": 16, ""learning_rate"": 0.01, ""momentum"": 0.0, ""weight_decay"": 0.0005}",fake_edge_addition,0.05,0.0498294808639636,263,1.0,0.77,0.796,0.7882738095866035,0.3028751909732818,30.100446427008137,124,200,results/v2/proof_shards/Adam/environment.json
v2_fixed_cora_full_epoch_history,75b6113,2026-07-07T18:16:22.046997+00:00,Cora,fixed,training_time,Adam,48,846105087,"{""dropout"": 0.5, ""hidden_channels"": 16, ""learning_rate"": 0.01, ""momentum"": 0.0, ""weight_decay"": 0.0005}",fake_edge_addition,0.1,0.0998484274346343,527,1.0,0.774,0.792,0.7811181998828319,0.3684016466140747,30.79247902901261,114,200,results/v2/proof_shards/Adam/environment.json
v2_fixed_cora_full_epoch_history,75b6113,2026-07-07T18:16:53.496572+00:00,Cora,fixed,training_time,Adam,48,1537372007,"{""dropout"": 0.5, ""hidden_channels"": 16, ""learning_rate"": 0.01, ""momentum"": 0.0, ""weight_decay"": 0.0005}",fake_edge_addition,0.2,0.1998863205759757,1055,0.9928571428571428,0.754,0.771,0.7626329447015616,0.4549466669559479,29.25565562400152,131,200,results/v2/proof_shards/Adam/environment.json
v2_fixed_cora_full_epoch_history,75b6113,2026-07-07T18:17:23.551980+00:00,Cora,fixed,training_time,Adam,48,226155287,"{""dropout"": 0.5, ""hidden_channels"": 16, ""learning_rate"": 0.01, ""momentum"": 0.0, ""weight_decay"": 0.0005}",fake_edge_addition,0.3,0.2999242137173171,1583,0.9857142857142858,0.764,0.769,0.758125074717334,0.474927693605423,31.06157488800818,198,200,results/v2/proof_shards/Adam/environment.json
v2_fixed_cora_full_epoch_history,75b6113,2026-07-07T18:11:27.010061+00:00,Cora,fixed,training_time,Adam,48,823376507,"{""dropout"": 0.5, ""hidden_channels"": 16, ""learning_rate"": 0.01, ""momentum"": 0.0, ""weight_decay"": 0.0005}",feature_masking,0.05,0.049983745123537,2460,1.0,0.788,0.801,0.7931206077296823,0.3691649436950683,31.53707752900664,200,200,results/v2/proof_shards/Adam/environment.json
v2_fixed_cora_full_epoch_history,75b6113,2026-07-07T18:11:59.207030+00:00,Cora,fixed,training_time,Adam,48,808703469,"{""dropout"": 0.5, ""hidden_channels"": 16, ""learning_rate"": 0.01, ""momentum"": 0.0, ""weight_decay"": 0.0005}",feature_masking,0.1,0.0999878088426527,4921,1.0,0.784,0.801,0.793535016045808,0.3525950908660888,31.408284806995653,190,200,results/v2/proof_shards/Adam/environment.json
v2_fixed_cora_full_epoch_history,75b6113,2026-07-07T18:12:31.434799+00:00,Cora,fixed,training_time,Adam,48,299292753,"{""dropout"": 0.5, ""hidden_channels"": 16, ""learning_rate"": 0.01, ""momentum"": 0.0, ""weight_decay"": 0.0005}",feature_masking,0.2,0.1999959362808842,9843,0.9928571428571428,0.778,0.809,0.7959297600024088,0.396264910697937,32.829086960002314,121,200,results/v2/proof_shards/Adam/environment.json
v2_fixed_cora_full_epoch_history,75b6113,2026-07-07T18:13:04.855273+00:00,Cora,fixed,training_time,Adam,48,2089991585,"{""dropout"": 0.5, ""hidden_channels"": 16, ""learning_rate"": 0.01, ""momentum"": 0.0, ""weight_decay"": 0.0005}",feature_masking,0.3,0.299983745123537,14764,0.9928571428571428,0.766,0.779,0.7678236903535943,0.4014046490192413,31.381824252021037,150,200,results/v2/proof_shards/Adam/environment.json
v2_fixed_cora_full_epoch_history,75b6113,2026-07-07T18:17:55.145573+00:00,Cora,fixed,training_time,Adam,49,1488625979,"{""dropout"": 0.5, ""hidden_channels"": 16, ""learning_rate"": 0.01, ""momentum"": 0.0, ""weight_decay"": 0.0005}",clean,0.0,0.0,0,1.0,0.786,0.813,0.8062588218694451,0.2700200974941253,31.22160406401963,138,200,results/v2/proof_shards/Adam/environment.json
v2_fixed_cora_full_epoch_history,75b6113,2026-07-07T18:20:29.615167+00:00,Cora,fixed,training_time,Adam,49,1374969059,"{""dropout"": 0.5, ""hidden_channels"": 16, ""learning_rate"": 0.01, ""momentum"": 0.0, ""weight_decay"": 0.0005}",edge_removal,0.05,0.0498294808639636,263,0.9928571428571428,0.784,0.807,0.7903503847157473,0.3388881981372833,30.006119558995124,121,200,results/v2/proof_shards/Adam/environment.json
v2_fixed_cora_full_epoch_history,75b6113,2026-07-07T18:21:00.393689+00:00,Cora,fixed,training_time,Adam,49,458683013,"{""dropout"": 0.5, ""hidden_channels"": 16, ""learning_rate"": 0.01, ""momentum"": 0.0, ""weight_decay"": 0.0005}",edge_removal,0.1,0.0998484274346343,527,1.0,0.794,0.797,0.7827978726069801,0.3200754523277282,34.07430947100511,61,200,results/v2/proof_shards/Adam/environment.json
v2_fixed_cora_full_epoch_history,75b6113,2026-07-07T18:21:35.139522+00:00,Cora,fixed,training_time,Adam,49,1128178433,"{""dropout"": 0.5, ""hidden_channels"": 16, ""learning_rate"": 0.01, ""momentum"": 0.0, ""weight_decay"": 0.0005}",edge_removal,0.2,0.1998863205759757,1055,1.0,0.754,0.776,0.767096991203438,0.2661559879779815,27.73116282999399,101,200,results/v2/proof_shards/Adam/environment.json
v2_fixed_cora_full_epoch_history,75b6113,2026-07-07T18:22:03.682848+00:00,Cora,fixed,training_time,Adam,49,1599738237,"{""dropout"": 0.5, ""hidden_channels"": 16, ""learning_rate"": 0.01, ""momentum"": 0.0, ""weight_decay"": 0.0005}",edge_removal,0.3,0.2999242137173171,1583,1.0,0.756,0.767,0.752877009646922,0.3652331233024597,29.510054993006637,60,200,results/v2/proof_shards/Adam/environment.json
v2_fixed_cora_full_epoch_history,75b6113,2026-07-07T18:22:33.935958+00:00,Cora,fixed,training_time,Adam,49,121371383,"{""dropout"": 0.5, ""hidden_channels"": 16, ""learning_rate"": 0.01, ""momentum"": 0.0, ""weight_decay"": 0.0005}",fake_edge_addition,0.05,0.0498294808639636,263,1.0,0.79,0.791,0.785138837108537,0.3042292594909668,33.224913365003886,64,200,results/v2/proof_shards/Adam/environment.json
v2_fixed_cora_full_epoch_history,75b6113,2026-07-07T18:23:08.197581+00:00,Cora,fixed,training_time,Adam,49,728126085,"{""dropout"": 0.5, ""hidden_channels"": 16, ""learning_rate"": 0.01, ""momentum"": 0.0, ""weight_decay"": 0.0005}",fake_edge_addition,0.1,0.0998484274346343,527,1.0,0.768,0.795,0.7800489399227135,0.339684784412384,31.68810177399428,130,200,results/v2/proof_shards/Adam/environment.json
v2_fixed_cora_full_epoch_history,75b6113,2026-07-07T18:23:40.815919+00:00,Cora,fixed,training_time,Adam,49,1228205324,"{""dropout"": 0.5, ""hidden_channels"": 16, ""learning_rate"": 0.01, ""momentum"": 0.0, ""weight_decay"": 0.0005}",fake_edge_addition,0.2,0.1998863205759757,1055,1.0,0.728,0.743,0.7342912460524609,0.4805651605129242,32.81229364697356,192,200,results/v2/proof_shards/Adam/environment.json
v2_fixed_cora_full_epoch_history,75b6113,2026-07-07T18:24:14.309064+00:00,Cora,fixed,training_time,Adam,49,1522556614,"{""dropout"": 0.5, ""hidden_channels"": 16, ""learning_rate"": 0.01, ""momentum"": 0.0, ""weight_decay"": 0.0005}",fake_edge_addition,0.3,0.2999242137173171,1583,1.0,0.75,0.762,0.7517143544169259,0.4496544599533081,30.70264918700559,139,200,results/v2/proof_shards/Adam/environment.json
v2_fixed_cora_full_epoch_history,75b6113,2026-07-07T18:18:26.988323+00:00,Cora,fixed,training_time,Adam,49,131241370,"{""dropout"": 0.5, ""hidden_channels"": 16, ""learning_rate"": 0.01, ""momentum"": 0.0, ""weight_decay"": 0.0005}",feature_masking,0.05,0.049983745123537,2460,1.0,0.772,0.814,0.8033402443305036,0.3191573619842529,29.652515063993636,188,200,results/v2/proof_shards/Adam/environment.json
v2_fixed_cora_full_epoch_history,75b6113,2026-07-07T18:18:57.326634+00:00,Cora,fixed,training_time,Adam,49,1403326160,"{""dropout"": 0.5, ""hidden_channels"": 16, ""learning_rate"": 0.01, ""momentum"": 0.0, ""weight_decay"": 0.0005}",feature_masking,0.1,0.0999878088426527,4921,0.9928571428571428,0.776,0.798,0.7873920176392689,0.3690457344055176,29.22310628599371,103,200,results/v2/proof_shards/Adam/environment.json
v2_fixed_cora_full_epoch_history,75b6113,2026-07-07T18:19:27.299311+00:00,Cora,fixed,training_time,Adam,49,952419831,"{""dropout"": 0.5, ""hidden_channels"": 16, ""learning_rate"": 0.01, ""momentum"": 0.0, ""weight_decay"": 0.0005}",feature_masking,0.2,0.1999959362808842,9843,1.0,0.77,0.797,0.7853451974085992,0.316726416349411,31.05639400598011,136,200,results/v2/proof_shards/Adam/environment.json
v2_fixed_cora_full_epoch_history,75b6113,2026-07-07T18:19:59.025597+00:00,Cora,fixed,training_time,Adam,49,1955545375,"{""dropout"": 0.5, ""hidden_channels"": 16, ""learning_rate"": 0.01, ""momentum"": 0.0, ""weight_decay"": 0.0005}",feature_masking,0.3,0.299983745123537,14764,0.9928571428571428,0.758,0.767,0.755617111297188,0.370243489742279,29.89230432198383,155,200,results/v2/proof_shards/Adam/environment.json
v2_fixed_cora_full_epoch_history,75b6113,2026-07-07T18:24:45.590287+00:00,Cora,fixed,training_time,Adam,50,713987860,"{""dropout"": 0.5, ""hidden_channels"": 16, ""learning_rate"": 0.01, ""momentum"": 0.0, ""weight_decay"": 0.0005}",clean,0.0,0.0,0,1.0,0.792,0.8,0.7926297368981431,0.3186162710189819,30.13815667000017,71,200,results/v2/proof_shards/Adam/environment.json
v2_fixed_cora_full_epoch_history,75b6113,2026-07-07T18:27:11.153519+00:00,Cora,fixed,training_time,Adam,50,50891214,"{""dropout"": 0.5, ""hidden_channels"": 16, ""learning_rate"": 0.01, ""momentum"": 0.0, ""weight_decay"": 0.0005}",edge_removal,0.05,0.0498294808639636,263,1.0,0.778,0.815,0.7989194128086735,0.3145111501216888,12.55153329402674,76,200,results/v2/proof_shards/Adam/environment.json
v2_fixed_cora_full_epoch_history,75b6113,2026-07-07T18:27:24.026933+00:00,Cora,fixed,training_time,Adam,50,1485423826,"{""dropout"": 0.5, ""hidden_channels"": 16, ""learning_rate"": 0.01, ""momentum"": 0.0, ""weight_decay"": 0.0005}",edge_removal,0.1,0.0998484274346343,527,1.0,0.77,0.803,0.7968274048439543,0.3327902257442474,11.944723452004837,193,200,results/v2/proof_shards/Adam/environment.json
v2_fixed_cora_full_epoch_history,75b6113,2026-07-07T18:27:36.261413+00:00,Cora,fixed,training_time,Adam,50,238598620,"{""dropout"": 0.5, ""hidden_channels"": 16, ""learning_rate"": 0.01, ""momentum"": 0.0, ""weight_decay"": 0.0005}",edge_removal,0.2,0.1998863205759757,1055,0.9928571428571428,0.768,0.789,0.77714219225202,0.3191238343715668,13.198991583980389,117,200,results/v2/proof_shards/Adam/environment.json
v2_fixed_cora_full_epoch_history,75b6113,2026-07-07T18:27:49.750344+00:00,Cora,fixed,training_time,Adam,50,984618146,"{""dropout"": 0.5, ""hidden_channels"": 16, ""learning_rate"": 0.01, ""momentum"": 0.0, ""weight_decay"": 0.0005}",edge_removal,0.3,0.2999242137173171,1583,1.0,0.752,0.772,0.7534365154395065,0.2947970926761627,11.498739880975336,129,200,results/v2/proof_shards/Adam/environment.json
v2_fixed_cora_full_epoch_history,75b6113,2026-07-07T18:28:01.510659+00:00,Cora,fixed,training_time,Adam,50,1931709819,"{""dropout"": 0.5, ""hidden_channels"": 16, ""learning_rate"": 0.01, ""momentum"": 0.0, ""weight_decay"": 0.0005}",fake_edge_addition,0.05,0.0498294808639636,263,1.0,0.784,0.794,0.7854349913633136,0.3363397121429443,11.734412702004192,85,200,results/v2/proof_shards/Adam/environment.json
v2_fixed_cora_full_epoch_history,75b6113,2026-07-07T18:28:13.509139+00:00,Cora,fixed,training_time,Adam,50,708768224,"{""dropout"": 0.5, ""hidden_channels"": 16, ""learning_rate"": 0.01, ""momentum"": 0.0, ""weight_decay"": 0.0005}",fake_edge_addition,0.1,0.0998484274346343,527,1.0,0.776,0.788,0.7759632223025333,0.3950713872909546,12.357757004996529,163,200,results/v2/proof_shards/Adam/environment.json
v2_fixed_cora_full_epoch_history,75b6113,2026-07-07T18:28:26.142349+00:00,Cora,fixed,training_time,Adam,50,170586018,"{""dropout"": 0.5, ""hidden_channels"": 16, ""learning_rate"": 0.01, ""momentum"": 0.0, ""weight_decay"": 0.0005}",fake_edge_addition,0.2,0.1998863205759757,1055,1.0,0.758,0.757,0.7543536919113796,0.4410233497619629,12.220510674989782,165,200,results/v2/proof_shards/Adam/environment.json
v2_fixed_cora_full_epoch_history,75b6113,2026-07-07T18:28:38.670207+00:00,Cora,fixed,training_time,Adam,50,1915778289,"{""dropout"": 0.5, ""hidden_channels"": 16, ""learning_rate"": 0.01, ""momentum"": 0.0, ""weight_decay"": 0.0005}",fake_edge_addition,0.3,0.2999242137173171,1583,0.9857142857142858,0.72,0.742,0.737875565283088,0.4678647816181183,35.18375929098693,174,200,results/v2/proof_shards/Adam/environment.json
v2_fixed_cora_full_epoch_history,75b6113,2026-07-07T18:25:16.544998+00:00,Cora,fixed,training_time,Adam,50,1483094292,"{""dropout"": 0.5, ""hidden_channels"": 16, ""learning_rate"": 0.01, ""momentum"": 0.0, ""weight_decay"": 0.0005}",feature_masking,0.05,0.049983745123537,2460,1.0,0.796,0.81,0.7997109926817573,0.3090739846229553,30.793022544006817,89,200,results/v2/proof_shards/Adam/environment.json
v2_fixed_cora_full_epoch_history,75b6113,2026-07-07T18:25:48.053646+00:00,Cora,fixed,training_time,Adam,50,1166590609,"{""dropout"": 0.5, ""hidden_channels"": 16, ""learning_rate"": 0.01, ""momentum"": 0.0, ""weight_decay"": 0.0005}",feature_masking,0.1,0.0999878088426527,4921,0.9928571428571428,0.776,0.8,0.7886530483900289,0.3466918170452118,31.438563750998583,157,200,results/v2/proof_shards/Adam/environment.json
v2_fixed_cora_full_epoch_history,75b6113,2026-07-07T18:26:20.148682+00:00,Cora,fixed,training_time,Adam,50,600152687,"{""dropout"": 0.5, ""hidden_channels"": 16, ""learning_rate"": 0.01, ""momentum"": 0.0, ""weight_decay"": 0.0005}",feature_masking,0.2,0.1999959362808842,9843,1.0,0.77,0.784,0.7729089480173895,0.3840266764163971,34.28165079999599,77,200,results/v2/proof_shards/Adam/environment.json
v2_fixed_cora_full_epoch_history,75b6113,2026-07-07T18:26:55.052146+00:00,Cora,fixed,training_time,Adam,50,1226944084,"{""dropout"": 0.5, ""hidden_channels"": 16, ""learning_rate"": 0.01, ""momentum"": 0.0, ""weight_decay"": 0.0005}",feature_masking,0.3,0.299983745123537,14764,1.0,0.778,0.776,0.7637607344042071,0.3972298800945282,15.793760495987954,167,200,results/v2/proof_shards/Adam/environment.json
v2_fixed_cora_full_epoch_history,75b6113,2026-07-07T18:29:14.931624+00:00,Cora,fixed,training_time,Adam,51,978232325,"{""dropout"": 0.5, ""hidden_channels"": 16, ""learning_rate"": 0.01, ""momentum"": 0.0, ""weight_decay"": 0.0005}",clean,0.0,0.0,0,1.0,0.788,0.816,0.801789901583015,0.3342061936855316,31.53014646199881,186,200,results/v2/proof_shards/Adam/environment.json
v2_fixed_cora_full_epoch_history,75b6113,2026-07-07T18:31:56.624506+00:00,Cora,fixed,training_time,Adam,51,1248810125,"{""dropout"": 0.5, ""hidden_channels"": 16, ""learning_rate"": 0.01, ""momentum"": 0.0, ""weight_decay"": 0.0005}",edge_removal,0.05,0.0498294808639636,263,1.0,0.792,0.814,0.7996303207192632,0.3136939704418182,30.843008922005534,119,200,results/v2/proof_shards/Adam/environment.json
v2_fixed_cora_full_epoch_history,75b6113,2026-07-07T18:32:28.168500+00:00,Cora,fixed,training_time,Adam,51,835996086,"{""dropout"": 0.5, ""hidden_channels"": 16, ""learning_rate"": 0.01, ""momentum"": 0.0, ""weight_decay"": 0.0005}",edge_removal,0.1,0.0998484274346343,527,1.0,0.788,0.805,0.7938533696684644,0.3103930652141571,30.00986752199242,189,200,results/v2/proof_shards/Adam/environment.json
v2_fixed_cora_full_epoch_history,75b6113,2026-07-07T18:32:58.892431+00:00,Cora,fixed,training_time,Adam,51,632204538,"{""dropout"": 0.5, ""hidden_channels"": 16, ""learning_rate"": 0.01, ""momentum"": 0.0, ""weight_decay"": 0.0005}",edge_removal,0.2,0.1998863205759757,1055,1.0,0.776,0.782,0.7731110320222069,0.3363442420959472,29.904953826975543,83,200,results/v2/proof_shards/Adam/environment.json
v2_fixed_cora_full_epoch_history,75b6113,2026-07-07T18:33:29.515658+00:00,Cora,fixed,training_time,Adam,51,152051576,"{""dropout"": 0.5, ""hidden_channels"": 16, ""learning_rate"": 0.01, ""momentum"": 0.0, ""weight_decay"": 0.0005}",edge_removal,0.3,0.2999242137173171,1583,0.9928571428571428,0.774,0.783,0.7728543662614129,0.3081382513046264,27.620180102007,73,200,results/v2/proof_shards/Adam/environment.json
v2_fixed_cora_full_epoch_history,75b6113,2026-07-07T18:33:58.018343+00:00,Cora,fixed,training_time,Adam,51,1928543508,"{""dropout"": 0.5, ""hidden_channels"": 16, ""learning_rate"": 0.01, ""momentum"": 0.0, ""weight_decay"": 0.0005}",fake_edge_addition,0.05,0.0498294808639636,263,1.0,0.78,0.804,0.79405297913537,0.3637058138847351,30.85813968302682,133,200,results/v2/proof_shards/Adam/environment.json
v2_fixed_cora_full_epoch_history,75b6113,2026-07-07T18:34:29.691923+00:00,Cora,fixed,training_time,Adam,51,881811045,"{""dropout"": 0.5, ""hidden_channels"": 16, ""learning_rate"": 0.01, ""momentum"": 0.0, ""weight_decay"": 0.0005}",fake_edge_addition,0.1,0.0998484274346343,527,1.0,0.776,0.802,0.7868191538522809,0.3410483300685882,31.97520354599692,163,200,results/v2/proof_shards/Adam/environment.json
v2_fixed_cora_full_epoch_history,75b6113,2026-07-07T18:35:02.618634+00:00,Cora,fixed,training_time,Adam,51,1507838118,"{""dropout"": 0.5, ""hidden_channels"": 16, ""learning_rate"": 0.01, ""momentum"": 0.0, ""weight_decay"": 0.0005}",fake_edge_addition,0.2,0.1998863205759757,1055,1.0,0.77,0.772,0.758699811008686,0.4087616205215454,35.08655814497615,116,200,results/v2/proof_shards/Adam/environment.json
v2_fixed_cora_full_epoch_history,75b6113,2026-07-07T18:35:38.712612+00:00,Cora,fixed,training_time,Adam,51,968466278,"{""dropout"": 0.5, ""hidden_channels"": 16, ""learning_rate"": 0.01, ""momentum"": 0.0, ""weight_decay"": 0.0005}",fake_edge_addition,0.3,0.2999242137173171,1583,0.9928571428571428,0.74,0.746,0.7332033751441742,0.4916188418865204,36.616614157974254,133,200,results/v2/proof_shards/Adam/environment.json
v2_fixed_cora_full_epoch_history,75b6113,2026-07-07T18:29:47.164039+00:00,Cora,fixed,training_time,Adam,51,665317369,"{""dropout"": 0.5, ""hidden_channels"": 16, ""learning_rate"": 0.01, ""momentum"": 0.0, ""weight_decay"": 0.0005}",feature_masking,0.05,0.049983745123537,2460,1.0,0.796,0.813,0.8023218357470542,0.3272629976272583,30.602370501001133,176,200,results/v2/proof_shards/Adam/environment.json
v2_fixed_cora_full_epoch_history,75b6113,2026-07-07T18:30:18.459207+00:00,Cora,fixed,training_time,Adam,51,1484355234,"{""dropout"": 0.5, ""hidden_channels"": 16, ""learning_rate"": 0.01, ""momentum"": 0.0, ""weight_decay"": 0.0005}",feature_masking,0.1,0.0999878088426527,4921,1.0,0.78,0.798,0.7888572852820487,0.3612971007823944,29.706245851004496,74,200,results/v2/proof_shards/Adam/environment.json
v2_fixed_cora_full_epoch_history,75b6113,2026-07-07T18:30:48.969434+00:00,Cora,fixed,training_time,Adam,51,860932264,"{""dropout"": 0.5, ""hidden_channels"": 16, ""learning_rate"": 0.01, ""momentum"": 0.0, ""weight_decay"": 0.0005}",feature_masking,0.2,0.1999959362808842,9843,0.9928571428571428,0.776,0.795,0.7892535564899276,0.3889979124069214,31.8648264700023,94,200,results/v2/proof_shards/Adam/environment.json
v2_fixed_cora_full_epoch_history,75b6113,2026-07-07T18:31:21.569720+00:00,Cora,fixed,training_time,Adam,51,1175607112,"{""dropout"": 0.5, ""hidden_channels"": 16, ""learning_rate"": 0.01, ""momentum"": 0.0, ""weight_decay"": 0.0005}",feature_masking,0.3,0.299983745123537,14764,0.9928571428571428,0.77,0.789,0.7684690752020623,0.4430488348007202,34.07229526701849,135,200,results/v2/proof_shards/Adam/environment.json
v2_fixed_cora_full_epoch_history,75b6113,2026-07-07T17:52:15.598034+00:00,Cora,fixed,training_time,AdamW,42,1793972315,"{""dropout"": 0.5, ""hidden_channels"": 16, ""learning_rate"": 0.01, ""momentum"": 0.0, ""weight_decay"": 0.0005}",clean,0.0,0.0,0,1.0,0.764,0.784,0.7787915508724063,0.0720845982432365,37.00603762100218,84,200,results/v2/proof_shards/AdamW/environment.json
v2_fixed_cora_full_epoch_history,75b6113,2026-07-07T17:55:14.993572+00:00,Cora,fixed,training_time,AdamW,42,281538397,"{""dropout"": 0.5, ""hidden_channels"": 16, ""learning_rate"": 0.01, ""momentum"": 0.0, ""weight_decay"": 0.0005}",edge_removal,0.05,0.0498294808639636,263,1.0,0.784,0.791,0.7806279627242764,0.0654006749391555,34.40312712901505,77,200,results/v2/proof_shards/AdamW/environment.json
v2_fixed_cora_full_epoch_history,75b6113,2026-07-07T17:55:50.235166+00:00,Cora,fixed,training_time,AdamW,42,1835921617,"{""dropout"": 0.5, ""hidden_channels"": 16, ""learning_rate"": 0.01, ""momentum"": 0.0, ""weight_decay"": 0.0005}",edge_removal,0.1,0.0998484274346343,527,1.0,0.778,0.787,0.7762243159695466,0.0591026097536087,31.73638016800396,74,200,results/v2/proof_shards/AdamW/environment.json
v2_fixed_cora_full_epoch_history,75b6113,2026-07-07T17:56:22.572640+00:00,Cora,fixed,training_time,AdamW,42,1777049372,"{""dropout"": 0.5, ""hidden_channels"": 16, ""learning_rate"": 0.01, ""momentum"": 0.0, ""weight_decay"": 0.0005}",edge_removal,0.2,0.1998863205759757,1055,1.0,0.754,0.771,0.7612625815157765,0.0726845636963844,28.05684383600601,39,200,results/v2/proof_shards/AdamW/environment.json
v2_fixed_cora_full_epoch_history,75b6113,2026-07-07T17:56:51.286269+00:00,Cora,fixed,training_time,AdamW,42,345564135,"{""dropout"": 0.5, ""hidden_channels"": 16, ""learning_rate"": 0.01, ""momentum"": 0.0, ""weight_decay"": 0.0005}",edge_removal,0.3,0.2999242137173171,1583,1.0,0.75,0.733,0.7220325755493985,0.0615413673222065,26.563955662975783,39,200,results/v2/proof_shards/AdamW/environment.json
v2_fixed_cora_full_epoch_history,75b6113,2026-07-07T17:57:18.502086+00:00,Cora,fixed,training_time,AdamW,42,291146356,"{""dropout"": 0.5, ""hidden_channels"": 16, ""learning_rate"": 0.01, ""momentum"": 0.0, ""weight_decay"": 0.0005}",fake_edge_addition,0.05,0.0498294808639636,263,1.0,0.778,0.785,0.7767012873958615,0.069396011531353,30.72698278198368,121,200,results/v2/proof_shards/AdamW/environment.json
v2_fixed_cora_full_epoch_history,75b6113,2026-07-07T17:57:49.906808+00:00,Cora,fixed,training_time,AdamW,42,348558900,"{""dropout"": 0.5, ""hidden_channels"": 16, ""learning_rate"": 0.01, ""momentum"": 0.0, ""weight_decay"": 0.0005}",fake_edge_addition,0.1,0.0998484274346343,527,1.0,0.756,0.745,0.7319802207718695,0.1038871333003044,29.33244259102503,119,200,results/v2/proof_shards/AdamW/environment.json
v2_fixed_cora_full_epoch_history,75b6113,2026-07-07T17:58:20.183888+00:00,Cora,fixed,training_time,AdamW,42,163758197,"{""dropout"": 0.5, ""hidden_channels"": 16, ""learning_rate"": 0.01, ""momentum"": 0.0, ""weight_decay"": 0.0005}",fake_edge_addition,0.2,0.1998863205759757,1055,1.0,0.728,0.738,0.7307424826466019,0.0662197396159172,30.96105903800344,84,200,results/v2/proof_shards/AdamW/environment.json
v2_fixed_cora_full_epoch_history,75b6113,2026-07-07T17:58:51.663233+00:00,Cora,fixed,training_time,AdamW,42,1222832403,"{""dropout"": 0.5, ""hidden_channels"": 16, ""learning_rate"": 0.01, ""momentum"": 0.0, ""weight_decay"": 0.0005}",fake_edge_addition,0.3,0.2999242137173171,1583,1.0,0.69,0.722,0.7190141615078073,0.1046724766492843,19.264296220993856,57,200,results/v2/proof_shards/AdamW/environment.json
v2_fixed_cora_full_epoch_history,75b6113,2026-07-07T17:52:53.546738+00:00,Cora,fixed,training_time,AdamW,42,1158803769,"{""dropout"": 0.5, ""hidden_channels"": 16, ""learning_rate"": 0.01, ""momentum"": 0.0, ""weight_decay"": 0.0005}",feature_masking,0.05,0.049983745123537,2460,1.0,0.784,0.776,0.7670360262280552,0.070242129266262,36.274110608996125,112,200,results/v2/proof_shards/AdamW/environment.json
v2_fixed_cora_full_epoch_history,75b6113,2026-07-07T17:53:30.731295+00:00,Cora,fixed,training_time,AdamW,42,468075138,"{""dropout"": 0.5, ""hidden_channels"": 16, ""learning_rate"": 0.01, ""momentum"": 0.0, ""weight_decay"": 0.0005}",feature_masking,0.1,0.0999878088426527,4921,1.0,0.758,0.776,0.7763128741806133,0.061762947589159,33.16611344300327,59,200,results/v2/proof_shards/AdamW/environment.json
v2_fixed_cora_full_epoch_history,75b6113,2026-07-07T17:54:04.741482+00:00,Cora,fixed,training_time,AdamW,42,1528704709,"{""dropout"": 0.5, ""hidden_channels"": 16, ""learning_rate"": 0.01, ""momentum"": 0.0, ""weight_decay"": 0.0005}",feature_masking,0.2,0.1999959362808842,9843,1.0,0.762,0.777,0.7680008566166968,0.0655714198946952,33.10280585399596,134,200,results/v2/proof_shards/AdamW/environment.json
v2_fixed_cora_full_epoch_history,75b6113,2026-07-07T17:54:38.512543+00:00,Cora,fixed,training_time,AdamW,42,2087441680,"{""dropout"": 0.5, ""hidden_channels"": 16, ""learning_rate"": 0.01, ""momentum"": 0.0, ""weight_decay"": 0.0005}",feature_masking,0.3,0.299983745123537,14764,1.0,0.72,0.746,0.7447330798717343,0.1218969598412513,35.667362131993286,107,200,results/v2/proof_shards/AdamW/environment.json
v2_fixed_cora_full_epoch_history,75b6113,2026-07-07T17:59:11.323014+00:00,Cora,fixed,training_time,AdamW,43,1485499966,"{""dropout"": 0.5, ""hidden_channels"": 16, ""learning_rate"": 0.01, ""momentum"": 0.0, ""weight_decay"": 0.0005}",clean,0.0,0.0,0,1.0,0.79,0.788,0.7779352027801317,0.0591686740517616,18.480300205003005,86,200,results/v2/proof_shards/AdamW/environment.json
v2_fixed_cora_full_epoch_history,75b6113,2026-07-07T18:00:47.331731+00:00,Cora,fixed,training_time,AdamW,43,476201058,"{""dropout"": 0.5, ""hidden_channels"": 16, ""learning_rate"": 0.01, ""momentum"": 0.0, ""weight_decay"": 0.0005}",edge_removal,0.05,0.0498294808639636,263,1.0,0.774,0.788,0.7833796716940816,0.0401737913489341,18.39315910200821,90,200,results/v2/proof_shards/AdamW/environment.json
v2_fixed_cora_full_epoch_history,75b6113,2026-07-07T18:01:06.254596+00:00,Cora,fixed,training_time,AdamW,43,1021509641,"{""dropout"": 0.5, ""hidden_channels"": 16, ""learning_rate"": 0.01, ""momentum"": 0.0, ""weight_decay"": 0.0005}",edge_removal,0.1,0.0998484274346343,527,1.0,0.756,0.745,0.7415681926487024,0.055216621607542,20.88702616500086,86,200,results/v2/proof_shards/AdamW/environment.json
v2_fixed_cora_full_epoch_history,75b6113,2026-07-07T18:01:27.722911+00:00,Cora,fixed,training_time,AdamW,43,835941477,"{""dropout"": 0.5, ""hidden_channels"": 16, ""learning_rate"": 0.01, ""momentum"": 0.0, ""weight_decay"": 0.0005}",edge_removal,0.2,0.1998863205759757,1055,1.0,0.752,0.75,0.7419118059851849,0.1443800926208496,16.635041410976555,57,200,results/v2/proof_shards/AdamW/environment.json
v2_fixed_cora_full_epoch_history,75b6113,2026-07-07T18:01:44.757714+00:00,Cora,fixed,training_time,AdamW,43,1085131262,"{""dropout"": 0.5, ""hidden_channels"": 16, ""learning_rate"": 0.01, ""momentum"": 0.0, ""weight_decay"": 0.0005}",edge_removal,0.3,0.2999242137173171,1583,1.0,0.73,0.753,0.7511095409118264,0.0891025960445404,18.392761146998964,73,200,results/v2/proof_shards/AdamW/environment.json
v2_fixed_cora_full_epoch_history,75b6113,2026-07-07T18:02:03.608691+00:00,Cora,fixed,training_time,AdamW,43,1259802063,"{""dropout"": 0.5, ""hidden_channels"": 16, ""learning_rate"": 0.01, ""momentum"": 0.0, ""weight_decay"": 0.0005}",fake_edge_addition,0.05,0.0498294808639636,263,1.0,0.762,0.766,0.7620847513122796,0.062851071357727,18.550590176018886,82,200,results/v2/proof_shards/AdamW/environment.json
v2_fixed_cora_full_epoch_history,75b6113,2026-07-07T18:02:22.656976+00:00,Cora,fixed,training_time,AdamW,43,235409094,"{""dropout"": 0.5, ""hidden_channels"": 16, ""learning_rate"": 0.01, ""momentum"": 0.0, ""weight_decay"": 0.0005}",fake_edge_addition,0.1,0.0998484274346343,527,1.0,0.786,0.769,0.7566469620095381,0.0783730894327163,17.75321678398177,102,200,results/v2/proof_shards/AdamW/environment.json
v2_fixed_cora_full_epoch_history,75b6113,2026-07-07T18:02:40.851472+00:00,Cora,fixed,training_time,AdamW,43,470434941,"{""dropout"": 0.5, ""hidden_channels"": 16, ""learning_rate"": 0.01, ""momentum"": 0.0, ""weight_decay"": 0.0005}",fake_edge_addition,0.2,0.1998863205759757,1055,1.0,0.722,0.743,0.7368618608188944,0.0702210143208503,20.42389234801521,77,200,results/v2/proof_shards/AdamW/environment.json
v2_fixed_cora_full_epoch_history,75b6113,2026-07-07T18:03:01.766709+00:00,Cora,fixed,training_time,AdamW,43,1569807830,"{""dropout"": 0.5, ""hidden_channels"": 16, ""learning_rate"": 0.01, ""momentum"": 0.0, ""weight_decay"": 0.0005}",fake_edge_addition,0.3,0.2999242137173171,1583,1.0,0.724,0.731,0.7163770415533218,0.0933647453784942,18.686115607008105,58,200,results/v2/proof_shards/AdamW/environment.json
v2_fixed_cora_full_epoch_history,75b6113,2026-07-07T17:59:30.257781+00:00,Cora,fixed,training_time,AdamW,43,1831726796,"{""dropout"": 0.5, ""hidden_channels"": 16, ""learning_rate"": 0.01, ""momentum"": 0.0, ""weight_decay"": 0.0005}",feature_masking,0.05,0.049983745123537,2460,1.0,0.784,0.792,0.7857253580579909,0.0537089705467224,18.88168720898102,107,200,results/v2/proof_shards/AdamW/environment.json
v2_fixed_cora_full_epoch_history,75b6113,2026-07-07T17:59:49.577662+00:00,Cora,fixed,training_time,AdamW,43,338315881,"{""dropout"": 0.5, ""hidden_channels"": 16, ""learning_rate"": 0.01, ""momentum"": 0.0, ""weight_decay"": 0.0005}",feature_masking,0.1,0.0999878088426527,4921,1.0,0.76,0.791,0.7852053564480069,0.0812021791934967,19.354838554019807,114,200,results/v2/proof_shards/AdamW/environment.json
v2_fixed_cora_full_epoch_history,75b6113,2026-07-07T18:00:09.349747+00:00,Cora,fixed,training_time,AdamW,43,1125719163,"{""dropout"": 0.5, ""hidden_channels"": 16, ""learning_rate"": 0.01, ""momentum"": 0.0, ""weight_decay"": 0.0005}",feature_masking,0.2,0.1999959362808842,9843,1.0,0.754,0.768,0.7628105192922428,0.0634355545043945,19.256887850002386,87,200,results/v2/proof_shards/AdamW/environment.json
v2_fixed_cora_full_epoch_history,75b6113,2026-07-07T18:00:29.015343+00:00,Cora,fixed,training_time,AdamW,43,1449980515,"{""dropout"": 0.5, ""hidden_channels"": 16, ""learning_rate"": 0.01, ""momentum"": 0.0, ""weight_decay"": 0.0005}",feature_masking,0.3,0.299983745123537,14764,1.0,0.746,0.762,0.7525510927338734,0.0837543383240699,17.853524193982594,185,200,results/v2/proof_shards/AdamW/environment.json
v2_fixed_cora_full_epoch_history,75b6113,2026-07-07T18:03:20.824680+00:00,Cora,fixed,training_time,AdamW,44,1390657455,"{""dropout"": 0.5, ""hidden_channels"": 16, ""learning_rate"": 0.01, ""momentum"": 0.0, ""weight_decay"": 0.0005}",clean,0.0,0.0,0,1.0,0.784,0.787,0.7835405759880109,0.0455001182854175,18.646253343991702,81,200,results/v2/proof_shards/AdamW/environment.json
v2_fixed_cora_full_epoch_history,75b6113,2026-07-07T18:04:53.775266+00:00,Cora,fixed,training_time,AdamW,44,1014692185,"{""dropout"": 0.5, ""hidden_channels"": 16, ""learning_rate"": 0.01, ""momentum"": 0.0, ""weight_decay"": 0.0005}",edge_removal,0.05,0.0498294808639636,263,1.0,0.788,0.779,0.7670845838723419,0.0832827314734458,18.122202956001274,91,200,results/v2/proof_shards/AdamW/environment.json
v2_fixed_cora_full_epoch_history,75b6113,2026-07-07T18:05:12.367189+00:00,Cora,fixed,training_time,AdamW,44,418636639,"{""dropout"": 0.5, ""hidden_channels"": 16, ""learning_rate"": 0.01, ""momentum"": 0.0, ""weight_decay"": 0.0005}",edge_removal,0.1,0.0998484274346343,527,1.0,0.766,0.774,0.7690503476288738,0.0632892623543739,18.788054631993877,74,200,results/v2/proof_shards/AdamW/environment.json
v2_fixed_cora_full_epoch_history,75b6113,2026-07-07T18:05:31.568842+00:00,Cora,fixed,training_time,AdamW,44,706096504,"{""dropout"": 0.5, ""hidden_channels"": 16, ""learning_rate"": 0.01, ""momentum"": 0.0, ""weight_decay"": 0.0005}",edge_removal,0.2,0.1998863205759757,1055,1.0,0.756,0.764,0.7553387762177416,0.0598922595381736,17.182029327988857,58,200,results/v2/proof_shards/AdamW/environment.json
v2_fixed_cora_full_epoch_history,75b6113,2026-07-07T18:05:49.257041+00:00,Cora,fixed,training_time,AdamW,44,1833766889,"{""dropout"": 0.5, ""hidden_channels"": 16, ""learning_rate"": 0.01, ""momentum"": 0.0, ""weight_decay"": 0.0005}",edge_removal,0.3,0.2999242137173171,1583,1.0,0.744,0.741,0.7275398158257225,0.0833121538162231,17.410488766006893,99,200,results/v2/proof_shards/AdamW/environment.json
v2_fixed_cora_full_epoch_history,75b6113,2026-07-07T18:06:07.112294+00:00,Cora,fixed,training_time,AdamW,44,1470216084,"{""dropout"": 0.5, ""hidden_channels"": 16, ""learning_rate"": 0.01, ""momentum"": 0.0, ""weight_decay"": 0.0005}",fake_edge_addition,0.05,0.0498294808639636,263,1.0,0.77,0.763,0.7579675707286179,0.074246734380722,18.549372709996533,88,200,results/v2/proof_shards/AdamW/environment.json
v2_fixed_cora_full_epoch_history,75b6113,2026-07-07T18:06:26.102723+00:00,Cora,fixed,training_time,AdamW,44,443821790,"{""dropout"": 0.5, ""hidden_channels"": 16, ""learning_rate"": 0.01, ""momentum"": 0.0, ""weight_decay"": 0.0005}",fake_edge_addition,0.1,0.0998484274346343,527,1.0,0.754,0.779,0.7739579463116477,0.0581104569137096,19.19566783501068,38,200,results/v2/proof_shards/AdamW/environment.json
v2_fixed_cora_full_epoch_history,75b6113,2026-07-07T18:06:45.808886+00:00,Cora,fixed,training_time,AdamW,44,486253031,"{""dropout"": 0.5, ""hidden_channels"": 16, ""learning_rate"": 0.01, ""momentum"": 0.0, ""weight_decay"": 0.0005}",fake_edge_addition,0.2,0.1998863205759757,1055,1.0,0.7,0.737,0.7246404212496775,0.0556759312748909,27.402859449997777,64,200,results/v2/proof_shards/AdamW/environment.json
v2_fixed_cora_full_epoch_history,75b6113,2026-07-07T18:07:14.472851+00:00,Cora,fixed,training_time,AdamW,44,991203393,"{""dropout"": 0.5, ""hidden_channels"": 16, ""learning_rate"": 0.01, ""momentum"": 0.0, ""weight_decay"": 0.0005}",fake_edge_addition,0.3,0.2999242137173171,1583,1.0,0.698,0.74,0.7209934857691735,0.1061067134141922,37.53268578500138,141,200,results/v2/proof_shards/AdamW/environment.json
v2_fixed_cora_full_epoch_history,75b6113,2026-07-07T18:03:39.858735+00:00,Cora,fixed,training_time,AdamW,44,1667845918,"{""dropout"": 0.5, ""hidden_channels"": 16, ""learning_rate"": 0.01, ""momentum"": 0.0, ""weight_decay"": 0.0005}",feature_masking,0.05,0.049983745123537,2460,1.0,0.744,0.769,0.7625049741652711,0.0512825846672058,17.01579398001195,93,200,results/v2/proof_shards/AdamW/environment.json
v2_fixed_cora_full_epoch_history,75b6113,2026-07-07T18:03:57.288231+00:00,Cora,fixed,training_time,AdamW,44,636711266,"{""dropout"": 0.5, ""hidden_channels"": 16, ""learning_rate"": 0.01, ""momentum"": 0.0, ""weight_decay"": 0.0005}",feature_masking,0.1,0.0999878088426527,4921,1.0,0.756,0.775,0.7687608776528961,0.0551054216921329,20.48863108598744,70,200,results/v2/proof_shards/AdamW/environment.json
v2_fixed_cora_full_epoch_history,75b6113,2026-07-07T18:04:18.201954+00:00,Cora,fixed,training_time,AdamW,44,303954349,"{""dropout"": 0.5, ""hidden_channels"": 16, ""learning_rate"": 0.01, ""momentum"": 0.0, ""weight_decay"": 0.0005}",feature_masking,0.2,0.1999959362808842,9843,1.0,0.752,0.77,0.7612365171916082,0.0665801167488098,17.483702944999095,121,200,results/v2/proof_shards/AdamW/environment.json
v2_fixed_cora_full_epoch_history,75b6113,2026-07-07T18:04:36.243892+00:00,Cora,fixed,training_time,AdamW,44,380722004,"{""dropout"": 0.5, ""hidden_channels"": 16, ""learning_rate"": 0.01, ""momentum"": 0.0, ""weight_decay"": 0.0005}",feature_masking,0.3,0.299983745123537,14764,1.0,0.77,0.777,0.7618813487965223,0.0968495681881904,16.985153401998105,146,200,results/v2/proof_shards/AdamW/environment.json
v2_fixed_cora_full_epoch_history,75b6113,2026-07-07T18:07:52.515910+00:00,Cora,fixed,training_time,AdamW,45,2065125692,"{""dropout"": 0.5, ""hidden_channels"": 16, ""learning_rate"": 0.01, ""momentum"": 0.0, ""weight_decay"": 0.0005}",clean,0.0,0.0,0,1.0,0.778,0.779,0.7710974474052653,0.059201281517744,35.037946742988424,175,200,results/v2/proof_shards/AdamW/environment.json
v2_fixed_cora_full_epoch_history,75b6113,2026-07-07T18:10:46.274609+00:00,Cora,fixed,training_time,AdamW,45,1541305587,"{""dropout"": 0.5, ""hidden_channels"": 16, ""learning_rate"": 0.01, ""momentum"": 0.0, ""weight_decay"": 0.0005}",edge_removal,0.05,0.0498294808639636,263,1.0,0.754,0.757,0.7582707797695113,0.0507646650075912,31.12123501300812,136,200,results/v2/proof_shards/AdamW/environment.json
v2_fixed_cora_full_epoch_history,75b6113,2026-07-07T18:11:18.257452+00:00,Cora,fixed,training_time,AdamW,45,1256155715,"{""dropout"": 0.5, ""hidden_channels"": 16, ""learning_rate"": 0.01, ""momentum"": 0.0, ""weight_decay"": 0.0005}",edge_removal,0.1,0.0998484274346343,527,1.0,0.76,0.77,0.7682536444427506,0.0615249425172805,30.755194844998183,90,200,results/v2/proof_shards/AdamW/environment.json
v2_fixed_cora_full_epoch_history,75b6113,2026-07-07T18:11:50.035556+00:00,Cora,fixed,training_time,AdamW,45,2108958842,"{""dropout"": 0.5, ""hidden_channels"": 16, ""learning_rate"": 0.01, ""momentum"": 0.0, ""weight_decay"": 0.0005}",edge_removal,0.2,0.1998863205759757,1055,1.0,0.758,0.763,0.7533716486054695,0.059693556278944,30.255820257996675,138,200,results/v2/proof_shards/AdamW/environment.json
v2_fixed_cora_full_epoch_history,75b6113,2026-07-07T18:12:20.913265+00:00,Cora,fixed,training_time,AdamW,45,154338299,"{""dropout"": 0.5, ""hidden_channels"": 16, ""learning_rate"": 0.01, ""momentum"": 0.0, ""weight_decay"": 0.0005}",edge_removal,0.3,0.2999242137173171,1583,1.0,0.756,0.746,0.7374917015915398,0.0620850026607513,31.15960454300512,112,200,results/v2/proof_shards/AdamW/environment.json
v2_fixed_cora_full_epoch_history,75b6113,2026-07-07T18:12:52.842770+00:00,Cora,fixed,training_time,AdamW,45,1151681283,"{""dropout"": 0.5, ""hidden_channels"": 16, ""learning_rate"": 0.01, ""momentum"": 0.0, ""weight_decay"": 0.0005}",fake_edge_addition,0.05,0.0498294808639636,263,1.0,0.776,0.766,0.7633136286624909,0.0622707791626453,32.98111832601717,199,200,results/v2/proof_shards/AdamW/environment.json
v2_fixed_cora_full_epoch_history,75b6113,2026-07-07T18:13:26.570877+00:00,Cora,fixed,training_time,AdamW,45,1573060711,"{""dropout"": 0.5, ""hidden_channels"": 16, ""learning_rate"": 0.01, ""momentum"": 0.0, ""weight_decay"": 0.0005}",fake_edge_addition,0.1,0.0998484274346343,527,1.0,0.764,0.781,0.7669447881028005,0.0657200440764427,33.01771518800524,187,200,results/v2/proof_shards/AdamW/environment.json
v2_fixed_cora_full_epoch_history,75b6113,2026-07-07T18:14:00.446762+00:00,Cora,fixed,training_time,AdamW,45,1364309720,"{""dropout"": 0.5, ""hidden_channels"": 16, ""learning_rate"": 0.01, ""momentum"": 0.0, ""weight_decay"": 0.0005}",fake_edge_addition,0.2,0.1998863205759757,1055,1.0,0.704,0.726,0.7237749988122192,0.0701940357685089,33.1931219509861,125,200,results/v2/proof_shards/AdamW/environment.json
v2_fixed_cora_full_epoch_history,75b6113,2026-07-07T18:14:34.481844+00:00,Cora,fixed,training_time,AdamW,45,1571349101,"{""dropout"": 0.5, ""hidden_channels"": 16, ""learning_rate"": 0.01, ""momentum"": 0.0, ""weight_decay"": 0.0005}",fake_edge_addition,0.3,0.2999242137173171,1583,1.0,0.688,0.719,0.7103685009983829,0.0599977225065231,34.30701812301413,64,200,results/v2/proof_shards/AdamW/environment.json
v2_fixed_cora_full_epoch_history,75b6113,2026-07-07T18:08:28.343637+00:00,Cora,fixed,training_time,AdamW,45,1251778488,"{""dropout"": 0.5, ""hidden_channels"": 16, ""learning_rate"": 0.01, ""momentum"": 0.0, ""weight_decay"": 0.0005}",feature_masking,0.05,0.049983745123537,2460,1.0,0.778,0.772,0.7719920291082458,0.0658556818962097,32.737716328992974,89,200,results/v2/proof_shards/AdamW/environment.json
v2_fixed_cora_full_epoch_history,75b6113,2026-07-07T18:09:02.123490+00:00,Cora,fixed,training_time,AdamW,45,1391780483,"{""dropout"": 0.5, ""hidden_channels"": 16, ""learning_rate"": 0.01, ""momentum"": 0.0, ""weight_decay"": 0.0005}",feature_masking,0.1,0.0999878088426527,4921,1.0,0.778,0.77,0.7605730001287359,0.0569734908640384,34.06913453998277,103,200,results/v2/proof_shards/AdamW/environment.json
v2_fixed_cora_full_epoch_history,75b6113,2026-07-07T18:09:36.909549+00:00,Cora,fixed,training_time,AdamW,45,449659986,"{""dropout"": 0.5, ""hidden_channels"": 16, ""learning_rate"": 0.01, ""momentum"": 0.0, ""weight_decay"": 0.0005}",feature_masking,0.2,0.1999959362808842,9843,1.0,0.77,0.795,0.7872562256411122,0.0722867771983146,35.37832818800234,172,200,results/v2/proof_shards/AdamW/environment.json
v2_fixed_cora_full_epoch_history,75b6113,2026-07-07T18:10:12.977197+00:00,Cora,fixed,training_time,AdamW,45,303429012,"{""dropout"": 0.5, ""hidden_channels"": 16, ""learning_rate"": 0.01, ""momentum"": 0.0, ""weight_decay"": 0.0005}",feature_masking,0.3,0.299983745123537,14764,1.0,0.752,0.779,0.7717834520659247,0.084608219563961,32.44384401899879,141,200,results/v2/proof_shards/AdamW/environment.json
v2_fixed_cora_full_epoch_history,75b6113,2026-07-07T18:15:09.415711+00:00,Cora,fixed,training_time,AdamW,46,594573924,"{""dropout"": 0.5, ""hidden_channels"": 16, ""learning_rate"": 0.01, ""momentum"": 0.0, ""weight_decay"": 0.0005}",clean,0.0,0.0,0,1.0,0.784,0.802,0.7959044786492233,0.0652727708220481,36.73300777198165,170,200,results/v2/proof_shards/AdamW/environment.json
v2_fixed_cora_full_epoch_history,75b6113,2026-07-07T18:17:46.401943+00:00,Cora,fixed,training_time,AdamW,46,320552671,"{""dropout"": 0.5, ""hidden_channels"": 16, ""learning_rate"": 0.01, ""momentum"": 0.0, ""weight_decay"": 0.0005}",edge_removal,0.05,0.0498294808639636,263,1.0,0.79,0.793,0.7833981592424821,0.0757022872567176,29.108255333994748,90,200,results/v2/proof_shards/AdamW/environment.json
v2_fixed_cora_full_epoch_history,75b6113,2026-07-07T18:18:16.283659+00:00,Cora,fixed,training_time,AdamW,46,1527953556,"{""dropout"": 0.5, ""hidden_channels"": 16, ""learning_rate"": 0.01, ""momentum"": 0.0, ""weight_decay"": 0.0005}",edge_removal,0.1,0.0998484274346343,527,1.0,0.758,0.777,0.7645025379802524,0.0386114381253719,29.08170554699609,89,200,results/v2/proof_shards/AdamW/environment.json
v2_fixed_cora_full_epoch_history,75b6113,2026-07-07T18:18:45.991834+00:00,Cora,fixed,training_time,AdamW,46,898440789,"{""dropout"": 0.5, ""hidden_channels"": 16, ""learning_rate"": 0.01, ""momentum"": 0.0, ""weight_decay"": 0.0005}",edge_removal,0.2,0.1998863205759757,1055,1.0,0.738,0.75,0.7498281582794589,0.0752695053815841,28.86318248300813,73,200,results/v2/proof_shards/AdamW/environment.json
v2_fixed_cora_full_epoch_history,75b6113,2026-07-07T18:19:15.804985+00:00,Cora,fixed,training_time,AdamW,46,720594002,"{""dropout"": 0.5, ""hidden_channels"": 16, ""learning_rate"": 0.01, ""momentum"": 0.0, ""weight_decay"": 0.0005}",edge_removal,0.3,0.2999242137173171,1583,1.0,0.73,0.733,0.7316685182070068,0.0833297818899154,28.58930587998475,63,200,results/v2/proof_shards/AdamW/environment.json
v2_fixed_cora_full_epoch_history,75b6113,2026-07-07T18:19:45.269706+00:00,Cora,fixed,training_time,AdamW,46,48702128,"{""dropout"": 0.5, ""hidden_channels"": 16, ""learning_rate"": 0.01, ""momentum"": 0.0, ""weight_decay"": 0.0005}",fake_edge_addition,0.05,0.0498294808639636,263,1.0,0.77,0.768,0.7585835375951726,0.0657239481806755,30.75511830899632,112,200,results/v2/proof_shards/AdamW/environment.json
v2_fixed_cora_full_epoch_history,75b6113,2026-07-07T18:20:16.662627+00:00,Cora,fixed,training_time,AdamW,46,1736286133,"{""dropout"": 0.5, ""hidden_channels"": 16, ""learning_rate"": 0.01, ""momentum"": 0.0, ""weight_decay"": 0.0005}",fake_edge_addition,0.1,0.0998484274346343,527,1.0,0.714,0.757,0.7510388639596263,0.0471478626132011,30.384378007001946,67,200,results/v2/proof_shards/AdamW/environment.json
v2_fixed_cora_full_epoch_history,75b6113,2026-07-07T18:20:47.946367+00:00,Cora,fixed,training_time,AdamW,46,404713369,"{""dropout"": 0.5, ""hidden_channels"": 16, ""learning_rate"": 0.01, ""momentum"": 0.0, ""weight_decay"": 0.0005}",fake_edge_addition,0.2,0.1998863205759757,1055,1.0,0.712,0.724,0.7187339232142501,0.0862126275897026,34.2063516319904,73,200,results/v2/proof_shards/AdamW/environment.json
v2_fixed_cora_full_epoch_history,75b6113,2026-07-07T18:21:22.938880+00:00,Cora,fixed,training_time,AdamW,46,520282495,"{""dropout"": 0.5, ""hidden_channels"": 16, ""learning_rate"": 0.01, ""momentum"": 0.0, ""weight_decay"": 0.0005}",fake_edge_addition,0.3,0.2999242137173171,1583,1.0,0.692,0.726,0.7155740819075591,0.0741751790046691,32.67140675900737,86,200,results/v2/proof_shards/AdamW/environment.json
v2_fixed_cora_full_epoch_history,75b6113,2026-07-07T18:15:46.687886+00:00,Cora,fixed,training_time,AdamW,46,1280631732,"{""dropout"": 0.5, ""hidden_channels"": 16, ""learning_rate"": 0.01, ""momentum"": 0.0, ""weight_decay"": 0.0005}",feature_masking,0.05,0.049983745123537,2460,1.0,0.766,0.771,0.7643505208471774,0.0868744477629661,29.57854073800263,85,200,results/v2/proof_shards/AdamW/environment.json
v2_fixed_cora_full_epoch_history,75b6113,2026-07-07T18:16:16.998676+00:00,Cora,fixed,training_time,AdamW,46,6246715,"{""dropout"": 0.5, ""hidden_channels"": 16, ""learning_rate"": 0.01, ""momentum"": 0.0, ""weight_decay"": 0.0005}",feature_masking,0.1,0.0999878088426527,4921,1.0,0.76,0.768,0.7624429740283433,0.0552626252174377,29.239828605990624,164,200,results/v2/proof_shards/AdamW/environment.json
v2_fixed_cora_full_epoch_history,75b6113,2026-07-07T18:16:46.841367+00:00,Cora,fixed,training_time,AdamW,46,1293559868,"{""dropout"": 0.5, ""hidden_channels"": 16, ""learning_rate"": 0.01, ""momentum"": 0.0, ""weight_decay"": 0.0005}",feature_masking,0.2,0.1999959362808842,9843,1.0,0.754,0.759,0.7507884437865272,0.068450704216957,29.0722583559982,66,200,results/v2/proof_shards/AdamW/environment.json
v2_fixed_cora_full_epoch_history,75b6113,2026-07-07T18:17:16.549790+00:00,Cora,fixed,training_time,AdamW,46,966246477,"{""dropout"": 0.5, ""hidden_channels"": 16, ""learning_rate"": 0.01, ""momentum"": 0.0, ""weight_decay"": 0.0005}",feature_masking,0.3,0.299983745123537,14764,1.0,0.752,0.751,0.7407302086303175,0.0847531557083129,29.168764759990157,85,200,results/v2/proof_shards/AdamW/environment.json
v2_fixed_cora_full_epoch_history,75b6113,2026-07-07T18:21:56.302744+00:00,Cora,fixed,training_time,AdamW,47,373860932,"{""dropout"": 0.5, ""hidden_channels"": 16, ""learning_rate"": 0.01, ""momentum"": 0.0, ""weight_decay"": 0.0005}",clean,0.0,0.0,0,1.0,0.78,0.775,0.7709259753353978,0.0681773647665977,29.546495731017785,80,200,results/v2/proof_shards/AdamW/environment.json
v2_fixed_cora_full_epoch_history,75b6113,2026-07-07T18:24:33.337697+00:00,Cora,fixed,training_time,AdamW,47,931329584,"{""dropout"": 0.5, ""hidden_channels"": 16, ""learning_rate"": 0.01, ""momentum"": 0.0, ""weight_decay"": 0.0005}",edge_removal,0.05,0.0498294808639636,263,1.0,0.756,0.772,0.7668430184758906,0.062352854758501,29.348022834019503,96,200,results/v2/proof_shards/AdamW/environment.json
v2_fixed_cora_full_epoch_history,75b6113,2026-07-07T18:25:03.344361+00:00,Cora,fixed,training_time,AdamW,47,98159289,"{""dropout"": 0.5, ""hidden_channels"": 16, ""learning_rate"": 0.01, ""momentum"": 0.0, ""weight_decay"": 0.0005}",edge_removal,0.1,0.0998484274346343,527,1.0,0.778,0.774,0.7607201318037414,0.0541657954454422,28.88611622998724,95,200,results/v2/proof_shards/AdamW/environment.json
v2_fixed_cora_full_epoch_history,75b6113,2026-07-07T18:25:32.866141+00:00,Cora,fixed,training_time,AdamW,47,1871373576,"{""dropout"": 0.5, ""hidden_channels"": 16, ""learning_rate"": 0.01, ""momentum"": 0.0, ""weight_decay"": 0.0005}",edge_removal,0.2,0.1998863205759757,1055,1.0,0.75,0.765,0.7607508413751451,0.0638242289423942,31.602336076000935,53,200,results/v2/proof_shards/AdamW/environment.json
v2_fixed_cora_full_epoch_history,75b6113,2026-07-07T18:26:05.107064+00:00,Cora,fixed,training_time,AdamW,47,161403082,"{""dropout"": 0.5, ""hidden_channels"": 16, ""learning_rate"": 0.01, ""momentum"": 0.0, ""weight_decay"": 0.0005}",edge_removal,0.3,0.2999242137173171,1583,1.0,0.746,0.756,0.7463586570069319,0.0838681459426879,31.0814405970159,24,200,results/v2/proof_shards/AdamW/environment.json
v2_fixed_cora_full_epoch_history,75b6113,2026-07-07T18:26:36.895619+00:00,Cora,fixed,training_time,AdamW,47,1314933832,"{""dropout"": 0.5, ""hidden_channels"": 16, ""learning_rate"": 0.01, ""momentum"": 0.0, ""weight_decay"": 0.0005}",fake_edge_addition,0.05,0.0498294808639636,263,1.0,0.744,0.761,0.7550454460367794,0.098381869494915,27.089762276009424,81,200,results/v2/proof_shards/AdamW/environment.json
v2_fixed_cora_full_epoch_history,75b6113,2026-07-07T18:27:04.312839+00:00,Cora,fixed,training_time,AdamW,47,360095162,"{""dropout"": 0.5, ""hidden_channels"": 16, ""learning_rate"": 0.01, ""momentum"": 0.0, ""weight_decay"": 0.0005}",fake_edge_addition,0.1,0.0998484274346343,527,1.0,0.762,0.765,0.7579088171111726,0.0739503726363182,12.639828270010184,64,200,results/v2/proof_shards/AdamW/environment.json
v2_fixed_cora_full_epoch_history,75b6113,2026-07-07T18:27:17.298844+00:00,Cora,fixed,training_time,AdamW,47,506029908,"{""dropout"": 0.5, ""hidden_channels"": 16, ""learning_rate"": 0.01, ""momentum"": 0.0, ""weight_decay"": 0.0005}",fake_edge_addition,0.2,0.1998863205759757,1055,1.0,0.676,0.704,0.7016823980376558,0.0990274176001548,12.821994723984972,67,200,results/v2/proof_shards/AdamW/environment.json
v2_fixed_cora_full_epoch_history,75b6113,2026-07-07T18:27:30.434533+00:00,Cora,fixed,training_time,AdamW,47,166392995,"{""dropout"": 0.5, ""hidden_channels"": 16, ""learning_rate"": 0.01, ""momentum"": 0.0, ""weight_decay"": 0.0005}",fake_edge_addition,0.3,0.2999242137173171,1583,1.0,0.7,0.722,0.7097638675430252,0.0623900964856147,13.313449933979427,92,200,results/v2/proof_shards/AdamW/environment.json
v2_fixed_cora_full_epoch_history,75b6113,2026-07-07T18:22:26.682170+00:00,Cora,fixed,training_time,AdamW,47,864155217,"{""dropout"": 0.5, ""hidden_channels"": 16, ""learning_rate"": 0.01, ""momentum"": 0.0, ""weight_decay"": 0.0005}",feature_masking,0.05,0.049983745123537,2460,1.0,0.774,0.795,0.7888203418214994,0.0497090853750705,32.51388609199785,81,200,results/v2/proof_shards/AdamW/environment.json
v2_fixed_cora_full_epoch_history,75b6113,2026-07-07T18:23:00.123205+00:00,Cora,fixed,training_time,AdamW,47,1650019642,"{""dropout"": 0.5, ""hidden_channels"": 16, ""learning_rate"": 0.01, ""momentum"": 0.0, ""weight_decay"": 0.0005}",feature_masking,0.1,0.0999878088426527,4921,1.0,0.77,0.775,0.7704935018775368,0.0616156235337257,31.59561011698679,79,200,results/v2/proof_shards/AdamW/environment.json
v2_fixed_cora_full_epoch_history,75b6113,2026-07-07T18:23:32.391502+00:00,Cora,fixed,training_time,AdamW,47,1216567402,"{""dropout"": 0.5, ""hidden_channels"": 16, ""learning_rate"": 0.01, ""momentum"": 0.0, ""weight_decay"": 0.0005}",feature_masking,0.2,0.1999959362808842,9843,1.0,0.73,0.763,0.7576000721758922,0.0921534672379493,31.531161343009444,52,200,results/v2/proof_shards/AdamW/environment.json
v2_fixed_cora_full_epoch_history,75b6113,2026-07-07T18:24:04.616233+00:00,Cora,fixed,training_time,AdamW,47,1324133310,"{""dropout"": 0.5, ""hidden_channels"": 16, ""learning_rate"": 0.01, ""momentum"": 0.0, ""weight_decay"": 0.0005}",feature_masking,0.3,0.299983745123537,14764,1.0,0.756,0.776,0.7689032406827294,0.0941249504685401,28.056142610992534,32,200,results/v2/proof_shards/AdamW/environment.json
v2_fixed_cora_full_epoch_history,75b6113,2026-07-07T18:27:44.016311+00:00,Cora,fixed,training_time,AdamW,48,1735884156,"{""dropout"": 0.5, ""hidden_channels"": 16, ""learning_rate"": 0.01, ""momentum"": 0.0, ""weight_decay"": 0.0005}",clean,0.0,0.0,0,1.0,0.776,0.79,0.782703165437158,0.0428545996546745,12.814413265004989,70,200,results/v2/proof_shards/AdamW/environment.json
v2_fixed_cora_full_epoch_history,75b6113,2026-07-07T18:28:55.098153+00:00,Cora,fixed,training_time,AdamW,48,1021326686,"{""dropout"": 0.5, ""hidden_channels"": 16, ""learning_rate"": 0.01, ""momentum"": 0.0, ""weight_decay"": 0.0005}",edge_removal,0.05,0.0498294808639636,263,1.0,0.778,0.776,0.7714404901616797,0.0593961253762245,31.815263209980916,154,200,results/v2/proof_shards/AdamW/environment.json
v2_fixed_cora_full_epoch_history,75b6113,2026-07-07T18:29:27.576171+00:00,Cora,fixed,training_time,AdamW,48,867199926,"{""dropout"": 0.5, ""hidden_channels"": 16, ""learning_rate"": 0.01, ""momentum"": 0.0, ""weight_decay"": 0.0005}",edge_removal,0.1,0.0998484274346343,527,1.0,0.752,0.762,0.763294285544828,0.0557649321854114,29.475722508999752,79,200,results/v2/proof_shards/AdamW/environment.json
v2_fixed_cora_full_epoch_history,75b6113,2026-07-07T18:29:57.758506+00:00,Cora,fixed,training_time,AdamW,48,380661713,"{""dropout"": 0.5, ""hidden_channels"": 16, ""learning_rate"": 0.01, ""momentum"": 0.0, ""weight_decay"": 0.0005}",edge_removal,0.2,0.1998863205759757,1055,1.0,0.75,0.755,0.7475578931933452,0.0556822828948497,30.366235207009595,67,200,results/v2/proof_shards/AdamW/environment.json
v2_fixed_cora_full_epoch_history,75b6113,2026-07-07T18:30:28.767654+00:00,Cora,fixed,training_time,AdamW,48,1345843887,"{""dropout"": 0.5, ""hidden_channels"": 16, ""learning_rate"": 0.01, ""momentum"": 0.0, ""weight_decay"": 0.0005}",edge_removal,0.3,0.2999242137173171,1583,1.0,0.7,0.71,0.7059105018244595,0.0953225716948509,28.240655272995355,81,200,results/v2/proof_shards/AdamW/environment.json
v2_fixed_cora_full_epoch_history,75b6113,2026-07-07T18:30:58.094125+00:00,Cora,fixed,training_time,AdamW,48,1044726165,"{""dropout"": 0.5, ""hidden_channels"": 16, ""learning_rate"": 0.01, ""momentum"": 0.0, ""weight_decay"": 0.0005}",fake_edge_addition,0.05,0.0498294808639636,263,1.0,0.756,0.774,0.7702313636383946,0.0664163827896118,34.24151187299867,89,200,results/v2/proof_shards/AdamW/environment.json
v2_fixed_cora_full_epoch_history,75b6113,2026-07-07T18:31:33.103197+00:00,Cora,fixed,training_time,AdamW,48,1515886871,"{""dropout"": 0.5, ""hidden_channels"": 16, ""learning_rate"": 0.01, ""momentum"": 0.0, ""weight_decay"": 0.0005}",fake_edge_addition,0.1,0.0998484274346343,527,1.0,0.752,0.763,0.753657635853785,0.0630960240960121,31.642960622994,196,200,results/v2/proof_shards/AdamW/environment.json
v2_fixed_cora_full_epoch_history,75b6113,2026-07-07T18:32:05.624620+00:00,Cora,fixed,training_time,AdamW,48,1064968752,"{""dropout"": 0.5, ""hidden_channels"": 16, ""learning_rate"": 0.01, ""momentum"": 0.0, ""weight_decay"": 0.0005}",fake_edge_addition,0.2,0.1998863205759757,1055,1.0,0.736,0.72,0.7142248611289169,0.0701354518532753,31.155660771008115,152,200,results/v2/proof_shards/AdamW/environment.json
v2_fixed_cora_full_epoch_history,75b6113,2026-07-07T18:32:37.664343+00:00,Cora,fixed,training_time,AdamW,48,1116538844,"{""dropout"": 0.5, ""hidden_channels"": 16, ""learning_rate"": 0.01, ""momentum"": 0.0, ""weight_decay"": 0.0005}",fake_edge_addition,0.3,0.2999242137173171,1583,1.0,0.706,0.696,0.6962099084397496,0.080402672290802,31.18262460100232,88,200,results/v2/proof_shards/AdamW/environment.json
v2_fixed_cora_full_epoch_history,75b6113,2026-07-07T18:27:57.110520+00:00,Cora,fixed,training_time,AdamW,48,400173543,"{""dropout"": 0.5, ""hidden_channels"": 16, ""learning_rate"": 0.01, ""momentum"": 0.0, ""weight_decay"": 0.0005}",feature_masking,0.05,0.049983745123537,2460,1.0,0.78,0.786,0.7776647582107693,0.0665130317211151,11.437426288990537,72,200,results/v2/proof_shards/AdamW/environment.json
v2_fixed_cora_full_epoch_history,75b6113,2026-07-07T18:28:08.809117+00:00,Cora,fixed,training_time,AdamW,48,1879416303,"{""dropout"": 0.5, ""hidden_channels"": 16, ""learning_rate"": 0.01, ""momentum"": 0.0, ""weight_decay"": 0.0005}",feature_masking,0.1,0.0999878088426527,4921,1.0,0.754,0.768,0.7630787906031237,0.0752905681729316,11.614776796021031,61,200,results/v2/proof_shards/AdamW/environment.json
v2_fixed_cora_full_epoch_history,75b6113,2026-07-07T18:28:20.704832+00:00,Cora,fixed,training_time,AdamW,48,1907490878,"{""dropout"": 0.5, ""hidden_channels"": 16, ""learning_rate"": 0.01, ""momentum"": 0.0, ""weight_decay"": 0.0005}",feature_masking,0.2,0.1999959362808842,9843,1.0,0.778,0.788,0.7829793412004042,0.0531203895807266,11.51539997299551,45,200,results/v2/proof_shards/AdamW/environment.json
v2_fixed_cora_full_epoch_history,75b6113,2026-07-07T18:28:32.485305+00:00,Cora,fixed,training_time,AdamW,48,277085816,"{""dropout"": 0.5, ""hidden_channels"": 16, ""learning_rate"": 0.01, ""momentum"": 0.0, ""weight_decay"": 0.0005}",feature_masking,0.3,0.299983745123537,14764,1.0,0.744,0.764,0.7579863937032119,0.1203866377472877,21.90443249099189,92,200,results/v2/proof_shards/AdamW/environment.json
v2_fixed_cora_full_epoch_history,75b6113,2026-07-07T18:33:09.362031+00:00,Cora,fixed,training_time,AdamW,49,1357146464,"{""dropout"": 0.5, ""hidden_channels"": 16, ""learning_rate"": 0.01, ""momentum"": 0.0, ""weight_decay"": 0.0005}",clean,0.0,0.0,0,1.0,0.774,0.78,0.7726649296651329,0.0884818285703659,30.22372511102003,69,200,results/v2/proof_shards/AdamW/environment.json
v2_fixed_cora_full_epoch_history,75b6113,2026-07-07T18:35:46.921274+00:00,Cora,fixed,training_time,AdamW,49,2072431451,"{""dropout"": 0.5, ""hidden_channels"": 16, ""learning_rate"": 0.01, ""momentum"": 0.0, ""weight_decay"": 0.0005}",edge_removal,0.05,0.0498294808639636,263,1.0,0.756,0.778,0.773170653967041,0.0640840530395507,33.56665040398366,70,200,results/v2/proof_shards/AdamW/environment.json
v2_fixed_cora_full_epoch_history,75b6113,2026-07-07T18:36:21.114473+00:00,Cora,fixed,training_time,AdamW,49,1994999946,"{""dropout"": 0.5, ""hidden_channels"": 16, ""learning_rate"": 0.01, ""momentum"": 0.0, ""weight_decay"": 0.0005}",edge_removal,0.1,0.0998484274346343,527,1.0,0.79,0.781,0.774751396185576,0.0661617144942283,27.75104958898737,127,200,results/v2/proof_shards/AdamW/environment.json
v2_fixed_cora_full_epoch_history,75b6113,2026-07-07T18:36:49.525359+00:00,Cora,fixed,training_time,AdamW,49,1599418668,"{""dropout"": 0.5, ""hidden_channels"": 16, ""learning_rate"": 0.01, ""momentum"": 0.0, ""weight_decay"": 0.0005}",edge_removal,0.2,0.1998863205759757,1055,1.0,0.774,0.771,0.7638331921630088,0.0862455368041992,24.12691740700393,136,200,results/v2/proof_shards/AdamW/environment.json
v2_fixed_cora_full_epoch_history,75b6113,2026-07-07T18:37:14.264662+00:00,Cora,fixed,training_time,AdamW,49,1564706098,"{""dropout"": 0.5, ""hidden_channels"": 16, ""learning_rate"": 0.01, ""momentum"": 0.0, ""weight_decay"": 0.0005}",edge_removal,0.3,0.2999242137173171,1583,1.0,0.74,0.732,0.7228218675037571,0.0714563876390457,22.66052098100772,160,200,results/v2/proof_shards/AdamW/environment.json
v2_fixed_cora_full_epoch_history,75b6113,2026-07-07T18:37:37.552999+00:00,Cora,fixed,training_time,AdamW,49,357136351,"{""dropout"": 0.5, ""hidden_channels"": 16, ""learning_rate"": 0.01, ""momentum"": 0.0, ""weight_decay"": 0.0005}",fake_edge_addition,0.05,0.0498294808639636,263,1.0,0.766,0.775,0.7656226292667248,0.0712773129343986,24.261425755976237,48,200,results/v2/proof_shards/AdamW/environment.json
v2_fixed_cora_full_epoch_history,75b6113,2026-07-07T18:38:02.343366+00:00,Cora,fixed,training_time,AdamW,49,756272569,"{""dropout"": 0.5, ""hidden_channels"": 16, ""learning_rate"": 0.01, ""momentum"": 0.0, ""weight_decay"": 0.0005}",fake_edge_addition,0.1,0.0998484274346343,527,1.0,0.76,0.776,0.7667505461126395,0.0821462869644165,25.66202432202408,172,200,results/v2/proof_shards/AdamW/environment.json
v2_fixed_cora_full_epoch_history,75b6113,2026-07-07T18:38:28.817201+00:00,Cora,fixed,training_time,AdamW,49,1369154859,"{""dropout"": 0.5, ""hidden_channels"": 16, ""learning_rate"": 0.01, ""momentum"": 0.0, ""weight_decay"": 0.0005}",fake_edge_addition,0.2,0.1998863205759757,1055,1.0,0.71,0.739,0.7281953719733268,0.0732673779129982,24.66665405599633,65,200,results/v2/proof_shards/AdamW/environment.json
v2_fixed_cora_full_epoch_history,75b6113,2026-07-07T18:38:54.074317+00:00,Cora,fixed,training_time,AdamW,49,2041125229,"{""dropout"": 0.5, ""hidden_channels"": 16, ""learning_rate"": 0.01, ""momentum"": 0.0, ""weight_decay"": 0.0005}",fake_edge_addition,0.3,0.2999242137173171,1583,1.0,0.728,0.701,0.6919673078108409,0.0809089466929435,26.95962074500858,84,200,results/v2/proof_shards/AdamW/environment.json
v2_fixed_cora_full_epoch_history,75b6113,2026-07-07T18:33:40.235234+00:00,Cora,fixed,training_time,AdamW,49,1706207888,"{""dropout"": 0.5, ""hidden_channels"": 16, ""learning_rate"": 0.01, ""momentum"": 0.0, ""weight_decay"": 0.0005}",feature_masking,0.05,0.049983745123537,2460,1.0,0.79,0.794,0.7842814067545356,0.0566847510635852,29.51022836600896,156,200,results/v2/proof_shards/AdamW/environment.json
v2_fixed_cora_full_epoch_history,75b6113,2026-07-07T18:34:10.539553+00:00,Cora,fixed,training_time,AdamW,49,1809993213,"{""dropout"": 0.5, ""hidden_channels"": 16, ""learning_rate"": 0.01, ""momentum"": 0.0, ""weight_decay"": 0.0005}",feature_masking,0.1,0.0999878088426527,4921,1.0,0.784,0.78,0.7706851453659362,0.0528523325920105,30.050409042014508,185,200,results/v2/proof_shards/AdamW/environment.json
v2_fixed_cora_full_epoch_history,75b6113,2026-07-07T18:34:41.300085+00:00,Cora,fixed,training_time,AdamW,49,1901305627,"{""dropout"": 0.5, ""hidden_channels"": 16, ""learning_rate"": 0.01, ""momentum"": 0.0, ""weight_decay"": 0.0005}",feature_masking,0.2,0.1999959362808842,9843,1.0,0.756,0.789,0.7770803813587107,0.0705261901021003,30.2656986489892,72,200,results/v2/proof_shards/AdamW/environment.json
v2_fixed_cora_full_epoch_history,75b6113,2026-07-07T18:35:12.545848+00:00,Cora,fixed,training_time,AdamW,49,1391687604,"{""dropout"": 0.5, ""hidden_channels"": 16, ""learning_rate"": 0.01, ""momentum"": 0.0, ""weight_decay"": 0.0005}",feature_masking,0.3,0.299983745123537,14764,1.0,0.728,0.765,0.7586341426983353,0.0848557949066162,33.47788435098482,44,200,results/v2/proof_shards/AdamW/environment.json
v2_fixed_cora_full_epoch_history,75b6113,2026-07-07T18:39:21.588362+00:00,Cora,fixed,training_time,AdamW,50,1038195238,"{""dropout"": 0.5, ""hidden_channels"": 16, ""learning_rate"": 0.01, ""momentum"": 0.0, ""weight_decay"": 0.0005}",clean,0.0,0.0,0,1.0,0.788,0.798,0.7887907980023396,0.0406995601952075,23.95187759000692,138,200,results/v2/proof_shards/AdamW/environment.json
v2_fixed_cora_full_epoch_history,75b6113,2026-07-07T18:41:23.403645+00:00,Cora,fixed,training_time,AdamW,50,1107404083,"{""dropout"": 0.5, ""hidden_channels"": 16, ""learning_rate"": 0.01, ""momentum"": 0.0, ""weight_decay"": 0.0005}",edge_removal,0.05,0.0498294808639636,263,1.0,0.782,0.788,0.7832156886923501,0.0693036019802093,23.039602536009625,51,200,results/v2/proof_shards/AdamW/environment.json
v2_fixed_cora_full_epoch_history,75b6113,2026-07-07T18:41:46.993831+00:00,Cora,fixed,training_time,AdamW,50,829592281,"{""dropout"": 0.5, ""hidden_channels"": 16, ""learning_rate"": 0.01, ""momentum"": 0.0, ""weight_decay"": 0.0005}",edge_removal,0.1,0.0998484274346343,527,1.0,0.774,0.772,0.7647962380893139,0.0610335618257522,22.9500562690082,106,200,results/v2/proof_shards/AdamW/environment.json
v2_fixed_cora_full_epoch_history,75b6113,2026-07-07T18:42:10.442799+00:00,Cora,fixed,training_time,AdamW,50,1459569192,"{""dropout"": 0.5, ""hidden_channels"": 16, ""learning_rate"": 0.01, ""momentum"": 0.0, ""weight_decay"": 0.0005}",edge_removal,0.2,0.1998863205759757,1055,1.0,0.728,0.751,0.732020006248888,0.0482341051101684,22.82782504698844,92,200,results/v2/proof_shards/AdamW/environment.json
v2_fixed_cora_full_epoch_history,75b6113,2026-07-07T18:42:33.953763+00:00,Cora,fixed,training_time,AdamW,50,1330298828,"{""dropout"": 0.5, ""hidden_channels"": 16, ""learning_rate"": 0.01, ""momentum"": 0.0, ""weight_decay"": 0.0005}",edge_removal,0.3,0.2999242137173171,1583,0.9928571428571428,0.718,0.711,0.7153102502189629,0.068217396736145,23.89982125198003,48,200,results/v2/proof_shards/AdamW/environment.json
v2_fixed_cora_full_epoch_history,75b6113,2026-07-07T18:42:58.447976+00:00,Cora,fixed,training_time,AdamW,50,409403560,"{""dropout"": 0.5, ""hidden_channels"": 16, ""learning_rate"": 0.01, ""momentum"": 0.0, ""weight_decay"": 0.0005}",fake_edge_addition,0.05,0.0498294808639636,263,1.0,0.762,0.775,0.7668350123715345,0.0477459691464901,27.10127550800098,53,200,results/v2/proof_shards/AdamW/environment.json
v2_fixed_cora_full_epoch_history,75b6113,2026-07-07T18:43:26.066538+00:00,Cora,fixed,training_time,AdamW,50,1695481922,"{""dropout"": 0.5, ""hidden_channels"": 16, ""learning_rate"": 0.01, ""momentum"": 0.0, ""weight_decay"": 0.0005}",fake_edge_addition,0.1,0.0998484274346343,527,1.0,0.744,0.762,0.7516420926879717,0.0653961226344108,26.99522604100639,117,200,results/v2/proof_shards/AdamW/environment.json
v2_fixed_cora_full_epoch_history,75b6113,2026-07-07T18:43:53.690789+00:00,Cora,fixed,training_time,AdamW,50,1205263057,"{""dropout"": 0.5, ""hidden_channels"": 16, ""learning_rate"": 0.01, ""momentum"": 0.0, ""weight_decay"": 0.0005}",fake_edge_addition,0.2,0.1998863205759757,1055,1.0,0.734,0.733,0.7220139195439871,0.0780136212706565,23.84143836601288,110,200,results/v2/proof_shards/AdamW/environment.json
v2_fixed_cora_full_epoch_history,75b6113,2026-07-07T18:44:18.144145+00:00,Cora,fixed,training_time,AdamW,50,811393581,"{""dropout"": 0.5, ""hidden_channels"": 16, ""learning_rate"": 0.01, ""momentum"": 0.0, ""weight_decay"": 0.0005}",fake_edge_addition,0.3,0.2999242137173171,1583,1.0,0.698,0.719,0.7064753184910509,0.0851162821054458,34.07670749799581,81,200,results/v2/proof_shards/AdamW/environment.json
v2_fixed_cora_full_epoch_history,75b6113,2026-07-07T18:39:46.089138+00:00,Cora,fixed,training_time,AdamW,50,1884213147,"{""dropout"": 0.5, ""hidden_channels"": 16, ""learning_rate"": 0.01, ""momentum"": 0.0, ""weight_decay"": 0.0005}",feature_masking,0.05,0.049983745123537,2460,1.0,0.774,0.773,0.768896375480305,0.0651137679815292,23.67814699601149,93,200,results/v2/proof_shards/AdamW/environment.json
v2_fixed_cora_full_epoch_history,75b6113,2026-07-07T18:40:10.296133+00:00,Cora,fixed,training_time,AdamW,50,1689336404,"{""dropout"": 0.5, ""hidden_channels"": 16, ""learning_rate"": 0.01, ""momentum"": 0.0, ""weight_decay"": 0.0005}",feature_masking,0.1,0.0999878088426527,4921,1.0,0.788,0.78,0.77143059522287,0.0747614279389381,23.9729966300074,139,200,results/v2/proof_shards/AdamW/environment.json
v2_fixed_cora_full_epoch_history,75b6113,2026-07-07T18:40:34.826713+00:00,Cora,fixed,training_time,AdamW,50,868232870,"{""dropout"": 0.5, ""hidden_channels"": 16, ""learning_rate"": 0.01, ""momentum"": 0.0, ""weight_decay"": 0.0005}",feature_masking,0.2,0.1999959362808842,9843,1.0,0.764,0.763,0.7525345344417523,0.063211053609848,24.625835364015074,79,200,results/v2/proof_shards/AdamW/environment.json
v2_fixed_cora_full_epoch_history,75b6113,2026-07-07T18:40:59.958698+00:00,Cora,fixed,training_time,AdamW,50,1658447151,"{""dropout"": 0.5, ""hidden_channels"": 16, ""learning_rate"": 0.01, ""momentum"": 0.0, ""weight_decay"": 0.0005}",feature_masking,0.3,0.299983745123537,14764,1.0,0.73,0.78,0.7684054895498684,0.0940568819642067,22.762124071014117,150,200,results/v2/proof_shards/AdamW/environment.json
v2_fixed_cora_full_epoch_history,75b6113,2026-07-07T18:44:52.797245+00:00,Cora,fixed,training_time,AdamW,51,922163586,"{""dropout"": 0.5, ""hidden_channels"": 16, ""learning_rate"": 0.01, ""momentum"": 0.0, ""weight_decay"": 0.0005}",clean,0.0,0.0,0,1.0,0.784,0.788,0.777966229107701,0.0581053271889686,26.03615281099337,155,200,results/v2/proof_shards/AdamW/environment.json
v2_fixed_cora_full_epoch_history,75b6113,2026-07-07T18:47:04.186347+00:00,Cora,fixed,training_time,AdamW,51,1136790299,"{""dropout"": 0.5, ""hidden_channels"": 16, ""learning_rate"": 0.01, ""momentum"": 0.0, ""weight_decay"": 0.0005}",edge_removal,0.05,0.0498294808639636,263,1.0,0.764,0.793,0.7878219077020596,0.0536543242633342,25.573970013996583,75,200,results/v2/proof_shards/AdamW/environment.json
v2_fixed_cora_full_epoch_history,75b6113,2026-07-07T18:47:30.415546+00:00,Cora,fixed,training_time,AdamW,51,171009912,"{""dropout"": 0.5, ""hidden_channels"": 16, ""learning_rate"": 0.01, ""momentum"": 0.0, ""weight_decay"": 0.0005}",edge_removal,0.1,0.0998484274346343,527,1.0,0.756,0.748,0.7419651358299425,0.0484103001654148,29.284638432000065,86,200,results/v2/proof_shards/AdamW/environment.json
v2_fixed_cora_full_epoch_history,75b6113,2026-07-07T18:48:00.307510+00:00,Cora,fixed,training_time,AdamW,51,42917869,"{""dropout"": 0.5, ""hidden_channels"": 16, ""learning_rate"": 0.01, ""momentum"": 0.0, ""weight_decay"": 0.0005}",edge_removal,0.2,0.1998863205759757,1055,1.0,0.758,0.754,0.739867051033284,0.0564260222017765,25.37595284901909,51,200,results/v2/proof_shards/AdamW/environment.json
v2_fixed_cora_full_epoch_history,75b6113,2026-07-07T18:48:26.361831+00:00,Cora,fixed,training_time,AdamW,51,611966812,"{""dropout"": 0.5, ""hidden_channels"": 16, ""learning_rate"": 0.01, ""momentum"": 0.0, ""weight_decay"": 0.0005}",edge_removal,0.3,0.2999242137173171,1583,1.0,0.722,0.743,0.728613367705674,0.0704571604728698,19.523825103009585,73,200,results/v2/proof_shards/AdamW/environment.json
v2_fixed_cora_full_epoch_history,75b6113,2026-07-07T18:48:46.230381+00:00,Cora,fixed,training_time,AdamW,51,319439131,"{""dropout"": 0.5, ""hidden_channels"": 16, ""learning_rate"": 0.01, ""momentum"": 0.0, ""weight_decay"": 0.0005}",fake_edge_addition,0.05,0.0498294808639636,263,1.0,0.74,0.757,0.7538056527037044,0.0685131028294563,10.935792828997364,77,200,results/v2/proof_shards/AdamW/environment.json
v2_fixed_cora_full_epoch_history,75b6113,2026-07-07T18:48:57.388020+00:00,Cora,fixed,training_time,AdamW,51,1122230093,"{""dropout"": 0.5, ""hidden_channels"": 16, ""learning_rate"": 0.01, ""momentum"": 0.0, ""weight_decay"": 0.0005}",fake_edge_addition,0.1,0.0998484274346343,527,1.0,0.74,0.777,0.7643138390777374,0.0635391771793365,9.678208466008073,97,200,results/v2/proof_shards/AdamW/environment.json
v2_fixed_cora_full_epoch_history,75b6113,2026-07-07T18:49:07.378560+00:00,Cora,fixed,training_time,AdamW,51,1630389518,"{""dropout"": 0.5, ""hidden_channels"": 16, ""learning_rate"": 0.01, ""momentum"": 0.0, ""weight_decay"": 0.0005}",fake_edge_addition,0.2,0.1998863205759757,1055,1.0,0.71,0.741,0.7262946401433956,0.070187933743,9.954888091015164,19,200,results/v2/proof_shards/AdamW/environment.json
v2_fixed_cora_full_epoch_history,75b6113,2026-07-07T18:49:17.586263+00:00,Cora,fixed,training_time,AdamW,51,672273599,"{""dropout"": 0.5, ""hidden_channels"": 16, ""learning_rate"": 0.01, ""momentum"": 0.0, ""weight_decay"": 0.0005}",fake_edge_addition,0.3,0.2999242137173171,1583,1.0,0.704,0.723,0.7183097101924151,0.0816536471247673,8.047184183989884,67,200,results/v2/proof_shards/AdamW/environment.json
v2_fixed_cora_full_epoch_history,75b6113,2026-07-07T18:45:19.413423+00:00,Cora,fixed,training_time,AdamW,51,249839811,"{""dropout"": 0.5, ""hidden_channels"": 16, ""learning_rate"": 0.01, ""momentum"": 0.0, ""weight_decay"": 0.0005}",feature_masking,0.05,0.049983745123537,2460,1.0,0.768,0.78,0.7760102610853165,0.0558592118322849,26.30946424699505,102,200,results/v2/proof_shards/AdamW/environment.json
v2_fixed_cora_full_epoch_history,75b6113,2026-07-07T18:45:46.367227+00:00,Cora,fixed,training_time,AdamW,51,373653191,"{""dropout"": 0.5, ""hidden_channels"": 16, ""learning_rate"": 0.01, ""momentum"": 0.0, ""weight_decay"": 0.0005}",feature_masking,0.1,0.0999878088426527,4921,1.0,0.77,0.78,0.7742103936647847,0.0627320632338523,24.674991325999144,116,200,results/v2/proof_shards/AdamW/environment.json
v2_fixed_cora_full_epoch_history,75b6113,2026-07-07T18:46:11.555997+00:00,Cora,fixed,training_time,AdamW,51,340855388,"{""dropout"": 0.5, ""hidden_channels"": 16, ""learning_rate"": 0.01, ""momentum"": 0.0, ""weight_decay"": 0.0005}",feature_masking,0.2,0.1999959362808842,9843,1.0,0.762,0.771,0.7672827905294086,0.0694132894277572,25.462867066002215,76,200,results/v2/proof_shards/AdamW/environment.json
v2_fixed_cora_full_epoch_history,75b6113,2026-07-07T18:46:37.843696+00:00,Cora,fixed,training_time,AdamW,51,1943413817,"{""dropout"": 0.5, ""hidden_channels"": 16, ""learning_rate"": 0.01, ""momentum"": 0.0, ""weight_decay"": 0.0005}",feature_masking,0.3,0.299983745123537,14764,1.0,0.728,0.752,0.7520864522178173,0.0687321498990058,25.72749573100009,86,200,results/v2/proof_shards/AdamW/environment.json
v2_fixed_cora_full_epoch_history,75b6113,2026-07-07T17:52:15.883915+00:00,Cora,fixed,training_time,RMSProp,42,850258994,"{""dropout"": 0.5, ""hidden_channels"": 16, ""learning_rate"": 0.01, ""momentum"": 0.0, ""weight_decay"": 0.0005}",clean,0.0,0.0,0,0.9928571428571428,0.798,0.806,0.7953529111017275,0.3141821622848511,43.27558069801307,30,200,results/v2/proof_shards/RMSProp/environment.json
v2_fixed_cora_full_epoch_history,75b6113,2026-07-07T17:55:42.745395+00:00,Cora,fixed,training_time,RMSProp,42,1526498822,"{""dropout"": 0.5, ""hidden_channels"": 16, ""learning_rate"": 0.01, ""momentum"": 0.0, ""weight_decay"": 0.0005}",edge_removal,0.05,0.0498294808639636,263,0.9928571428571428,0.784,0.794,0.7841657163556993,0.5379223227500916,39.83067701000255,121,200,results/v2/proof_shards/RMSProp/environment.json
v2_fixed_cora_full_epoch_history,75b6113,2026-07-07T17:56:23.462555+00:00,Cora,fixed,training_time,RMSProp,42,1721588419,"{""dropout"": 0.5, ""hidden_channels"": 16, ""learning_rate"": 0.01, ""momentum"": 0.0, ""weight_decay"": 0.0005}",edge_removal,0.1,0.0998484274346343,527,1.0,0.798,0.809,0.7997933451002951,0.2739485204219818,32.062761615990894,33,200,results/v2/proof_shards/RMSProp/environment.json
v2_fixed_cora_full_epoch_history,75b6113,2026-07-07T17:56:56.265313+00:00,Cora,fixed,training_time,RMSProp,42,162091347,"{""dropout"": 0.5, ""hidden_channels"": 16, ""learning_rate"": 0.01, ""momentum"": 0.0, ""weight_decay"": 0.0005}",edge_removal,0.2,0.1998863205759757,1055,1.0,0.782,0.793,0.7773510768280405,0.2976761162281036,31.434950995986583,145,200,results/v2/proof_shards/RMSProp/environment.json
v2_fixed_cora_full_epoch_history,75b6113,2026-07-07T17:57:28.645404+00:00,Cora,fixed,training_time,RMSProp,42,996436660,"{""dropout"": 0.5, ""hidden_channels"": 16, ""learning_rate"": 0.01, ""momentum"": 0.0, ""weight_decay"": 0.0005}",edge_removal,0.3,0.2999242137173171,1583,1.0,0.754,0.756,0.7449759477316776,0.3014852702617645,32.42745320999529,65,200,results/v2/proof_shards/RMSProp/environment.json
v2_fixed_cora_full_epoch_history,75b6113,2026-07-07T17:58:01.862695+00:00,Cora,fixed,training_time,RMSProp,42,1973819337,"{""dropout"": 0.5, ""hidden_channels"": 16, ""learning_rate"": 0.01, ""momentum"": 0.0, ""weight_decay"": 0.0005}",fake_edge_addition,0.05,0.0498294808639636,263,1.0,0.792,0.814,0.8063224854001395,0.3956350088119507,35.772966066986555,37,200,results/v2/proof_shards/RMSProp/environment.json
v2_fixed_cora_full_epoch_history,75b6113,2026-07-07T17:58:38.952796+00:00,Cora,fixed,training_time,RMSProp,42,510229206,"{""dropout"": 0.5, ""hidden_channels"": 16, ""learning_rate"": 0.01, ""momentum"": 0.0, ""weight_decay"": 0.0005}",fake_edge_addition,0.1,0.0998484274346343,527,0.9928571428571428,0.724,0.754,0.7448308372008234,0.4996430575847626,26.753842931997497,194,200,results/v2/proof_shards/RMSProp/environment.json
v2_fixed_cora_full_epoch_history,75b6113,2026-07-07T17:59:06.220988+00:00,Cora,fixed,training_time,RMSProp,42,710712242,"{""dropout"": 0.5, ""hidden_channels"": 16, ""learning_rate"": 0.01, ""momentum"": 0.0, ""weight_decay"": 0.0005}",fake_edge_addition,0.2,0.1998863205759757,1055,1.0,0.748,0.758,0.7530177280606255,0.4084884226322174,22.142155497014755,173,200,results/v2/proof_shards/RMSProp/environment.json
v2_fixed_cora_full_epoch_history,75b6113,2026-07-07T17:59:29.051569+00:00,Cora,fixed,training_time,RMSProp,42,581042776,"{""dropout"": 0.5, ""hidden_channels"": 16, ""learning_rate"": 0.01, ""momentum"": 0.0, ""weight_decay"": 0.0005}",fake_edge_addition,0.3,0.2999242137173171,1583,1.0,0.73,0.755,0.742646115113793,0.4852684438228607,24.372782074991846,155,200,results/v2/proof_shards/RMSProp/environment.json
v2_fixed_cora_full_epoch_history,75b6113,2026-07-07T17:53:00.068310+00:00,Cora,fixed,training_time,RMSProp,42,1507593393,"{""dropout"": 0.5, ""hidden_channels"": 16, ""learning_rate"": 0.01, ""momentum"": 0.0, ""weight_decay"": 0.0005}",feature_masking,0.05,0.049983745123537,2460,0.9928571428571428,0.79,0.801,0.7911950256845953,0.505099892616272,42.19578443601495,186,200,results/v2/proof_shards/RMSProp/environment.json
v2_fixed_cora_full_epoch_history,75b6113,2026-07-07T17:53:42.992129+00:00,Cora,fixed,training_time,RMSProp,42,1176522124,"{""dropout"": 0.5, ""hidden_channels"": 16, ""learning_rate"": 0.01, ""momentum"": 0.0, ""weight_decay"": 0.0005}",feature_masking,0.1,0.0999878088426527,4921,0.9928571428571428,0.776,0.776,0.7678237280961919,0.4178925454616546,39.31228336098138,179,200,results/v2/proof_shards/RMSProp/environment.json
v2_fixed_cora_full_epoch_history,75b6113,2026-07-07T17:54:23.077628+00:00,Cora,fixed,training_time,RMSProp,42,2016525353,"{""dropout"": 0.5, ""hidden_channels"": 16, ""learning_rate"": 0.01, ""momentum"": 0.0, ""weight_decay"": 0.0005}",feature_masking,0.2,0.1999959362808842,9843,1.0,0.788,0.802,0.7890913123498937,0.3970103561878204,38.4345617479994,164,200,results/v2/proof_shards/RMSProp/environment.json
v2_fixed_cora_full_epoch_history,75b6113,2026-07-07T17:55:02.420861+00:00,Cora,fixed,training_time,RMSProp,42,723924257,"{""dropout"": 0.5, ""hidden_channels"": 16, ""learning_rate"": 0.01, ""momentum"": 0.0, ""weight_decay"": 0.0005}",feature_masking,0.3,0.299983745123537,14764,0.9928571428571428,0.792,0.778,0.7738368162727287,0.3690001666545868,39.20450281401281,93,200,results/v2/proof_shards/RMSProp/environment.json
v2_fixed_cora_full_epoch_history,75b6113,2026-07-07T17:59:53.890514+00:00,Cora,fixed,training_time,RMSProp,43,93959779,"{""dropout"": 0.5, ""hidden_channels"": 16, ""learning_rate"": 0.01, ""momentum"": 0.0, ""weight_decay"": 0.0005}",clean,0.0,0.0,0,1.0,0.784,0.81,0.7994980127854656,0.3646261990070343,23.85208560698084,187,200,results/v2/proof_shards/RMSProp/environment.json
v2_fixed_cora_full_epoch_history,75b6113,2026-07-07T18:01:47.921136+00:00,Cora,fixed,training_time,RMSProp,43,755817467,"{""dropout"": 0.5, ""hidden_channels"": 16, ""learning_rate"": 0.01, ""momentum"": 0.0, ""weight_decay"": 0.0005}",edge_removal,0.05,0.0498294808639636,263,0.9928571428571428,0.79,0.806,0.7991228731444152,0.41077920794487,22.957045168004697,145,200,results/v2/proof_shards/RMSProp/environment.json
v2_fixed_cora_full_epoch_history,75b6113,2026-07-07T18:02:11.389978+00:00,Cora,fixed,training_time,RMSProp,43,304255218,"{""dropout"": 0.5, ""hidden_channels"": 16, ""learning_rate"": 0.01, ""momentum"": 0.0, ""weight_decay"": 0.0005}",edge_removal,0.1,0.0998484274346343,527,1.0,0.792,0.804,0.7928146735627537,0.2825360596179962,20.84880761700333,32,200,results/v2/proof_shards/RMSProp/environment.json
v2_fixed_cora_full_epoch_history,75b6113,2026-07-07T18:02:32.704893+00:00,Cora,fixed,training_time,RMSProp,43,172034768,"{""dropout"": 0.5, ""hidden_channels"": 16, ""learning_rate"": 0.01, ""momentum"": 0.0, ""weight_decay"": 0.0005}",edge_removal,0.2,0.1998863205759757,1055,0.9928571428571428,0.774,0.805,0.7973411856492741,0.3777953684329986,21.896455049020005,39,200,results/v2/proof_shards/RMSProp/environment.json
v2_fixed_cora_full_epoch_history,75b6113,2026-07-07T18:02:55.104473+00:00,Cora,fixed,training_time,RMSProp,43,1260576830,"{""dropout"": 0.5, ""hidden_channels"": 16, ""learning_rate"": 0.01, ""momentum"": 0.0, ""weight_decay"": 0.0005}",edge_removal,0.3,0.2999242137173171,1583,1.0,0.766,0.773,0.757200824927045,0.2619444131851196,19.26889031601604,43,200,results/v2/proof_shards/RMSProp/environment.json
v2_fixed_cora_full_epoch_history,75b6113,2026-07-07T18:03:14.975716+00:00,Cora,fixed,training_time,RMSProp,43,1021329372,"{""dropout"": 0.5, ""hidden_channels"": 16, ""learning_rate"": 0.01, ""momentum"": 0.0, ""weight_decay"": 0.0005}",fake_edge_addition,0.05,0.0498294808639636,263,0.9928571428571428,0.79,0.796,0.7851064866251642,0.3352838456630707,21.333322541002417,31,200,results/v2/proof_shards/RMSProp/environment.json
v2_fixed_cora_full_epoch_history,75b6113,2026-07-07T18:03:36.915998+00:00,Cora,fixed,training_time,RMSProp,43,1724728880,"{""dropout"": 0.5, ""hidden_channels"": 16, ""learning_rate"": 0.01, ""momentum"": 0.0, ""weight_decay"": 0.0005}",fake_edge_addition,0.1,0.0998484274346343,527,1.0,0.786,0.791,0.7796986400390932,0.3939202725887298,21.534118112991564,72,200,results/v2/proof_shards/RMSProp/environment.json
v2_fixed_cora_full_epoch_history,75b6113,2026-07-07T18:03:58.945241+00:00,Cora,fixed,training_time,RMSProp,43,948867793,"{""dropout"": 0.5, ""hidden_channels"": 16, ""learning_rate"": 0.01, ""momentum"": 0.0, ""weight_decay"": 0.0005}",fake_edge_addition,0.2,0.1998863205759757,1055,1.0,0.758,0.757,0.7504784185126204,0.4005636274814605,24.275266351003665,100,200,results/v2/proof_shards/RMSProp/environment.json
v2_fixed_cora_full_epoch_history,75b6113,2026-07-07T18:04:23.709087+00:00,Cora,fixed,training_time,RMSProp,43,499272854,"{""dropout"": 0.5, ""hidden_channels"": 16, ""learning_rate"": 0.01, ""momentum"": 0.0, ""weight_decay"": 0.0005}",fake_edge_addition,0.3,0.2999242137173171,1583,0.9928571428571428,0.722,0.74,0.7254320777639782,0.5256936550140381,21.901712774997577,163,200,results/v2/proof_shards/RMSProp/environment.json
v2_fixed_cora_full_epoch_history,75b6113,2026-07-07T18:00:18.240537+00:00,Cora,fixed,training_time,RMSProp,43,1658507489,"{""dropout"": 0.5, ""hidden_channels"": 16, ""learning_rate"": 0.01, ""momentum"": 0.0, ""weight_decay"": 0.0005}",feature_masking,0.05,0.049983745123537,2460,1.0,0.784,0.8,0.7876813423424052,0.3916125893592834,21.682659835001687,81,200,results/v2/proof_shards/RMSProp/environment.json
v2_fixed_cora_full_epoch_history,75b6113,2026-07-07T18:00:40.384180+00:00,Cora,fixed,training_time,RMSProp,43,1638255714,"{""dropout"": 0.5, ""hidden_channels"": 16, ""learning_rate"": 0.01, ""momentum"": 0.0, ""weight_decay"": 0.0005}",feature_masking,0.1,0.0999878088426527,4921,0.9928571428571428,0.79,0.798,0.7831904565110493,0.3829770386219024,22.048393389006375,55,200,results/v2/proof_shards/RMSProp/environment.json
v2_fixed_cora_full_epoch_history,75b6113,2026-07-07T18:01:02.908590+00:00,Cora,fixed,training_time,RMSProp,43,63400756,"{""dropout"": 0.5, ""hidden_channels"": 16, ""learning_rate"": 0.01, ""momentum"": 0.0, ""weight_decay"": 0.0005}",feature_masking,0.2,0.1999959362808842,9843,1.0,0.79,0.806,0.793857824397815,0.4038318693637848,24.64022800300154,83,200,results/v2/proof_shards/RMSProp/environment.json
v2_fixed_cora_full_epoch_history,75b6113,2026-07-07T18:01:28.044912+00:00,Cora,fixed,training_time,RMSProp,43,897900206,"{""dropout"": 0.5, ""hidden_channels"": 16, ""learning_rate"": 0.01, ""momentum"": 0.0, ""weight_decay"": 0.0005}",feature_masking,0.3,0.299983745123537,14764,1.0,0.798,0.801,0.7844054403445065,0.4176556169986725,19.467058927984908,87,200,results/v2/proof_shards/RMSProp/environment.json
v2_fixed_cora_full_epoch_history,75b6113,2026-07-07T18:04:45.972712+00:00,Cora,fixed,training_time,RMSProp,44,1880968939,"{""dropout"": 0.5, ""hidden_channels"": 16, ""learning_rate"": 0.01, ""momentum"": 0.0, ""weight_decay"": 0.0005}",clean,0.0,0.0,0,1.0,0.798,0.799,0.7902772843180166,0.3382817506790161,21.04785730698495,63,200,results/v2/proof_shards/RMSProp/environment.json
v2_fixed_cora_full_epoch_history,75b6113,2026-07-07T18:06:34.520796+00:00,Cora,fixed,training_time,RMSProp,44,283038458,"{""dropout"": 0.5, ""hidden_channels"": 16, ""learning_rate"": 0.01, ""momentum"": 0.0, ""weight_decay"": 0.0005}",edge_removal,0.05,0.0498294808639636,263,1.0,0.786,0.803,0.7926742298023826,0.3209513127803802,21.743107857008,177,200,results/v2/proof_shards/RMSProp/environment.json
v2_fixed_cora_full_epoch_history,75b6113,2026-07-07T18:06:56.982465+00:00,Cora,fixed,training_time,RMSProp,44,200317317,"{""dropout"": 0.5, ""hidden_channels"": 16, ""learning_rate"": 0.01, ""momentum"": 0.0, ""weight_decay"": 0.0005}",edge_removal,0.1,0.0998484274346343,527,1.0,0.784,0.805,0.7913881763748981,0.2580936849117279,40.72426281901426,179,200,results/v2/proof_shards/RMSProp/environment.json
v2_fixed_cora_full_epoch_history,75b6113,2026-07-07T18:07:38.375853+00:00,Cora,fixed,training_time,RMSProp,44,411405006,"{""dropout"": 0.5, ""hidden_channels"": 16, ""learning_rate"": 0.01, ""momentum"": 0.0, ""weight_decay"": 0.0005}",edge_removal,0.2,0.1998863205759757,1055,1.0,0.772,0.776,0.7622104279241307,0.2677262127399444,38.30330897599925,181,200,results/v2/proof_shards/RMSProp/environment.json
v2_fixed_cora_full_epoch_history,75b6113,2026-07-07T18:08:17.772732+00:00,Cora,fixed,training_time,RMSProp,44,852985391,"{""dropout"": 0.5, ""hidden_channels"": 16, ""learning_rate"": 0.01, ""momentum"": 0.0, ""weight_decay"": 0.0005}",edge_removal,0.3,0.2999242137173171,1583,1.0,0.762,0.778,0.7684809821199609,0.3786291182041168,37.28248926802189,54,200,results/v2/proof_shards/RMSProp/environment.json
v2_fixed_cora_full_epoch_history,75b6113,2026-07-07T18:08:56.008038+00:00,Cora,fixed,training_time,RMSProp,44,965186278,"{""dropout"": 0.5, ""hidden_channels"": 16, ""learning_rate"": 0.01, ""momentum"": 0.0, ""weight_decay"": 0.0005}",fake_edge_addition,0.05,0.0498294808639636,263,1.0,0.768,0.792,0.7817560380527379,0.6301302909851074,43.383449371991446,181,200,results/v2/proof_shards/RMSProp/environment.json
v2_fixed_cora_full_epoch_history,75b6113,2026-07-07T18:09:40.143562+00:00,Cora,fixed,training_time,RMSProp,44,1723478331,"{""dropout"": 0.5, ""hidden_channels"": 16, ""learning_rate"": 0.01, ""momentum"": 0.0, ""weight_decay"": 0.0005}",fake_edge_addition,0.1,0.0998484274346343,527,0.9928571428571428,0.762,0.798,0.7842623644119152,0.3853440284729004,42.823833513015416,89,200,results/v2/proof_shards/RMSProp/environment.json
v2_fixed_cora_full_epoch_history,75b6113,2026-07-07T18:10:23.683679+00:00,Cora,fixed,training_time,RMSProp,44,105422768,"{""dropout"": 0.5, ""hidden_channels"": 16, ""learning_rate"": 0.01, ""momentum"": 0.0, ""weight_decay"": 0.0005}",fake_edge_addition,0.2,0.1998863205759757,1055,0.9928571428571428,0.75,0.763,0.756247673320028,0.4074858725070953,37.18437456100946,77,200,results/v2/proof_shards/RMSProp/environment.json
v2_fixed_cora_full_epoch_history,75b6113,2026-07-07T18:11:01.800511+00:00,Cora,fixed,training_time,RMSProp,44,635115819,"{""dropout"": 0.5, ""hidden_channels"": 16, ""learning_rate"": 0.01, ""momentum"": 0.0, ""weight_decay"": 0.0005}",fake_edge_addition,0.3,0.2999242137173171,1583,1.0,0.742,0.754,0.7409359594814864,0.4080828130245209,39.12795367999934,157,200,results/v2/proof_shards/RMSProp/environment.json
v2_fixed_cora_full_epoch_history,75b6113,2026-07-07T18:05:07.476475+00:00,Cora,fixed,training_time,RMSProp,44,776688678,"{""dropout"": 0.5, ""hidden_channels"": 16, ""learning_rate"": 0.01, ""momentum"": 0.0, ""weight_decay"": 0.0005}",feature_masking,0.05,0.049983745123537,2460,1.0,0.794,0.808,0.7974677586093044,0.2742854952812195,21.633368586015425,25,200,results/v2/proof_shards/RMSProp/environment.json
v2_fixed_cora_full_epoch_history,75b6113,2026-07-07T18:05:29.595555+00:00,Cora,fixed,training_time,RMSProp,44,420713439,"{""dropout"": 0.5, ""hidden_channels"": 16, ""learning_rate"": 0.01, ""momentum"": 0.0, ""weight_decay"": 0.0005}",feature_masking,0.1,0.0999878088426527,4921,0.9928571428571428,0.762,0.786,0.7757077807410069,0.4262992739677429,21.13575341098476,33,200,results/v2/proof_shards/RMSProp/environment.json
v2_fixed_cora_full_epoch_history,75b6113,2026-07-07T18:05:51.384176+00:00,Cora,fixed,training_time,RMSProp,44,1375483361,"{""dropout"": 0.5, ""hidden_channels"": 16, ""learning_rate"": 0.01, ""momentum"": 0.0, ""weight_decay"": 0.0005}",feature_masking,0.2,0.1999959362808842,9843,0.9928571428571428,0.76,0.775,0.7680904293846593,0.4149723351001739,20.710499788983725,60,200,results/v2/proof_shards/RMSProp/environment.json
v2_fixed_cora_full_epoch_history,75b6113,2026-07-07T18:06:12.590595+00:00,Cora,fixed,training_time,RMSProp,44,679750542,"{""dropout"": 0.5, ""hidden_channels"": 16, ""learning_rate"": 0.01, ""momentum"": 0.0, ""weight_decay"": 0.0005}",feature_masking,0.3,0.299983745123537,14764,0.9928571428571428,0.774,0.783,0.7687210558173756,0.5846595168113708,21.47534012401593,190,200,results/v2/proof_shards/RMSProp/environment.json
v2_fixed_cora_full_epoch_history,75b6113,2026-07-07T18:11:41.609494+00:00,Cora,fixed,training_time,RMSProp,45,2127280492,"{""dropout"": 0.5, ""hidden_channels"": 16, ""learning_rate"": 0.01, ""momentum"": 0.0, ""weight_decay"": 0.0005}",clean,0.0,0.0,0,1.0,0.794,0.818,0.8060586452618682,0.3445143699645996,36.07148884699564,54,200,results/v2/proof_shards/RMSProp/environment.json
v2_fixed_cora_full_epoch_history,75b6113,2026-07-07T18:14:50.211084+00:00,Cora,fixed,training_time,RMSProp,45,1391139151,"{""dropout"": 0.5, ""hidden_channels"": 16, ""learning_rate"": 0.01, ""momentum"": 0.0, ""weight_decay"": 0.0005}",edge_removal,0.05,0.0498294808639636,263,1.0,0.786,0.788,0.7772354421773624,0.3157564401626587,42.85199097299483,29,200,results/v2/proof_shards/RMSProp/environment.json
v2_fixed_cora_full_epoch_history,75b6113,2026-07-07T18:15:33.790865+00:00,Cora,fixed,training_time,RMSProp,45,1908448468,"{""dropout"": 0.5, ""hidden_channels"": 16, ""learning_rate"": 0.01, ""momentum"": 0.0, ""weight_decay"": 0.0005}",edge_removal,0.1,0.0998484274346343,527,1.0,0.794,0.803,0.7939483895250795,0.3290351033210754,35.62981790699996,31,200,results/v2/proof_shards/RMSProp/environment.json
v2_fixed_cora_full_epoch_history,75b6113,2026-07-07T18:16:10.101713+00:00,Cora,fixed,training_time,RMSProp,45,1994456832,"{""dropout"": 0.5, ""hidden_channels"": 16, ""learning_rate"": 0.01, ""momentum"": 0.0, ""weight_decay"": 0.0005}",edge_removal,0.2,0.1998863205759757,1055,0.9928571428571428,0.762,0.778,0.7745358868316875,0.4547699093818664,34.19585292600095,164,200,results/v2/proof_shards/RMSProp/environment.json
v2_fixed_cora_full_epoch_history,75b6113,2026-07-07T18:16:44.940625+00:00,Cora,fixed,training_time,RMSProp,45,2064056277,"{""dropout"": 0.5, ""hidden_channels"": 16, ""learning_rate"": 0.01, ""momentum"": 0.0, ""weight_decay"": 0.0005}",edge_removal,0.3,0.2999242137173171,1583,1.0,0.778,0.782,0.7731321857800217,0.3052094876766205,33.02975845799665,77,200,results/v2/proof_shards/RMSProp/environment.json
v2_fixed_cora_full_epoch_history,75b6113,2026-07-07T18:17:18.640789+00:00,Cora,fixed,training_time,RMSProp,45,2146968598,"{""dropout"": 0.5, ""hidden_channels"": 16, ""learning_rate"": 0.01, ""momentum"": 0.0, ""weight_decay"": 0.0005}",fake_edge_addition,0.05,0.0498294808639636,263,0.9928571428571428,0.776,0.783,0.77830800647836,0.5064603686332703,34.853913007013034,183,200,results/v2/proof_shards/RMSProp/environment.json
v2_fixed_cora_full_epoch_history,75b6113,2026-07-07T18:17:54.205201+00:00,Cora,fixed,training_time,RMSProp,45,593951552,"{""dropout"": 0.5, ""hidden_channels"": 16, ""learning_rate"": 0.01, ""momentum"": 0.0, ""weight_decay"": 0.0005}",fake_edge_addition,0.1,0.0998484274346343,527,0.9928571428571428,0.764,0.788,0.772584614568663,0.4028699994087219,36.842076705012005,113,200,results/v2/proof_shards/RMSProp/environment.json
v2_fixed_cora_full_epoch_history,75b6113,2026-07-07T18:18:32.112008+00:00,Cora,fixed,training_time,RMSProp,45,297416806,"{""dropout"": 0.5, ""hidden_channels"": 16, ""learning_rate"": 0.01, ""momentum"": 0.0, ""weight_decay"": 0.0005}",fake_edge_addition,0.2,0.1998863205759757,1055,0.9857142857142858,0.764,0.77,0.7555536952681964,0.525029182434082,36.7994227129966,38,200,results/v2/proof_shards/RMSProp/environment.json
v2_fixed_cora_full_epoch_history,75b6113,2026-07-07T18:19:09.674296+00:00,Cora,fixed,training_time,RMSProp,45,470465420,"{""dropout"": 0.5, ""hidden_channels"": 16, ""learning_rate"": 0.01, ""momentum"": 0.0, ""weight_decay"": 0.0005}",fake_edge_addition,0.3,0.2999242137173171,1583,0.9928571428571428,0.774,0.75,0.7420984070545199,0.4828591048717499,39.02029535698239,198,200,results/v2/proof_shards/RMSProp/environment.json
v2_fixed_cora_full_epoch_history,75b6113,2026-07-07T18:12:18.570811+00:00,Cora,fixed,training_time,RMSProp,45,688125335,"{""dropout"": 0.5, ""hidden_channels"": 16, ""learning_rate"": 0.01, ""momentum"": 0.0, ""weight_decay"": 0.0005}",feature_masking,0.05,0.049983745123537,2460,1.0,0.794,0.807,0.7953543200285891,0.2924416065216064,37.965716642007465,136,200,results/v2/proof_shards/RMSProp/environment.json
v2_fixed_cora_full_epoch_history,75b6113,2026-07-07T18:12:57.540148+00:00,Cora,fixed,training_time,RMSProp,45,1355417685,"{""dropout"": 0.5, ""hidden_channels"": 16, ""learning_rate"": 0.01, ""momentum"": 0.0, ""weight_decay"": 0.0005}",feature_masking,0.1,0.0999878088426527,4921,0.9928571428571428,0.774,0.792,0.7859366740730485,0.4099590480327606,37.27487140899757,164,200,results/v2/proof_shards/RMSProp/environment.json
v2_fixed_cora_full_epoch_history,75b6113,2026-07-07T18:13:35.510290+00:00,Cora,fixed,training_time,RMSProp,45,577272885,"{""dropout"": 0.5, ""hidden_channels"": 16, ""learning_rate"": 0.01, ""momentum"": 0.0, ""weight_decay"": 0.0005}",feature_masking,0.2,0.1999959362808842,9843,1.0,0.778,0.808,0.7993493214865983,0.3718322217464447,37.39484342798824,46,200,results/v2/proof_shards/RMSProp/environment.json
v2_fixed_cora_full_epoch_history,75b6113,2026-07-07T18:14:13.758371+00:00,Cora,fixed,training_time,RMSProp,45,410547086,"{""dropout"": 0.5, ""hidden_channels"": 16, ""learning_rate"": 0.01, ""momentum"": 0.0, ""weight_decay"": 0.0005}",feature_masking,0.3,0.299983745123537,14764,1.0,0.77,0.804,0.7877921530985583,0.3824433982372284,35.339378500008024,30,200,results/v2/proof_shards/RMSProp/environment.json
v2_fixed_cora_full_epoch_history,75b6113,2026-07-07T18:19:49.262205+00:00,Cora,fixed,training_time,RMSProp,46,1871524317,"{""dropout"": 0.5, ""hidden_channels"": 16, ""learning_rate"": 0.01, ""momentum"": 0.0, ""weight_decay"": 0.0005}",clean,0.0,0.0,0,0.9928571428571428,0.798,0.827,0.8140067561010298,0.3775402903556824,35.028939831012394,145,200,results/v2/proof_shards/RMSProp/environment.json
v2_fixed_cora_full_epoch_history,75b6113,2026-07-07T18:22:54.659843+00:00,Cora,fixed,training_time,RMSProp,46,339119793,"{""dropout"": 0.5, ""hidden_channels"": 16, ""learning_rate"": 0.01, ""momentum"": 0.0, ""weight_decay"": 0.0005}",edge_removal,0.05,0.0498294808639636,263,1.0,0.786,0.799,0.7903745822857582,0.2888217866420746,34.777983885025606,97,200,results/v2/proof_shards/RMSProp/environment.json
v2_fixed_cora_full_epoch_history,75b6113,2026-07-07T18:23:30.157315+00:00,Cora,fixed,training_time,RMSProp,46,1486509317,"{""dropout"": 0.5, ""hidden_channels"": 16, ""learning_rate"": 0.01, ""momentum"": 0.0, ""weight_decay"": 0.0005}",edge_removal,0.1,0.0998484274346343,527,1.0,0.772,0.776,0.7675522091811978,0.3313905596733093,35.87226928700693,197,200,results/v2/proof_shards/RMSProp/environment.json
v2_fixed_cora_full_epoch_history,75b6113,2026-07-07T18:24:06.729397+00:00,Cora,fixed,training_time,RMSProp,46,1962820054,"{""dropout"": 0.5, ""hidden_channels"": 16, ""learning_rate"": 0.01, ""momentum"": 0.0, ""weight_decay"": 0.0005}",edge_removal,0.2,0.1998863205759757,1055,1.0,0.782,0.792,0.775975514108852,0.2990172505378723,31.619926271989243,92,200,results/v2/proof_shards/RMSProp/environment.json
v2_fixed_cora_full_epoch_history,75b6113,2026-07-07T18:24:39.122238+00:00,Cora,fixed,training_time,RMSProp,46,388330015,"{""dropout"": 0.5, ""hidden_channels"": 16, ""learning_rate"": 0.01, ""momentum"": 0.0, ""weight_decay"": 0.0005}",edge_removal,0.3,0.2999242137173171,1583,1.0,0.742,0.78,0.7683206056355542,0.2677326202392578,32.66046894999454,25,200,results/v2/proof_shards/RMSProp/environment.json
v2_fixed_cora_full_epoch_history,75b6113,2026-07-07T18:25:12.623168+00:00,Cora,fixed,training_time,RMSProp,46,1853765928,"{""dropout"": 0.5, ""hidden_channels"": 16, ""learning_rate"": 0.01, ""momentum"": 0.0, ""weight_decay"": 0.0005}",fake_edge_addition,0.05,0.0498294808639636,263,0.9928571428571428,0.762,0.796,0.7785239676173038,0.4392854273319244,37.334185637999326,166,200,results/v2/proof_shards/RMSProp/environment.json
v2_fixed_cora_full_epoch_history,75b6113,2026-07-07T18:25:50.672938+00:00,Cora,fixed,training_time,RMSProp,46,605813169,"{""dropout"": 0.5, ""hidden_channels"": 16, ""learning_rate"": 0.01, ""momentum"": 0.0, ""weight_decay"": 0.0005}",fake_edge_addition,0.1,0.0998484274346343,527,1.0,0.762,0.77,0.76512356708102,0.3315340876579284,36.75056731500081,47,200,results/v2/proof_shards/RMSProp/environment.json
v2_fixed_cora_full_epoch_history,75b6113,2026-07-07T18:26:28.154806+00:00,Cora,fixed,training_time,RMSProp,46,685004488,"{""dropout"": 0.5, ""hidden_channels"": 16, ""learning_rate"": 0.01, ""momentum"": 0.0, ""weight_decay"": 0.0005}",fake_edge_addition,0.2,0.1998863205759757,1055,0.9928571428571428,0.74,0.762,0.7517569521589076,0.4380434453487396,36.08523729999433,66,200,results/v2/proof_shards/RMSProp/environment.json
v2_fixed_cora_full_epoch_history,75b6113,2026-07-07T18:27:04.611669+00:00,Cora,fixed,training_time,RMSProp,46,819128701,"{""dropout"": 0.5, ""hidden_channels"": 16, ""learning_rate"": 0.01, ""momentum"": 0.0, ""weight_decay"": 0.0005}",fake_edge_addition,0.3,0.2999242137173171,1583,0.9857142857142858,0.668,0.701,0.6898954970222662,0.777251660823822,16.47622662401409,133,200,results/v2/proof_shards/RMSProp/environment.json
v2_fixed_cora_full_epoch_history,75b6113,2026-07-07T18:20:24.945245+00:00,Cora,fixed,training_time,RMSProp,46,447699644,"{""dropout"": 0.5, ""hidden_channels"": 16, ""learning_rate"": 0.01, ""momentum"": 0.0, ""weight_decay"": 0.0005}",feature_masking,0.05,0.049983745123537,2460,1.0,0.784,0.801,0.7897817103955127,0.4068706929683685,36.33140752697364,83,200,results/v2/proof_shards/RMSProp/environment.json
v2_fixed_cora_full_epoch_history,75b6113,2026-07-07T18:21:02.092266+00:00,Cora,fixed,training_time,RMSProp,46,728499574,"{""dropout"": 0.5, ""hidden_channels"": 16, ""learning_rate"": 0.01, ""momentum"": 0.0, ""weight_decay"": 0.0005}",feature_masking,0.1,0.0999878088426527,4921,1.0,0.766,0.801,0.7897389618188598,0.479567289352417,39.61377116202493,51,200,results/v2/proof_shards/RMSProp/environment.json
v2_fixed_cora_full_epoch_history,75b6113,2026-07-07T18:21:42.325379+00:00,Cora,fixed,training_time,RMSProp,46,233655520,"{""dropout"": 0.5, ""hidden_channels"": 16, ""learning_rate"": 0.01, ""momentum"": 0.0, ""weight_decay"": 0.0005}",feature_masking,0.2,0.1999959362808842,9843,0.9928571428571428,0.77,0.793,0.7845865598132901,0.4395855963230133,32.63086979399668,191,200,results/v2/proof_shards/RMSProp/environment.json
v2_fixed_cora_full_epoch_history,75b6113,2026-07-07T18:22:15.831163+00:00,Cora,fixed,training_time,RMSProp,46,1300521119,"{""dropout"": 0.5, ""hidden_channels"": 16, ""learning_rate"": 0.01, ""momentum"": 0.0, ""weight_decay"": 0.0005}",feature_masking,0.3,0.299983745123537,14764,1.0,0.776,0.786,0.7826800586108523,0.5257734060287476,37.95553256099811,168,200,results/v2/proof_shards/RMSProp/environment.json
v2_fixed_cora_full_epoch_history,75b6113,2026-07-07T18:27:21.359881+00:00,Cora,fixed,training_time,RMSProp,47,1255707067,"{""dropout"": 0.5, ""hidden_channels"": 16, ""learning_rate"": 0.01, ""momentum"": 0.0, ""weight_decay"": 0.0005}",clean,0.0,0.0,0,1.0,0.788,0.797,0.7870789241280575,0.3667270839214325,14.8843878970074,183,200,results/v2/proof_shards/RMSProp/environment.json
v2_fixed_cora_full_epoch_history,75b6113,2026-07-07T18:28:34.180265+00:00,Cora,fixed,training_time,RMSProp,47,869063419,"{""dropout"": 0.5, ""hidden_channels"": 16, ""learning_rate"": 0.01, ""momentum"": 0.0, ""weight_decay"": 0.0005}",edge_removal,0.05,0.0498294808639636,263,0.9928571428571428,0.792,0.81,0.7955079519690995,0.3359290361404419,31.503363165975315,32,200,results/v2/proof_shards/RMSProp/environment.json
v2_fixed_cora_full_epoch_history,75b6113,2026-07-07T18:29:06.558550+00:00,Cora,fixed,training_time,RMSProp,47,1406208064,"{""dropout"": 0.5, ""hidden_channels"": 16, ""learning_rate"": 0.01, ""momentum"": 0.0, ""weight_decay"": 0.0005}",edge_removal,0.1,0.0998484274346343,527,1.0,0.79,0.784,0.767387639915534,0.2954981327056885,34.50041969600716,49,200,results/v2/proof_shards/RMSProp/environment.json
v2_fixed_cora_full_epoch_history,75b6113,2026-07-07T18:29:41.704174+00:00,Cora,fixed,training_time,RMSProp,47,120049470,"{""dropout"": 0.5, ""hidden_channels"": 16, ""learning_rate"": 0.01, ""momentum"": 0.0, ""weight_decay"": 0.0005}",edge_removal,0.2,0.1998863205759757,1055,1.0,0.766,0.784,0.7772267970057808,0.3413936197757721,34.26809980600956,67,200,results/v2/proof_shards/RMSProp/environment.json
v2_fixed_cora_full_epoch_history,75b6113,2026-07-07T18:30:16.846201+00:00,Cora,fixed,training_time,RMSProp,47,1963378760,"{""dropout"": 0.5, ""hidden_channels"": 16, ""learning_rate"": 0.01, ""momentum"": 0.0, ""weight_decay"": 0.0005}",edge_removal,0.3,0.2999242137173171,1583,1.0,0.748,0.782,0.7726594048773708,0.2790353894233703,32.677956258005,43,200,results/v2/proof_shards/RMSProp/environment.json
v2_fixed_cora_full_epoch_history,75b6113,2026-07-07T18:30:50.481879+00:00,Cora,fixed,training_time,RMSProp,47,777560067,"{""dropout"": 0.5, ""hidden_channels"": 16, ""learning_rate"": 0.01, ""momentum"": 0.0, ""weight_decay"": 0.0005}",fake_edge_addition,0.05,0.0498294808639636,263,1.0,0.788,0.783,0.7747965829825835,0.3239719867706299,38.41342556098243,169,200,results/v2/proof_shards/RMSProp/environment.json
v2_fixed_cora_full_epoch_history,75b6113,2026-07-07T18:31:29.841094+00:00,Cora,fixed,training_time,RMSProp,47,864814930,"{""dropout"": 0.5, ""hidden_channels"": 16, ""learning_rate"": 0.01, ""momentum"": 0.0, ""weight_decay"": 0.0005}",fake_edge_addition,0.1,0.0998484274346343,527,0.9785714285714284,0.734,0.764,0.7482370164874456,0.6457725763320923,39.3209726770001,198,200,results/v2/proof_shards/RMSProp/environment.json
v2_fixed_cora_full_epoch_history,75b6113,2026-07-07T18:32:10.316312+00:00,Cora,fixed,training_time,RMSProp,47,1641932633,"{""dropout"": 0.5, ""hidden_channels"": 16, ""learning_rate"": 0.01, ""momentum"": 0.0, ""weight_decay"": 0.0005}",fake_edge_addition,0.2,0.1998863205759757,1055,0.9928571428571428,0.716,0.727,0.7197332632500473,0.5878069400787354,38.036643016006565,115,200,results/v2/proof_shards/RMSProp/environment.json
v2_fixed_cora_full_epoch_history,75b6113,2026-07-07T18:32:49.194885+00:00,Cora,fixed,training_time,RMSProp,47,1300208178,"{""dropout"": 0.5, ""hidden_channels"": 16, ""learning_rate"": 0.01, ""momentum"": 0.0, ""weight_decay"": 0.0005}",fake_edge_addition,0.3,0.2999242137173171,1583,0.9928571428571428,0.692,0.723,0.7043006186421568,0.6515081524848938,37.66806443600217,198,200,results/v2/proof_shards/RMSProp/environment.json
v2_fixed_cora_full_epoch_history,75b6113,2026-07-07T18:27:36.531425+00:00,Cora,fixed,training_time,RMSProp,47,1167013083,"{""dropout"": 0.5, ""hidden_channels"": 16, ""learning_rate"": 0.01, ""momentum"": 0.0, ""weight_decay"": 0.0005}",feature_masking,0.05,0.049983745123537,2460,1.0,0.792,0.794,0.7803591717252694,0.3118472397327423,15.409585702000186,177,200,results/v2/proof_shards/RMSProp/environment.json
v2_fixed_cora_full_epoch_history,75b6113,2026-07-07T18:27:52.232106+00:00,Cora,fixed,training_time,RMSProp,47,1653852568,"{""dropout"": 0.5, ""hidden_channels"": 16, ""learning_rate"": 0.01, ""momentum"": 0.0, ""weight_decay"": 0.0005}",feature_masking,0.1,0.0999878088426527,4921,0.9928571428571428,0.79,0.801,0.7924506502934416,0.4273033738136291,13.91108772100415,149,200,results/v2/proof_shards/RMSProp/environment.json
v2_fixed_cora_full_epoch_history,75b6113,2026-07-07T18:28:06.512633+00:00,Cora,fixed,training_time,RMSProp,47,1023928967,"{""dropout"": 0.5, ""hidden_channels"": 16, ""learning_rate"": 0.01, ""momentum"": 0.0, ""weight_decay"": 0.0005}",feature_masking,0.2,0.1999959362808842,9843,0.9928571428571428,0.776,0.792,0.7795897991845023,0.4268655180931091,13.844381850009086,32,200,results/v2/proof_shards/RMSProp/environment.json
v2_fixed_cora_full_epoch_history,75b6113,2026-07-07T18:28:20.662428+00:00,Cora,fixed,training_time,RMSProp,47,1468622961,"{""dropout"": 0.5, ""hidden_channels"": 16, ""learning_rate"": 0.01, ""momentum"": 0.0, ""weight_decay"": 0.0005}",feature_masking,0.3,0.299983745123537,14764,0.9928571428571428,0.778,0.79,0.7742324592924569,0.3756886124610901,13.211726890003774,186,200,results/v2/proof_shards/RMSProp/environment.json
v2_fixed_cora_full_epoch_history,75b6113,2026-07-07T18:33:27.428773+00:00,Cora,fixed,training_time,RMSProp,48,1705379299,"{""dropout"": 0.5, ""hidden_channels"": 16, ""learning_rate"": 0.01, ""momentum"": 0.0, ""weight_decay"": 0.0005}",clean,0.0,0.0,0,1.0,0.774,0.789,0.7870726567893461,0.4832872152328491,35.75503803201718,149,200,results/v2/proof_shards/RMSProp/environment.json
v2_fixed_cora_full_epoch_history,75b6113,2026-07-07T18:36:34.933964+00:00,Cora,fixed,training_time,RMSProp,48,1678900599,"{""dropout"": 0.5, ""hidden_channels"": 16, ""learning_rate"": 0.01, ""momentum"": 0.0, ""weight_decay"": 0.0005}",edge_removal,0.05,0.0498294808639636,263,1.0,0.792,0.81,0.7999052167761285,0.3017316162586212,30.768153648998123,76,200,results/v2/proof_shards/RMSProp/environment.json
v2_fixed_cora_full_epoch_history,75b6113,2026-07-07T18:37:06.282312+00:00,Cora,fixed,training_time,RMSProp,48,1317574056,"{""dropout"": 0.5, ""hidden_channels"": 16, ""learning_rate"": 0.01, ""momentum"": 0.0, ""weight_decay"": 0.0005}",edge_removal,0.1,0.0998484274346343,527,1.0,0.768,0.794,0.7861081852916362,0.2763685584068298,25.043860993988343,56,200,results/v2/proof_shards/RMSProp/environment.json
v2_fixed_cora_full_epoch_history,75b6113,2026-07-07T18:37:31.978950+00:00,Cora,fixed,training_time,RMSProp,48,985631127,"{""dropout"": 0.5, ""hidden_channels"": 16, ""learning_rate"": 0.01, ""momentum"": 0.0, ""weight_decay"": 0.0005}",edge_removal,0.2,0.1998863205759757,1055,1.0,0.772,0.778,0.7611853180664511,0.3318880498409271,26.574895433994243,44,200,results/v2/proof_shards/RMSProp/environment.json
v2_fixed_cora_full_epoch_history,75b6113,2026-07-07T18:37:59.174088+00:00,Cora,fixed,training_time,RMSProp,48,1882079675,"{""dropout"": 0.5, ""hidden_channels"": 16, ""learning_rate"": 0.01, ""momentum"": 0.0, ""weight_decay"": 0.0005}",edge_removal,0.3,0.2999242137173171,1583,1.0,0.742,0.766,0.7544960223628453,0.3995012044906616,28.46720261199516,104,200,results/v2/proof_shards/RMSProp/environment.json
v2_fixed_cora_full_epoch_history,75b6113,2026-07-07T18:38:28.222952+00:00,Cora,fixed,training_time,RMSProp,48,670325685,"{""dropout"": 0.5, ""hidden_channels"": 16, ""learning_rate"": 0.01, ""momentum"": 0.0, ""weight_decay"": 0.0005}",fake_edge_addition,0.05,0.0498294808639636,263,0.9928571428571428,0.776,0.782,0.7773657652940312,0.392723798751831,29.231170063023452,141,200,results/v2/proof_shards/RMSProp/environment.json
v2_fixed_cora_full_epoch_history,75b6113,2026-07-07T18:38:58.060914+00:00,Cora,fixed,training_time,RMSProp,48,219637923,"{""dropout"": 0.5, ""hidden_channels"": 16, ""learning_rate"": 0.01, ""momentum"": 0.0, ""weight_decay"": 0.0005}",fake_edge_addition,0.1,0.0998484274346343,527,1.0,0.758,0.798,0.7871124629736551,0.3634834289550781,29.71425555599853,48,200,results/v2/proof_shards/RMSProp/environment.json
v2_fixed_cora_full_epoch_history,75b6113,2026-07-07T18:39:28.483993+00:00,Cora,fixed,training_time,RMSProp,48,814835381,"{""dropout"": 0.5, ""hidden_channels"": 16, ""learning_rate"": 0.01, ""momentum"": 0.0, ""weight_decay"": 0.0005}",fake_edge_addition,0.2,0.1998863205759757,1055,0.9928571428571428,0.736,0.747,0.7344857457992279,0.3617230355739593,28.6270485589921,94,200,results/v2/proof_shards/RMSProp/environment.json
v2_fixed_cora_full_epoch_history,75b6113,2026-07-07T18:39:57.976777+00:00,Cora,fixed,training_time,RMSProp,48,236293678,"{""dropout"": 0.5, ""hidden_channels"": 16, ""learning_rate"": 0.01, ""momentum"": 0.0, ""weight_decay"": 0.0005}",fake_edge_addition,0.3,0.2999242137173171,1583,0.9928571428571428,0.714,0.741,0.7225206031462796,0.5885698795318604,31.55171371702454,150,200,results/v2/proof_shards/RMSProp/environment.json
v2_fixed_cora_full_epoch_history,75b6113,2026-07-07T18:34:03.977437+00:00,Cora,fixed,training_time,RMSProp,48,632392726,"{""dropout"": 0.5, ""hidden_channels"": 16, ""learning_rate"": 0.01, ""momentum"": 0.0, ""weight_decay"": 0.0005}",feature_masking,0.05,0.049983745123537,2460,1.0,0.786,0.801,0.7930540741251662,0.2858880758285522,36.18336683299276,76,200,results/v2/proof_shards/RMSProp/environment.json
v2_fixed_cora_full_epoch_history,75b6113,2026-07-07T18:34:40.777029+00:00,Cora,fixed,training_time,RMSProp,48,717192671,"{""dropout"": 0.5, ""hidden_channels"": 16, ""learning_rate"": 0.01, ""momentum"": 0.0, ""weight_decay"": 0.0005}",feature_masking,0.1,0.0999878088426527,4921,1.0,0.784,0.801,0.7905241272893734,0.3808358907699585,37.73697865000577,131,200,results/v2/proof_shards/RMSProp/environment.json
v2_fixed_cora_full_epoch_history,75b6113,2026-07-07T18:35:19.217087+00:00,Cora,fixed,training_time,RMSProp,48,580732550,"{""dropout"": 0.5, ""hidden_channels"": 16, ""learning_rate"": 0.01, ""momentum"": 0.0, ""weight_decay"": 0.0005}",feature_masking,0.2,0.1999959362808842,9843,0.9928571428571428,0.792,0.805,0.7898565840654762,0.3534344136714935,37.01400880501024,48,200,results/v2/proof_shards/RMSProp/environment.json
v2_fixed_cora_full_epoch_history,75b6113,2026-07-07T18:35:56.938203+00:00,Cora,fixed,training_time,RMSProp,48,1204840247,"{""dropout"": 0.5, ""hidden_channels"": 16, ""learning_rate"": 0.01, ""momentum"": 0.0, ""weight_decay"": 0.0005}",feature_masking,0.3,0.299983745123537,14764,1.0,0.778,0.797,0.7881861077032042,0.4500793814659118,37.44127403400489,167,200,results/v2/proof_shards/RMSProp/environment.json
v2_fixed_cora_full_epoch_history,75b6113,2026-07-07T18:40:30.158242+00:00,Cora,fixed,training_time,RMSProp,49,405112013,"{""dropout"": 0.5, ""hidden_channels"": 16, ""learning_rate"": 0.01, ""momentum"": 0.0, ""weight_decay"": 0.0005}",clean,0.0,0.0,0,1.0,0.784,0.8,0.7924217607410637,0.3800603449344635,28.45223681497737,92,200,results/v2/proof_shards/RMSProp/environment.json
v2_fixed_cora_full_epoch_history,75b6113,2026-07-07T18:42:52.436663+00:00,Cora,fixed,training_time,RMSProp,49,2127478641,"{""dropout"": 0.5, ""hidden_channels"": 16, ""learning_rate"": 0.01, ""momentum"": 0.0, ""weight_decay"": 0.0005}",edge_removal,0.05,0.0498294808639636,263,1.0,0.796,0.8,0.7910252032354477,0.2829737365245819,28.38094143397757,22,200,results/v2/proof_shards/RMSProp/environment.json
v2_fixed_cora_full_epoch_history,75b6113,2026-07-07T18:43:21.654478+00:00,Cora,fixed,training_time,RMSProp,49,1305864656,"{""dropout"": 0.5, ""hidden_channels"": 16, ""learning_rate"": 0.01, ""momentum"": 0.0, ""weight_decay"": 0.0005}",edge_removal,0.1,0.0998484274346343,527,1.0,0.784,0.794,0.7779884195806913,0.324312299489975,29.69287843501661,70,200,results/v2/proof_shards/RMSProp/environment.json
v2_fixed_cora_full_epoch_history,75b6113,2026-07-07T18:43:51.931456+00:00,Cora,fixed,training_time,RMSProp,49,1979004668,"{""dropout"": 0.5, ""hidden_channels"": 16, ""learning_rate"": 0.01, ""momentum"": 0.0, ""weight_decay"": 0.0005}",edge_removal,0.2,0.1998863205759757,1055,1.0,0.792,0.801,0.7952805217047209,0.3633593320846557,26.402311387006197,78,200,results/v2/proof_shards/RMSProp/environment.json
v2_fixed_cora_full_epoch_history,75b6113,2026-07-07T18:44:18.969296+00:00,Cora,fixed,training_time,RMSProp,49,253094033,"{""dropout"": 0.5, ""hidden_channels"": 16, ""learning_rate"": 0.01, ""momentum"": 0.0, ""weight_decay"": 0.0005}",edge_removal,0.3,0.2999242137173171,1583,1.0,0.766,0.776,0.7598683011787913,0.336934357881546,35.59714625598281,47,200,results/v2/proof_shards/RMSProp/environment.json
v2_fixed_cora_full_epoch_history,75b6113,2026-07-07T18:44:55.273745+00:00,Cora,fixed,training_time,RMSProp,49,1087943298,"{""dropout"": 0.5, ""hidden_channels"": 16, ""learning_rate"": 0.01, ""momentum"": 0.0, ""weight_decay"": 0.0005}",fake_edge_addition,0.05,0.0498294808639636,263,1.0,0.798,0.803,0.7888349310084083,0.3474659919738769,30.003423137008213,54,200,results/v2/proof_shards/RMSProp/environment.json
v2_fixed_cora_full_epoch_history,75b6113,2026-07-07T18:45:25.996771+00:00,Cora,fixed,training_time,RMSProp,49,1875023275,"{""dropout"": 0.5, ""hidden_channels"": 16, ""learning_rate"": 0.01, ""momentum"": 0.0, ""weight_decay"": 0.0005}",fake_edge_addition,0.1,0.0998484274346343,527,0.9928571428571428,0.764,0.798,0.7841997625503396,0.5070604085922241,30.025918918981915,192,200,results/v2/proof_shards/RMSProp/environment.json
v2_fixed_cora_full_epoch_history,75b6113,2026-07-07T18:45:56.730028+00:00,Cora,fixed,training_time,RMSProp,49,2120387713,"{""dropout"": 0.5, ""hidden_channels"": 16, ""learning_rate"": 0.01, ""momentum"": 0.0, ""weight_decay"": 0.0005}",fake_edge_addition,0.2,0.1998863205759757,1055,1.0,0.756,0.776,0.7626870012724488,0.3581506907939911,30.5084477509954,86,200,results/v2/proof_shards/RMSProp/environment.json
v2_fixed_cora_full_epoch_history,75b6113,2026-07-07T18:46:27.917942+00:00,Cora,fixed,training_time,RMSProp,49,484171206,"{""dropout"": 0.5, ""hidden_channels"": 16, ""learning_rate"": 0.01, ""momentum"": 0.0, ""weight_decay"": 0.0005}",fake_edge_addition,0.3,0.2999242137173171,1583,0.9857142857142858,0.708,0.75,0.7364274438341193,0.547152042388916,33.002320871979464,196,200,results/v2/proof_shards/RMSProp/environment.json
v2_fixed_cora_full_epoch_history,75b6113,2026-07-07T18:40:59.238607+00:00,Cora,fixed,training_time,RMSProp,49,323415906,"{""dropout"": 0.5, ""hidden_channels"": 16, ""learning_rate"": 0.01, ""momentum"": 0.0, ""weight_decay"": 0.0005}",feature_masking,0.05,0.049983745123537,2460,1.0,0.79,0.8,0.7896243723260774,0.3595187067985534,27.447343737003397,58,200,results/v2/proof_shards/RMSProp/environment.json
v2_fixed_cora_full_epoch_history,75b6113,2026-07-07T18:41:27.413717+00:00,Cora,fixed,training_time,RMSProp,49,655214592,"{""dropout"": 0.5, ""hidden_channels"": 16, ""learning_rate"": 0.01, ""momentum"": 0.0, ""weight_decay"": 0.0005}",feature_masking,0.1,0.0999878088426527,4921,1.0,0.782,0.804,0.8029106167884111,0.3341895341873169,27.484186456014868,181,200,results/v2/proof_shards/RMSProp/environment.json
v2_fixed_cora_full_epoch_history,75b6113,2026-07-07T18:41:55.559750+00:00,Cora,fixed,training_time,RMSProp,49,1227751400,"{""dropout"": 0.5, ""hidden_channels"": 16, ""learning_rate"": 0.01, ""momentum"": 0.0, ""weight_decay"": 0.0005}",feature_masking,0.2,0.1999959362808842,9843,0.9928571428571428,0.772,0.783,0.7729895792048921,0.4522530734539032,27.939089171995874,150,200,results/v2/proof_shards/RMSProp/environment.json
v2_fixed_cora_full_epoch_history,75b6113,2026-07-07T18:42:24.062035+00:00,Cora,fixed,training_time,RMSProp,49,817673410,"{""dropout"": 0.5, ""hidden_channels"": 16, ""learning_rate"": 0.01, ""momentum"": 0.0, ""weight_decay"": 0.0005}",feature_masking,0.3,0.299983745123537,14764,1.0,0.782,0.78,0.7696604586597191,0.372834712266922,27.79212268901756,101,200,results/v2/proof_shards/RMSProp/environment.json
v2_fixed_cora_full_epoch_history,75b6113,2026-07-07T18:47:01.600843+00:00,Cora,fixed,training_time,RMSProp,50,1854691331,"{""dropout"": 0.5, ""hidden_channels"": 16, ""learning_rate"": 0.01, ""momentum"": 0.0, ""weight_decay"": 0.0005}",clean,0.0,0.0,0,1.0,0.786,0.807,0.7963200535016478,0.3843091428279876,29.950854604016055,135,200,results/v2/proof_shards/RMSProp/environment.json
v2_fixed_cora_full_epoch_history,75b6113,2026-07-07T18:49:05.227251+00:00,Cora,fixed,training_time,RMSProp,50,2077232020,"{""dropout"": 0.5, ""hidden_channels"": 16, ""learning_rate"": 0.01, ""momentum"": 0.0, ""weight_decay"": 0.0005}",edge_removal,0.05,0.0498294808639636,263,1.0,0.794,0.791,0.7825855257092815,0.3549656569957733,11.698020631010875,66,200,results/v2/proof_shards/RMSProp/environment.json
v2_fixed_cora_full_epoch_history,75b6113,2026-07-07T18:49:17.151323+00:00,Cora,fixed,training_time,RMSProp,50,1498475493,"{""dropout"": 0.5, ""hidden_channels"": 16, ""learning_rate"": 0.01, ""momentum"": 0.0, ""weight_decay"": 0.0005}",edge_removal,0.1,0.0998484274346343,527,1.0,0.786,0.776,0.7625975247317269,0.4486278593540191,9.280225340015022,75,200,results/v2/proof_shards/RMSProp/environment.json
v2_fixed_cora_full_epoch_history,75b6113,2026-07-07T18:49:26.610236+00:00,Cora,fixed,training_time,RMSProp,50,1818742776,"{""dropout"": 0.5, ""hidden_channels"": 16, ""learning_rate"": 0.01, ""momentum"": 0.0, ""weight_decay"": 0.0005}",edge_removal,0.2,0.1998863205759757,1055,1.0,0.788,0.793,0.7804254275196206,0.3157885670661926,5.34190113900695,87,200,results/v2/proof_shards/RMSProp/environment.json
v2_fixed_cora_full_epoch_history,75b6113,2026-07-07T18:49:32.077959+00:00,Cora,fixed,training_time,RMSProp,50,616528916,"{""dropout"": 0.5, ""hidden_channels"": 16, ""learning_rate"": 0.01, ""momentum"": 0.0, ""weight_decay"": 0.0005}",edge_removal,0.3,0.2999242137173171,1583,1.0,0.736,0.775,0.764139600459889,0.4219618439674377,5.306749982992187,177,200,results/v2/proof_shards/RMSProp/environment.json
v2_fixed_cora_full_epoch_history,75b6113,2026-07-07T18:49:37.495759+00:00,Cora,fixed,training_time,RMSProp,50,551826124,"{""dropout"": 0.5, ""hidden_channels"": 16, ""learning_rate"": 0.01, ""momentum"": 0.0, ""weight_decay"": 0.0005}",fake_edge_addition,0.05,0.0498294808639636,263,0.9928571428571428,0.796,0.8,0.7875261282150919,0.5157792568206787,5.864124754007207,173,200,results/v2/proof_shards/RMSProp/environment.json
v2_fixed_cora_full_epoch_history,75b6113,2026-07-07T18:49:43.506472+00:00,Cora,fixed,training_time,RMSProp,50,1568978368,"{""dropout"": 0.5, ""hidden_channels"": 16, ""learning_rate"": 0.01, ""momentum"": 0.0, ""weight_decay"": 0.0005}",fake_edge_addition,0.1,0.0998484274346343,527,1.0,0.752,0.778,0.7645877034541619,0.4535118341445923,6.279890320991399,26,200,results/v2/proof_shards/RMSProp/environment.json
v2_fixed_cora_full_epoch_history,75b6113,2026-07-07T18:49:49.907338+00:00,Cora,fixed,training_time,RMSProp,50,968112662,"{""dropout"": 0.5, ""hidden_channels"": 16, ""learning_rate"": 0.01, ""momentum"": 0.0, ""weight_decay"": 0.0005}",fake_edge_addition,0.2,0.1998863205759757,1055,1.0,0.75,0.788,0.7754293588647087,0.4463471174240112,5.284302675980143,68,200,results/v2/proof_shards/RMSProp/environment.json
v2_fixed_cora_full_epoch_history,75b6113,2026-07-07T18:49:55.316016+00:00,Cora,fixed,training_time,RMSProp,50,492908446,"{""dropout"": 0.5, ""hidden_channels"": 16, ""learning_rate"": 0.01, ""momentum"": 0.0, ""weight_decay"": 0.0005}",fake_edge_addition,0.3,0.2999242137173171,1583,1.0,0.72,0.763,0.7514406017216425,0.3889900147914886,4.858334429009119,103,200,results/v2/proof_shards/RMSProp/environment.json
v2_fixed_cora_full_epoch_history,75b6113,2026-07-07T18:47:32.330924+00:00,Cora,fixed,training_time,RMSProp,50,644952941,"{""dropout"": 0.5, ""hidden_channels"": 16, ""learning_rate"": 0.01, ""momentum"": 0.0, ""weight_decay"": 0.0005}",feature_masking,0.05,0.049983745123537,2460,1.0,0.792,0.796,0.7853559543928316,0.4039789140224457,33.79642520399648,96,200,results/v2/proof_shards/RMSProp/environment.json
v2_fixed_cora_full_epoch_history,75b6113,2026-07-07T18:48:06.888395+00:00,Cora,fixed,training_time,RMSProp,50,1473838012,"{""dropout"": 0.5, ""hidden_channels"": 16, ""learning_rate"": 0.01, ""momentum"": 0.0, ""weight_decay"": 0.0005}",feature_masking,0.1,0.0999878088426527,4921,1.0,0.782,0.814,0.8010985674046839,0.3772937655448913,30.72675543499645,52,200,results/v2/proof_shards/RMSProp/environment.json
v2_fixed_cora_full_epoch_history,75b6113,2026-07-07T18:48:38.308758+00:00,Cora,fixed,training_time,RMSProp,50,1823285048,"{""dropout"": 0.5, ""hidden_channels"": 16, ""learning_rate"": 0.01, ""momentum"": 0.0, ""weight_decay"": 0.0005}",feature_masking,0.2,0.1999959362808842,9843,1.0,0.77,0.787,0.7798281336749991,0.5083709359169006,15.325274759001331,138,200,results/v2/proof_shards/RMSProp/environment.json
v2_fixed_cora_full_epoch_history,75b6113,2026-07-07T18:48:54.018090+00:00,Cora,fixed,training_time,RMSProp,50,519237601,"{""dropout"": 0.5, ""hidden_channels"": 16, ""learning_rate"": 0.01, ""momentum"": 0.0, ""weight_decay"": 0.0005}",feature_masking,0.3,0.299983745123537,14764,0.9928571428571428,0.772,0.788,0.783320385062636,0.45268514752388,10.941777175990865,53,200,results/v2/proof_shards/RMSProp/environment.json
v2_fixed_cora_full_epoch_history,75b6113,2026-07-07T18:50:00.340054+00:00,Cora,fixed,training_time,RMSProp,51,1001064886,"{""dropout"": 0.5, ""hidden_channels"": 16, ""learning_rate"": 0.01, ""momentum"": 0.0, ""weight_decay"": 0.0005}",clean,0.0,0.0,0,1.0,0.762,0.805,0.7956062885417338,0.4347869455814361,5.126361987000564,49,200,results/v2/proof_shards/RMSProp/environment.json
v2_fixed_cora_full_epoch_history,75b6113,2026-07-07T18:50:25.002158+00:00,Cora,fixed,training_time,RMSProp,51,815566287,"{""dropout"": 0.5, ""hidden_channels"": 16, ""learning_rate"": 0.01, ""momentum"": 0.0, ""weight_decay"": 0.0005}",edge_removal,0.05,0.0498294808639636,263,1.0,0.78,0.815,0.8027566355439463,0.3486714363098144,4.751460111991037,117,200,results/v2/proof_shards/RMSProp/environment.json
v2_fixed_cora_full_epoch_history,75b6113,2026-07-07T18:50:29.860972+00:00,Cora,fixed,training_time,RMSProp,51,1580351819,"{""dropout"": 0.5, ""hidden_channels"": 16, ""learning_rate"": 0.01, ""momentum"": 0.0, ""weight_decay"": 0.0005}",edge_removal,0.1,0.0998484274346343,527,0.9928571428571428,0.774,0.791,0.7790123932987091,0.3297768831253052,5.121008232003078,160,200,results/v2/proof_shards/RMSProp/environment.json
v2_fixed_cora_full_epoch_history,75b6113,2026-07-07T18:50:35.097742+00:00,Cora,fixed,training_time,RMSProp,51,1961406595,"{""dropout"": 0.5, ""hidden_channels"": 16, ""learning_rate"": 0.01, ""momentum"": 0.0, ""weight_decay"": 0.0005}",edge_removal,0.2,0.1998863205759757,1055,1.0,0.764,0.792,0.7805570534827465,0.3247091770172119,4.704993375984486,52,200,results/v2/proof_shards/RMSProp/environment.json
v2_fixed_cora_full_epoch_history,75b6113,2026-07-07T18:50:39.901888+00:00,Cora,fixed,training_time,RMSProp,51,1094709925,"{""dropout"": 0.5, ""hidden_channels"": 16, ""learning_rate"": 0.01, ""momentum"": 0.0, ""weight_decay"": 0.0005}",edge_removal,0.3,0.2999242137173171,1583,0.9928571428571428,0.766,0.798,0.7897936525272338,0.3683816492557525,4.63763383901096,85,200,results/v2/proof_shards/RMSProp/environment.json
v2_fixed_cora_full_epoch_history,75b6113,2026-07-07T18:50:44.651047+00:00,Cora,fixed,training_time,RMSProp,51,1408052566,"{""dropout"": 0.5, ""hidden_channels"": 16, ""learning_rate"": 0.01, ""momentum"": 0.0, ""weight_decay"": 0.0005}",fake_edge_addition,0.05,0.0498294808639636,263,1.0,0.77,0.783,0.7771967556445085,0.3103047609329223,4.773136700008763,131,200,results/v2/proof_shards/RMSProp/environment.json
v2_fixed_cora_full_epoch_history,75b6113,2026-07-07T18:50:49.530872+00:00,Cora,fixed,training_time,RMSProp,51,1246636621,"{""dropout"": 0.5, ""hidden_channels"": 16, ""learning_rate"": 0.01, ""momentum"": 0.0, ""weight_decay"": 0.0005}",fake_edge_addition,0.1,0.0998484274346343,527,0.9928571428571428,0.76,0.784,0.7713081635039803,0.4317677617073059,5.378923881013179,131,200,results/v2/proof_shards/RMSProp/environment.json
v2_fixed_cora_full_epoch_history,75b6113,2026-07-07T18:50:55.018770+00:00,Cora,fixed,training_time,RMSProp,51,1669884172,"{""dropout"": 0.5, ""hidden_channels"": 16, ""learning_rate"": 0.01, ""momentum"": 0.0, ""weight_decay"": 0.0005}",fake_edge_addition,0.2,0.1998863205759757,1055,1.0,0.744,0.78,0.770339754902406,0.3141615986824035,4.467774268996436,46,200,results/v2/proof_shards/RMSProp/environment.json
v2_fixed_cora_full_epoch_history,75b6113,2026-07-07T18:50:59.585993+00:00,Cora,fixed,training_time,RMSProp,51,695381515,"{""dropout"": 0.5, ""hidden_channels"": 16, ""learning_rate"": 0.01, ""momentum"": 0.0, ""weight_decay"": 0.0005}",fake_edge_addition,0.3,0.2999242137173171,1583,0.9928571428571428,0.71,0.75,0.7401230798005932,0.4548163712024688,5.291817540011834,53,200,results/v2/proof_shards/RMSProp/environment.json
v2_fixed_cora_full_epoch_history,75b6113,2026-07-07T18:50:05.590334+00:00,Cora,fixed,training_time,RMSProp,51,2061833876,"{""dropout"": 0.5, ""hidden_channels"": 16, ""learning_rate"": 0.01, ""momentum"": 0.0, ""weight_decay"": 0.0005}",feature_masking,0.05,0.049983745123537,2460,1.0,0.796,0.796,0.7841572854747486,0.304749071598053,4.423437346005812,105,200,results/v2/proof_shards/RMSProp/environment.json
v2_fixed_cora_full_epoch_history,75b6113,2026-07-07T18:50:10.126546+00:00,Cora,fixed,training_time,RMSProp,51,1306386958,"{""dropout"": 0.5, ""hidden_channels"": 16, ""learning_rate"": 0.01, ""momentum"": 0.0, ""weight_decay"": 0.0005}",feature_masking,0.1,0.0999878088426527,4921,1.0,0.78,0.794,0.7842748037548741,0.3345135450363159,4.717657888017129,43,200,results/v2/proof_shards/RMSProp/environment.json
v2_fixed_cora_full_epoch_history,75b6113,2026-07-07T18:50:14.957788+00:00,Cora,fixed,training_time,RMSProp,51,1264463162,"{""dropout"": 0.5, ""hidden_channels"": 16, ""learning_rate"": 0.01, ""momentum"": 0.0, ""weight_decay"": 0.0005}",feature_masking,0.2,0.1999959362808842,9843,1.0,0.782,0.823,0.813423129932394,0.4208100736141205,4.8231356859905645,81,200,results/v2/proof_shards/RMSProp/environment.json
v2_fixed_cora_full_epoch_history,75b6113,2026-07-07T18:50:19.916696+00:00,Cora,fixed,training_time,RMSProp,51,819932148,"{""dropout"": 0.5, ""hidden_channels"": 16, ""learning_rate"": 0.01, ""momentum"": 0.0, ""weight_decay"": 0.0005}",feature_masking,0.3,0.299983745123537,14764,0.9928571428571428,0.758,0.768,0.7525546778172784,0.7503123879432678,4.983220516005531,156,200,results/v2/proof_shards/RMSProp/environment.json
v2_fixed_cora_full_epoch_history,75b6113,2026-07-07T17:52:15.864037+00:00,Cora,fixed,training_time,AdaGrad,42,700053975,"{""dropout"": 0.5, ""hidden_channels"": 16, ""learning_rate"": 0.01, ""momentum"": 0.0, ""weight_decay"": 0.0005}",clean,0.0,0.0,0,0.9642857142857144,0.778,0.777,0.7670642132185693,1.397470474243164,36.98709788097767,193,200,results/v2/proof_shards/AdaGrad/environment.json
v2_fixed_cora_full_epoch_history,75b6113,2026-07-07T17:55:14.890610+00:00,Cora,fixed,training_time,AdaGrad,42,304967293,"{""dropout"": 0.5, ""hidden_channels"": 16, ""learning_rate"": 0.01, ""momentum"": 0.0, ""weight_decay"": 0.0005}",edge_removal,0.05,0.0498294808639636,263,0.9785714285714284,0.754,0.762,0.7527090233780661,1.3969541788101196,34.54411012399942,36,200,results/v2/proof_shards/AdaGrad/environment.json
v2_fixed_cora_full_epoch_history,75b6113,2026-07-07T17:55:50.193351+00:00,Cora,fixed,training_time,AdaGrad,42,118673965,"{""dropout"": 0.5, ""hidden_channels"": 16, ""learning_rate"": 0.01, ""momentum"": 0.0, ""weight_decay"": 0.0005}",edge_removal,0.1,0.0998484274346343,527,0.9571428571428572,0.742,0.749,0.7326242302994033,1.506215214729309,31.9744651549845,189,200,results/v2/proof_shards/AdaGrad/environment.json
v2_fixed_cora_full_epoch_history,75b6113,2026-07-07T17:56:22.818890+00:00,Cora,fixed,training_time,AdaGrad,42,1962896404,"{""dropout"": 0.5, ""hidden_channels"": 16, ""learning_rate"": 0.01, ""momentum"": 0.0, ""weight_decay"": 0.0005}",edge_removal,0.2,0.1998863205759757,1055,0.9642857142857144,0.764,0.771,0.7538159516592312,1.400965690612793,28.147909032995813,107,200,results/v2/proof_shards/AdaGrad/environment.json
v2_fixed_cora_full_epoch_history,75b6113,2026-07-07T17:56:51.574672+00:00,Cora,fixed,training_time,AdaGrad,42,1496880123,"{""dropout"": 0.5, ""hidden_channels"": 16, ""learning_rate"": 0.01, ""momentum"": 0.0, ""weight_decay"": 0.0005}",edge_removal,0.3,0.2999242137173171,1583,0.9571428571428572,0.738,0.742,0.7325455549636077,1.3927671909332275,26.79963753800257,194,200,results/v2/proof_shards/AdaGrad/environment.json
v2_fixed_cora_full_epoch_history,75b6113,2026-07-07T17:57:18.971030+00:00,Cora,fixed,training_time,AdaGrad,42,1901942053,"{""dropout"": 0.5, ""hidden_channels"": 16, ""learning_rate"": 0.01, ""momentum"": 0.0, ""weight_decay"": 0.0005}",fake_edge_addition,0.05,0.0498294808639636,263,0.9642857142857144,0.734,0.772,0.7644552588777617,1.4736692905426023,30.758814225991955,182,200,results/v2/proof_shards/AdaGrad/environment.json
v2_fixed_cora_full_epoch_history,75b6113,2026-07-07T17:57:50.339337+00:00,Cora,fixed,training_time,AdaGrad,42,1605361369,"{""dropout"": 0.5, ""hidden_channels"": 16, ""learning_rate"": 0.01, ""momentum"": 0.0, ""weight_decay"": 0.0005}",fake_edge_addition,0.1,0.0998484274346343,527,0.9428571428571428,0.692,0.722,0.7288526303232272,1.448483109474182,29.94451774802292,113,200,results/v2/proof_shards/AdaGrad/environment.json
v2_fixed_cora_full_epoch_history,75b6113,2026-07-07T17:58:21.417424+00:00,Cora,fixed,training_time,AdaGrad,42,1482671755,"{""dropout"": 0.5, ""hidden_channels"": 16, ""learning_rate"": 0.01, ""momentum"": 0.0, ""weight_decay"": 0.0005}",fake_edge_addition,0.2,0.1998863205759757,1055,0.9571428571428572,0.72,0.723,0.7166842713390802,1.547692894935608,30.50577704500756,189,200,results/v2/proof_shards/AdaGrad/environment.json
v2_fixed_cora_full_epoch_history,75b6113,2026-07-07T17:58:52.457900+00:00,Cora,fixed,training_time,AdaGrad,42,145815048,"{""dropout"": 0.5, ""hidden_channels"": 16, ""learning_rate"": 0.01, ""momentum"": 0.0, ""weight_decay"": 0.0005}",fake_edge_addition,0.3,0.2999242137173171,1583,0.9214285714285714,0.686,0.692,0.6968563237774209,1.5866003036499023,18.97037000799901,197,200,results/v2/proof_shards/AdaGrad/environment.json
v2_fixed_cora_full_epoch_history,75b6113,2026-07-07T17:52:53.646940+00:00,Cora,fixed,training_time,AdaGrad,42,1488863239,"{""dropout"": 0.5, ""hidden_channels"": 16, ""learning_rate"": 0.01, ""momentum"": 0.0, ""weight_decay"": 0.0005}",feature_masking,0.05,0.049983745123537,2460,0.9571428571428572,0.764,0.78,0.7671217302642214,1.4338067770004272,36.39173901898903,162,200,results/v2/proof_shards/AdaGrad/environment.json
v2_fixed_cora_full_epoch_history,75b6113,2026-07-07T17:53:30.970634+00:00,Cora,fixed,training_time,AdaGrad,42,1745201503,"{""dropout"": 0.5, ""hidden_channels"": 16, ""learning_rate"": 0.01, ""momentum"": 0.0, ""weight_decay"": 0.0005}",feature_masking,0.1,0.0999878088426527,4921,0.9642857142857144,0.766,0.767,0.7590432551683098,1.4920965433120728,32.91291052001179,198,200,results/v2/proof_shards/AdaGrad/environment.json
v2_fixed_cora_full_epoch_history,75b6113,2026-07-07T17:54:04.707397+00:00,Cora,fixed,training_time,AdaGrad,42,645010056,"{""dropout"": 0.5, ""hidden_channels"": 16, ""learning_rate"": 0.01, ""momentum"": 0.0, ""weight_decay"": 0.0005}",feature_masking,0.2,0.1999959362808842,9843,0.9571428571428572,0.744,0.754,0.7454717226837932,1.475738763809204,32.84601396799553,194,200,results/v2/proof_shards/AdaGrad/environment.json
v2_fixed_cora_full_epoch_history,75b6113,2026-07-07T17:54:38.238357+00:00,Cora,fixed,training_time,AdaGrad,42,1180181969,"{""dropout"": 0.5, ""hidden_channels"": 16, ""learning_rate"": 0.01, ""momentum"": 0.0, ""weight_decay"": 0.0005}",feature_masking,0.3,0.299983745123537,14764,0.9285714285714286,0.684,0.716,0.7234341068010258,1.5746089220046997,35.86851686699083,162,200,results/v2/proof_shards/AdaGrad/environment.json
v2_fixed_cora_full_epoch_history,75b6113,2026-07-07T17:59:11.768354+00:00,Cora,fixed,training_time,AdaGrad,43,1496925051,"{""dropout"": 0.5, ""hidden_channels"": 16, ""learning_rate"": 0.01, ""momentum"": 0.0, ""weight_decay"": 0.0005}",clean,0.0,0.0,0,0.9642857142857144,0.752,0.765,0.7583551366231124,1.420607566833496,18.561754900991215,177,200,results/v2/proof_shards/AdaGrad/environment.json
v2_fixed_cora_full_epoch_history,75b6113,2026-07-07T18:00:49.134288+00:00,Cora,fixed,training_time,AdaGrad,43,1123702018,"{""dropout"": 0.5, ""hidden_channels"": 16, ""learning_rate"": 0.01, ""momentum"": 0.0, ""weight_decay"": 0.0005}",edge_removal,0.05,0.0498294808639636,263,0.95,0.762,0.782,0.7775217039862891,1.4302690029144287,18.639217427000403,188,200,results/v2/proof_shards/AdaGrad/environment.json
v2_fixed_cora_full_epoch_history,75b6113,2026-07-07T18:01:08.170765+00:00,Cora,fixed,training_time,AdaGrad,43,929984708,"{""dropout"": 0.5, ""hidden_channels"": 16, ""learning_rate"": 0.01, ""momentum"": 0.0, ""weight_decay"": 0.0005}",edge_removal,0.1,0.0998484274346343,527,0.9642857142857144,0.776,0.798,0.7854567793030045,1.4044495820999146,20.53069740900537,33,200,results/v2/proof_shards/AdaGrad/environment.json
v2_fixed_cora_full_epoch_history,75b6113,2026-07-07T18:01:29.092487+00:00,Cora,fixed,training_time,AdaGrad,43,611079585,"{""dropout"": 0.5, ""hidden_channels"": 16, ""learning_rate"": 0.01, ""momentum"": 0.0, ""weight_decay"": 0.0005}",edge_removal,0.2,0.1998863205759757,1055,0.9571428571428572,0.698,0.707,0.707268639818678,1.4328771829605105,16.376793239993276,186,200,results/v2/proof_shards/AdaGrad/environment.json
v2_fixed_cora_full_epoch_history,75b6113,2026-07-07T18:01:45.886483+00:00,Cora,fixed,training_time,AdaGrad,43,1961179369,"{""dropout"": 0.5, ""hidden_channels"": 16, ""learning_rate"": 0.01, ""momentum"": 0.0, ""weight_decay"": 0.0005}",edge_removal,0.3,0.2999242137173171,1583,0.9857142857142858,0.74,0.742,0.7352861762883193,1.3677221536636353,18.429112612007884,144,200,results/v2/proof_shards/AdaGrad/environment.json
v2_fixed_cora_full_epoch_history,75b6113,2026-07-07T18:02:04.717996+00:00,Cora,fixed,training_time,AdaGrad,43,1800547686,"{""dropout"": 0.5, ""hidden_channels"": 16, ""learning_rate"": 0.01, ""momentum"": 0.0, ""weight_decay"": 0.0005}",fake_edge_addition,0.05,0.0498294808639636,263,0.9785714285714284,0.768,0.776,0.776063421026204,1.4471945762634275,18.387941425986355,177,200,results/v2/proof_shards/AdaGrad/environment.json
v2_fixed_cora_full_epoch_history,75b6113,2026-07-07T18:02:23.574523+00:00,Cora,fixed,training_time,AdaGrad,43,822018011,"{""dropout"": 0.5, ""hidden_channels"": 16, ""learning_rate"": 0.01, ""momentum"": 0.0, ""weight_decay"": 0.0005}",fake_edge_addition,0.1,0.0998484274346343,527,0.9714285714285714,0.71,0.741,0.7386556285737151,1.4483097791671753,17.61153857500176,187,200,results/v2/proof_shards/AdaGrad/environment.json
v2_fixed_cora_full_epoch_history,75b6113,2026-07-07T18:02:41.735230+00:00,Cora,fixed,training_time,AdaGrad,43,1311691110,"{""dropout"": 0.5, ""hidden_channels"": 16, ""learning_rate"": 0.01, ""momentum"": 0.0, ""weight_decay"": 0.0005}",fake_edge_addition,0.2,0.1998863205759757,1055,0.9571428571428572,0.706,0.72,0.710166813396223,1.5461769104003906,20.42321816200274,191,200,results/v2/proof_shards/AdaGrad/environment.json
v2_fixed_cora_full_epoch_history,75b6113,2026-07-07T18:03:02.663232+00:00,Cora,fixed,training_time,AdaGrad,43,1039726609,"{""dropout"": 0.5, ""hidden_channels"": 16, ""learning_rate"": 0.01, ""momentum"": 0.0, ""weight_decay"": 0.0005}",fake_edge_addition,0.3,0.2999242137173171,1583,0.9642857142857144,0.71,0.707,0.7055793480425059,1.5327353477478027,18.610881202010205,179,200,results/v2/proof_shards/AdaGrad/environment.json
v2_fixed_cora_full_epoch_history,75b6113,2026-07-07T17:59:30.780889+00:00,Cora,fixed,training_time,AdaGrad,43,1488770881,"{""dropout"": 0.5, ""hidden_channels"": 16, ""learning_rate"": 0.01, ""momentum"": 0.0, ""weight_decay"": 0.0005}",feature_masking,0.05,0.049983745123537,2460,0.9642857142857144,0.756,0.781,0.77024178244701,1.4108247756958008,19.009299144003307,168,200,results/v2/proof_shards/AdaGrad/environment.json
v2_fixed_cora_full_epoch_history,75b6113,2026-07-07T17:59:50.571624+00:00,Cora,fixed,training_time,AdaGrad,43,152705908,"{""dropout"": 0.5, ""hidden_channels"": 16, ""learning_rate"": 0.01, ""momentum"": 0.0, ""weight_decay"": 0.0005}",feature_masking,0.1,0.0999878088426527,4921,0.9571428571428572,0.69,0.721,0.7272583656233833,1.5040963888168335,19.379828160017496,191,200,results/v2/proof_shards/AdaGrad/environment.json
v2_fixed_cora_full_epoch_history,75b6113,2026-07-07T18:00:10.388610+00:00,Cora,fixed,training_time,AdaGrad,43,1075430098,"{""dropout"": 0.5, ""hidden_channels"": 16, ""learning_rate"": 0.01, ""momentum"": 0.0, ""weight_decay"": 0.0005}",feature_masking,0.2,0.1999959362808842,9843,0.9428571428571428,0.736,0.757,0.7468149766046052,1.5190473794937134,19.443565705005312,188,200,results/v2/proof_shards/AdaGrad/environment.json
v2_fixed_cora_full_epoch_history,75b6113,2026-07-07T18:00:30.439662+00:00,Cora,fixed,training_time,AdaGrad,43,1841812743,"{""dropout"": 0.5, ""hidden_channels"": 16, ""learning_rate"": 0.01, ""momentum"": 0.0, ""weight_decay"": 0.0005}",feature_masking,0.3,0.299983745123537,14764,0.9428571428571428,0.724,0.73,0.7361806919094522,1.566151142120361,18.23368814899004,200,200,results/v2/proof_shards/AdaGrad/environment.json
v2_fixed_cora_full_epoch_history,75b6113,2026-07-07T18:03:21.699228+00:00,Cora,fixed,training_time,AdaGrad,44,709678197,"{""dropout"": 0.5, ""hidden_channels"": 16, ""learning_rate"": 0.01, ""momentum"": 0.0, ""weight_decay"": 0.0005}",clean,0.0,0.0,0,0.9357142857142856,0.762,0.795,0.7857033612876655,1.4005529880523682,18.71162385199568,178,200,results/v2/proof_shards/AdaGrad/environment.json
v2_fixed_cora_full_epoch_history,75b6113,2026-07-07T18:04:53.867880+00:00,Cora,fixed,training_time,AdaGrad,44,1991997386,"{""dropout"": 0.5, ""hidden_channels"": 16, ""learning_rate"": 0.01, ""momentum"": 0.0, ""weight_decay"": 0.0005}",edge_removal,0.05,0.0498294808639636,263,0.9642857142857144,0.724,0.756,0.7519659804746848,1.406075358390808,17.735727244988084,182,200,results/v2/proof_shards/AdaGrad/environment.json
v2_fixed_cora_full_epoch_history,75b6113,2026-07-07T18:05:12.080856+00:00,Cora,fixed,training_time,AdaGrad,44,257868581,"{""dropout"": 0.5, ""hidden_channels"": 16, ""learning_rate"": 0.01, ""momentum"": 0.0, ""weight_decay"": 0.0005}",edge_removal,0.1,0.0998484274346343,527,0.9642857142857144,0.744,0.776,0.7671842812011116,1.4182449579238892,18.557709520013304,172,200,results/v2/proof_shards/AdaGrad/environment.json
v2_fixed_cora_full_epoch_history,75b6113,2026-07-07T18:05:30.983630+00:00,Cora,fixed,training_time,AdaGrad,44,1918756485,"{""dropout"": 0.5, ""hidden_channels"": 16, ""learning_rate"": 0.01, ""momentum"": 0.0, ""weight_decay"": 0.0005}",edge_removal,0.2,0.1998863205759757,1055,0.95,0.732,0.729,0.717802459557883,1.444537878036499,16.939693378983065,187,200,results/v2/proof_shards/AdaGrad/environment.json
v2_fixed_cora_full_epoch_history,75b6113,2026-07-07T18:05:48.369457+00:00,Cora,fixed,training_time,AdaGrad,44,904230884,"{""dropout"": 0.5, ""hidden_channels"": 16, ""learning_rate"": 0.01, ""momentum"": 0.0, ""weight_decay"": 0.0005}",edge_removal,0.3,0.2999242137173171,1583,0.9928571428571428,0.74,0.73,0.7275287441727327,1.4496405124664309,17.433090621983865,197,200,results/v2/proof_shards/AdaGrad/environment.json
v2_fixed_cora_full_epoch_history,75b6113,2026-07-07T18:06:06.260053+00:00,Cora,fixed,training_time,AdaGrad,44,1228768801,"{""dropout"": 0.5, ""hidden_channels"": 16, ""learning_rate"": 0.01, ""momentum"": 0.0, ""weight_decay"": 0.0005}",fake_edge_addition,0.05,0.0498294808639636,263,0.9642857142857144,0.762,0.755,0.7482149027162127,1.4469194412231443,18.28616307102493,14,200,results/v2/proof_shards/AdaGrad/environment.json
v2_fixed_cora_full_epoch_history,75b6113,2026-07-07T18:06:25.061828+00:00,Cora,fixed,training_time,AdaGrad,44,1029886672,"{""dropout"": 0.5, ""hidden_channels"": 16, ""learning_rate"": 0.01, ""momentum"": 0.0, ""weight_decay"": 0.0005}",fake_edge_addition,0.1,0.0998484274346343,527,0.9785714285714284,0.742,0.769,0.7552978606841343,1.454069972038269,18.663034513010643,41,200,results/v2/proof_shards/AdaGrad/environment.json
v2_fixed_cora_full_epoch_history,75b6113,2026-07-07T18:06:44.280511+00:00,Cora,fixed,training_time,AdaGrad,44,189352195,"{""dropout"": 0.5, ""hidden_channels"": 16, ""learning_rate"": 0.01, ""momentum"": 0.0, ""weight_decay"": 0.0005}",fake_edge_addition,0.2,0.1998863205759757,1055,0.9,0.656,0.648,0.6352899191914086,1.5687921047210691,25.540498476999343,188,200,results/v2/proof_shards/AdaGrad/environment.json
v2_fixed_cora_full_epoch_history,75b6113,2026-07-07T18:07:10.691402+00:00,Cora,fixed,training_time,AdaGrad,44,1513977171,"{""dropout"": 0.5, ""hidden_channels"": 16, ""learning_rate"": 0.01, ""momentum"": 0.0, ""weight_decay"": 0.0005}",fake_edge_addition,0.3,0.2999242137173171,1583,0.9142857142857144,0.64,0.63,0.6418041337061783,1.630661129951477,38.04044456299744,180,200,results/v2/proof_shards/AdaGrad/environment.json
v2_fixed_cora_full_epoch_history,75b6113,2026-07-07T18:03:40.804660+00:00,Cora,fixed,training_time,AdaGrad,44,1676584744,"{""dropout"": 0.5, ""hidden_channels"": 16, ""learning_rate"": 0.01, ""momentum"": 0.0, ""weight_decay"": 0.0005}",feature_masking,0.05,0.049983745123537,2460,0.9571428571428572,0.764,0.774,0.7577349633275975,1.3977818489074707,16.975075341004413,170,200,results/v2/proof_shards/AdaGrad/environment.json
v2_fixed_cora_full_epoch_history,75b6113,2026-07-07T18:03:58.191998+00:00,Cora,fixed,training_time,AdaGrad,44,1739011013,"{""dropout"": 0.5, ""hidden_channels"": 16, ""learning_rate"": 0.01, ""momentum"": 0.0, ""weight_decay"": 0.0005}",feature_masking,0.1,0.0999878088426527,4921,0.95,0.734,0.754,0.7409707572924555,1.4644159078598022,20.068873207987053,200,200,results/v2/proof_shards/AdaGrad/environment.json
v2_fixed_cora_full_epoch_history,75b6113,2026-07-07T18:04:18.775059+00:00,Cora,fixed,training_time,AdaGrad,44,219973841,"{""dropout"": 0.5, ""hidden_channels"": 16, ""learning_rate"": 0.01, ""momentum"": 0.0, ""weight_decay"": 0.0005}",feature_masking,0.2,0.1999959362808842,9843,0.9714285714285714,0.682,0.721,0.7287402936477615,1.5433204174041748,17.477307799999835,69,200,results/v2/proof_shards/AdaGrad/environment.json
v2_fixed_cora_full_epoch_history,75b6113,2026-07-07T18:04:36.745953+00:00,Cora,fixed,training_time,AdaGrad,44,719364072,"{""dropout"": 0.5, ""hidden_channels"": 16, ""learning_rate"": 0.01, ""momentum"": 0.0, ""weight_decay"": 0.0005}",feature_masking,0.3,0.299983745123537,14764,0.9357142857142856,0.712,0.738,0.7232872072871166,1.5284420251846311,16.64044216799084,198,200,results/v2/proof_shards/AdaGrad/environment.json
v2_fixed_cora_full_epoch_history,75b6113,2026-07-07T18:07:49.679289+00:00,Cora,fixed,training_time,AdaGrad,45,923389568,"{""dropout"": 0.5, ""hidden_channels"": 16, ""learning_rate"": 0.01, ""momentum"": 0.0, ""weight_decay"": 0.0005}",clean,0.0,0.0,0,0.95,0.754,0.779,0.7718598888251129,1.4135799407958984,34.560010179004166,50,200,results/v2/proof_shards/AdaGrad/environment.json
v2_fixed_cora_full_epoch_history,75b6113,2026-07-07T18:10:43.072554+00:00,Cora,fixed,training_time,AdaGrad,45,2012377936,"{""dropout"": 0.5, ""hidden_channels"": 16, ""learning_rate"": 0.01, ""momentum"": 0.0, ""weight_decay"": 0.0005}",edge_removal,0.05,0.0498294808639636,263,0.9357142857142856,0.708,0.724,0.7187410380102863,1.455283761024475,30.511224568996116,196,200,results/v2/proof_shards/AdaGrad/environment.json
v2_fixed_cora_full_epoch_history,75b6113,2026-07-07T18:11:14.498949+00:00,Cora,fixed,training_time,AdaGrad,45,1992006903,"{""dropout"": 0.5, ""hidden_channels"": 16, ""learning_rate"": 0.01, ""momentum"": 0.0, ""weight_decay"": 0.0005}",edge_removal,0.1,0.0998484274346343,527,0.9285714285714286,0.728,0.726,0.728651280698715,1.3670952320098877,30.334346176998224,196,200,results/v2/proof_shards/AdaGrad/environment.json
v2_fixed_cora_full_epoch_history,75b6113,2026-07-07T18:11:45.636444+00:00,Cora,fixed,training_time,AdaGrad,45,1674393740,"{""dropout"": 0.5, ""hidden_channels"": 16, ""learning_rate"": 0.01, ""momentum"": 0.0, ""weight_decay"": 0.0005}",edge_removal,0.2,0.1998863205759757,1055,0.9785714285714284,0.728,0.742,0.7356144043857883,1.3916162252426147,30.359447828988777,192,200,results/v2/proof_shards/AdaGrad/environment.json
v2_fixed_cora_full_epoch_history,75b6113,2026-07-07T18:12:16.749766+00:00,Cora,fixed,training_time,AdaGrad,45,1216865416,"{""dropout"": 0.5, ""hidden_channels"": 16, ""learning_rate"": 0.01, ""momentum"": 0.0, ""weight_decay"": 0.0005}",edge_removal,0.3,0.2999242137173171,1583,0.9642857142857144,0.746,0.765,0.7474839439226536,1.4281049966812134,31.29314649599837,131,200,results/v2/proof_shards/AdaGrad/environment.json
v2_fixed_cora_full_epoch_history,75b6113,2026-07-07T18:12:48.904137+00:00,Cora,fixed,training_time,AdaGrad,45,1910049146,"{""dropout"": 0.5, ""hidden_channels"": 16, ""learning_rate"": 0.01, ""momentum"": 0.0, ""weight_decay"": 0.0005}",fake_edge_addition,0.05,0.0498294808639636,263,0.9571428571428572,0.686,0.721,0.7209913297301294,1.423012614250183,33.02153709900449,188,200,results/v2/proof_shards/AdaGrad/environment.json
v2_fixed_cora_full_epoch_history,75b6113,2026-07-07T18:13:22.836017+00:00,Cora,fixed,training_time,AdaGrad,45,564844587,"{""dropout"": 0.5, ""hidden_channels"": 16, ""learning_rate"": 0.01, ""momentum"": 0.0, ""weight_decay"": 0.0005}",fake_edge_addition,0.1,0.0998484274346343,527,0.95,0.75,0.789,0.7800402484749237,1.471687078475952,33.66129749099491,176,200,results/v2/proof_shards/AdaGrad/environment.json
v2_fixed_cora_full_epoch_history,75b6113,2026-07-07T18:13:57.367333+00:00,Cora,fixed,training_time,AdaGrad,45,557544622,"{""dropout"": 0.5, ""hidden_channels"": 16, ""learning_rate"": 0.01, ""momentum"": 0.0, ""weight_decay"": 0.0005}",fake_edge_addition,0.2,0.1998863205759757,1055,0.9642857142857144,0.684,0.699,0.694053382668499,1.5991204977035522,33.17187595399446,138,200,results/v2/proof_shards/AdaGrad/environment.json
v2_fixed_cora_full_epoch_history,75b6113,2026-07-07T18:14:31.295209+00:00,Cora,fixed,training_time,AdaGrad,45,2130215805,"{""dropout"": 0.5, ""hidden_channels"": 16, ""learning_rate"": 0.01, ""momentum"": 0.0, ""weight_decay"": 0.0005}",fake_edge_addition,0.3,0.2999242137173171,1583,0.9214285714285714,0.622,0.664,0.6599349113410172,1.6445612907409668,35.34448151499964,158,200,results/v2/proof_shards/AdaGrad/environment.json
v2_fixed_cora_full_epoch_history,75b6113,2026-07-07T18:08:25.289204+00:00,Cora,fixed,training_time,AdaGrad,45,172758409,"{""dropout"": 0.5, ""hidden_channels"": 16, ""learning_rate"": 0.01, ""momentum"": 0.0, ""weight_decay"": 0.0005}",feature_masking,0.05,0.049983745123537,2460,0.9928571428571428,0.75,0.768,0.7596385172861996,1.430321216583252,32.22418379998999,19,200,results/v2/proof_shards/AdaGrad/environment.json
v2_fixed_cora_full_epoch_history,75b6113,2026-07-07T18:08:58.206492+00:00,Cora,fixed,training_time,AdaGrad,45,1017584006,"{""dropout"": 0.5, ""hidden_channels"": 16, ""learning_rate"": 0.01, ""momentum"": 0.0, ""weight_decay"": 0.0005}",feature_masking,0.1,0.0999878088426527,4921,0.9642857142857144,0.766,0.786,0.7711076588319009,1.454714298248291,34.234760150982765,173,200,results/v2/proof_shards/AdaGrad/environment.json
v2_fixed_cora_full_epoch_history,75b6113,2026-07-07T18:09:33.381328+00:00,Cora,fixed,training_time,AdaGrad,45,1847292077,"{""dropout"": 0.5, ""hidden_channels"": 16, ""learning_rate"": 0.01, ""momentum"": 0.0, ""weight_decay"": 0.0005}",feature_masking,0.2,0.1999959362808842,9843,0.9642857142857144,0.736,0.757,0.742128379104723,1.5082852840423584,35.13281139099854,19,200,results/v2/proof_shards/AdaGrad/environment.json
v2_fixed_cora_full_epoch_history,75b6113,2026-07-07T18:10:09.162636+00:00,Cora,fixed,training_time,AdaGrad,45,1658332615,"{""dropout"": 0.5, ""hidden_channels"": 16, ""learning_rate"": 0.01, ""momentum"": 0.0, ""weight_decay"": 0.0005}",feature_masking,0.3,0.299983745123537,14764,0.9285714285714286,0.7,0.748,0.7330416078870964,1.5768015384674072,33.25174178098678,132,200,results/v2/proof_shards/AdaGrad/environment.json
v2_fixed_cora_full_epoch_history,75b6113,2026-07-07T18:15:07.331586+00:00,Cora,fixed,training_time,AdaGrad,46,1261674089,"{""dropout"": 0.5, ""hidden_channels"": 16, ""learning_rate"": 0.01, ""momentum"": 0.0, ""weight_decay"": 0.0005}",clean,0.0,0.0,0,0.9642857142857144,0.736,0.764,0.755758870366787,1.4680322408676147,37.64844874001574,103,200,results/v2/proof_shards/AdaGrad/environment.json
v2_fixed_cora_full_epoch_history,75b6113,2026-07-07T18:17:46.143298+00:00,Cora,fixed,training_time,AdaGrad,46,1525583254,"{""dropout"": 0.5, ""hidden_channels"": 16, ""learning_rate"": 0.01, ""momentum"": 0.0, ""weight_decay"": 0.0005}",edge_removal,0.05,0.0498294808639636,263,0.9571428571428572,0.754,0.77,0.765877879842524,1.393369436264038,29.44653780700173,12,200,results/v2/proof_shards/AdaGrad/environment.json
v2_fixed_cora_full_epoch_history,75b6113,2026-07-07T18:18:16.401459+00:00,Cora,fixed,training_time,AdaGrad,46,801995301,"{""dropout"": 0.5, ""hidden_channels"": 16, ""learning_rate"": 0.01, ""momentum"": 0.0, ""weight_decay"": 0.0005}",edge_removal,0.1,0.0998484274346343,527,0.95,0.734,0.757,0.752378141148621,1.4440898895263672,28.37520110499463,81,200,results/v2/proof_shards/AdaGrad/environment.json
v2_fixed_cora_full_epoch_history,75b6113,2026-07-07T18:18:45.404368+00:00,Cora,fixed,training_time,AdaGrad,46,1979433760,"{""dropout"": 0.5, ""hidden_channels"": 16, ""learning_rate"": 0.01, ""momentum"": 0.0, ""weight_decay"": 0.0005}",edge_removal,0.2,0.1998863205759757,1055,0.9857142857142858,0.718,0.742,0.7400535993646653,1.404152750968933,27.798986374022206,168,200,results/v2/proof_shards/AdaGrad/environment.json
v2_fixed_cora_full_epoch_history,75b6113,2026-07-07T18:19:13.847499+00:00,Cora,fixed,training_time,AdaGrad,46,1745267082,"{""dropout"": 0.5, ""hidden_channels"": 16, ""learning_rate"": 0.01, ""momentum"": 0.0, ""weight_decay"": 0.0005}",edge_removal,0.3,0.2999242137173171,1583,0.9285714285714286,0.734,0.747,0.7409569595820794,1.3888453245162964,28.58586379798362,175,200,results/v2/proof_shards/AdaGrad/environment.json
v2_fixed_cora_full_epoch_history,75b6113,2026-07-07T18:19:43.118277+00:00,Cora,fixed,training_time,AdaGrad,46,54015035,"{""dropout"": 0.5, ""hidden_channels"": 16, ""learning_rate"": 0.01, ""momentum"": 0.0, ""weight_decay"": 0.0005}",fake_edge_addition,0.05,0.0498294808639636,263,0.9571428571428572,0.766,0.766,0.7567193384235436,1.459242582321167,30.896210692008022,182,200,results/v2/proof_shards/AdaGrad/environment.json
v2_fixed_cora_full_epoch_history,75b6113,2026-07-07T18:20:14.753095+00:00,Cora,fixed,training_time,AdaGrad,46,1501624281,"{""dropout"": 0.5, ""hidden_channels"": 16, ""learning_rate"": 0.01, ""momentum"": 0.0, ""weight_decay"": 0.0005}",fake_edge_addition,0.1,0.0998484274346343,527,0.95,0.744,0.771,0.7577554414423714,1.5235027074813845,30.46077543197316,167,200,results/v2/proof_shards/AdaGrad/environment.json
v2_fixed_cora_full_epoch_history,75b6113,2026-07-07T18:20:46.118530+00:00,Cora,fixed,training_time,AdaGrad,46,688504516,"{""dropout"": 0.5, ""hidden_channels"": 16, ""learning_rate"": 0.01, ""momentum"": 0.0, ""weight_decay"": 0.0005}",fake_edge_addition,0.2,0.1998863205759757,1055,0.95,0.726,0.749,0.7403439345436408,1.5648263692855835,35.22754121001344,180,200,results/v2/proof_shards/AdaGrad/environment.json
v2_fixed_cora_full_epoch_history,75b6113,2026-07-07T18:21:22.310912+00:00,Cora,fixed,training_time,AdaGrad,46,368902358,"{""dropout"": 0.5, ""hidden_channels"": 16, ""learning_rate"": 0.01, ""momentum"": 0.0, ""weight_decay"": 0.0005}",fake_edge_addition,0.3,0.2999242137173171,1583,0.9142857142857144,0.658,0.676,0.6830664068946285,1.6170796155929563,33.42692154500401,126,200,results/v2/proof_shards/AdaGrad/environment.json
v2_fixed_cora_full_epoch_history,75b6113,2026-07-07T18:15:45.616051+00:00,Cora,fixed,training_time,AdaGrad,46,178840096,"{""dropout"": 0.5, ""hidden_channels"": 16, ""learning_rate"": 0.01, ""momentum"": 0.0, ""weight_decay"": 0.0005}",feature_masking,0.05,0.049983745123537,2460,0.9714285714285714,0.75,0.787,0.7767222703664911,1.4454596042633057,29.69240155699663,181,200,results/v2/proof_shards/AdaGrad/environment.json
v2_fixed_cora_full_epoch_history,75b6113,2026-07-07T18:16:16.016410+00:00,Cora,fixed,training_time,AdaGrad,46,2017894998,"{""dropout"": 0.5, ""hidden_channels"": 16, ""learning_rate"": 0.01, ""momentum"": 0.0, ""weight_decay"": 0.0005}",feature_masking,0.1,0.0999878088426527,4921,0.9571428571428572,0.718,0.742,0.7451566220217373,1.497189164161682,29.600130311009707,189,200,results/v2/proof_shards/AdaGrad/environment.json
v2_fixed_cora_full_epoch_history,75b6113,2026-07-07T18:16:46.310863+00:00,Cora,fixed,training_time,AdaGrad,46,689187480,"{""dropout"": 0.5, ""hidden_channels"": 16, ""learning_rate"": 0.01, ""momentum"": 0.0, ""weight_decay"": 0.0005}",feature_masking,0.2,0.1999959362808842,9843,0.9571428571428572,0.72,0.744,0.7444365928639166,1.518618941307068,28.71817748202011,181,200,results/v2/proof_shards/AdaGrad/environment.json
v2_fixed_cora_full_epoch_history,75b6113,2026-07-07T18:17:15.853993+00:00,Cora,fixed,training_time,AdaGrad,46,1567669385,"{""dropout"": 0.5, ""hidden_channels"": 16, ""learning_rate"": 0.01, ""momentum"": 0.0, ""weight_decay"": 0.0005}",feature_masking,0.3,0.299983745123537,14764,0.9357142857142856,0.726,0.738,0.7359151126463451,1.5626144409179688,29.65718330701929,168,200,results/v2/proof_shards/AdaGrad/environment.json
v2_fixed_cora_full_epoch_history,75b6113,2026-07-07T18:21:56.371136+00:00,Cora,fixed,training_time,AdaGrad,47,1590913918,"{""dropout"": 0.5, ""hidden_channels"": 16, ""learning_rate"": 0.01, ""momentum"": 0.0, ""weight_decay"": 0.0005}",clean,0.0,0.0,0,0.9714285714285714,0.746,0.762,0.7585213569524448,1.404910445213318,30.53941358998418,191,200,results/v2/proof_shards/AdaGrad/environment.json
v2_fixed_cora_full_epoch_history,75b6113,2026-07-07T18:24:33.812563+00:00,Cora,fixed,training_time,AdaGrad,47,1842051351,"{""dropout"": 0.5, ""hidden_channels"": 16, ""learning_rate"": 0.01, ""momentum"": 0.0, ""weight_decay"": 0.0005}",edge_removal,0.05,0.0498294808639636,263,0.9357142857142856,0.722,0.771,0.7674178672694673,1.448028326034546,29.489799234987004,191,200,results/v2/proof_shards/AdaGrad/environment.json
v2_fixed_cora_full_epoch_history,75b6113,2026-07-07T18:25:04.127061+00:00,Cora,fixed,training_time,AdaGrad,47,2104862075,"{""dropout"": 0.5, ""hidden_channels"": 16, ""learning_rate"": 0.01, ""momentum"": 0.0, ""weight_decay"": 0.0005}",edge_removal,0.1,0.0998484274346343,527,0.9642857142857144,0.77,0.789,0.7765743975580397,1.406415939331055,28.85390506198746,20,200,results/v2/proof_shards/AdaGrad/environment.json
v2_fixed_cora_full_epoch_history,75b6113,2026-07-07T18:25:33.788848+00:00,Cora,fixed,training_time,AdaGrad,47,1409412318,"{""dropout"": 0.5, ""hidden_channels"": 16, ""learning_rate"": 0.01, ""momentum"": 0.0, ""weight_decay"": 0.0005}",edge_removal,0.2,0.1998863205759757,1055,0.9857142857142858,0.734,0.727,0.7152136724606982,1.435220718383789,31.70952723699156,191,200,results/v2/proof_shards/AdaGrad/environment.json
v2_fixed_cora_full_epoch_history,75b6113,2026-07-07T18:26:06.210007+00:00,Cora,fixed,training_time,AdaGrad,47,1343684251,"{""dropout"": 0.5, ""hidden_channels"": 16, ""learning_rate"": 0.01, ""momentum"": 0.0, ""weight_decay"": 0.0005}",edge_removal,0.3,0.2999242137173171,1583,0.9428571428571428,0.734,0.739,0.7341793308168184,1.3691006898880005,29.988958989997627,40,200,results/v2/proof_shards/AdaGrad/environment.json
v2_fixed_cora_full_epoch_history,75b6113,2026-07-07T18:26:36.978476+00:00,Cora,fixed,training_time,AdaGrad,47,829439021,"{""dropout"": 0.5, ""hidden_channels"": 16, ""learning_rate"": 0.01, ""momentum"": 0.0, ""weight_decay"": 0.0005}",fake_edge_addition,0.05,0.0498294808639636,263,0.9714285714285714,0.732,0.764,0.7524132935022988,1.457509994506836,26.89806292799767,196,200,results/v2/proof_shards/AdaGrad/environment.json
v2_fixed_cora_full_epoch_history,75b6113,2026-07-07T18:27:04.246543+00:00,Cora,fixed,training_time,AdaGrad,47,1733135006,"{""dropout"": 0.5, ""hidden_channels"": 16, ""learning_rate"": 0.01, ""momentum"": 0.0, ""weight_decay"": 0.0005}",fake_edge_addition,0.1,0.0998484274346343,527,0.95,0.732,0.768,0.7604913727539379,1.5066852569580078,13.015092238987563,150,200,results/v2/proof_shards/AdaGrad/environment.json
v2_fixed_cora_full_epoch_history,75b6113,2026-07-07T18:27:17.529917+00:00,Cora,fixed,training_time,AdaGrad,47,197534233,"{""dropout"": 0.5, ""hidden_channels"": 16, ""learning_rate"": 0.01, ""momentum"": 0.0, ""weight_decay"": 0.0005}",fake_edge_addition,0.2,0.1998863205759757,1055,0.9642857142857144,0.716,0.737,0.7240090964069876,1.526431441307068,12.806775064003888,142,200,results/v2/proof_shards/AdaGrad/environment.json
v2_fixed_cora_full_epoch_history,75b6113,2026-07-07T18:27:30.655770+00:00,Cora,fixed,training_time,AdaGrad,47,1280204548,"{""dropout"": 0.5, ""hidden_channels"": 16, ""learning_rate"": 0.01, ""momentum"": 0.0, ""weight_decay"": 0.0005}",fake_edge_addition,0.3,0.2999242137173171,1583,0.9428571428571428,0.65,0.672,0.6845839225379475,1.5832197666168213,13.430407163017662,200,200,results/v2/proof_shards/AdaGrad/environment.json
v2_fixed_cora_full_epoch_history,75b6113,2026-07-07T18:22:27.674099+00:00,Cora,fixed,training_time,AdaGrad,47,2010136284,"{""dropout"": 0.5, ""hidden_channels"": 16, ""learning_rate"": 0.01, ""momentum"": 0.0, ""weight_decay"": 0.0005}",feature_masking,0.05,0.049983745123537,2460,0.9571428571428572,0.764,0.789,0.780875317221336,1.445582628250122,31.77843259400106,136,200,results/v2/proof_shards/AdaGrad/environment.json
v2_fixed_cora_full_epoch_history,75b6113,2026-07-07T18:23:00.314429+00:00,Cora,fixed,training_time,AdaGrad,47,150820993,"{""dropout"": 0.5, ""hidden_channels"": 16, ""learning_rate"": 0.01, ""momentum"": 0.0, ""weight_decay"": 0.0005}",feature_masking,0.1,0.0999878088426527,4921,0.9642857142857144,0.732,0.745,0.7408406270661976,1.454154372215271,32.16785056400113,196,200,results/v2/proof_shards/AdaGrad/environment.json
v2_fixed_cora_full_epoch_history,75b6113,2026-07-07T18:23:33.246978+00:00,Cora,fixed,training_time,AdaGrad,47,1650041070,"{""dropout"": 0.5, ""hidden_channels"": 16, ""learning_rate"": 0.01, ""momentum"": 0.0, ""weight_decay"": 0.0005}",feature_masking,0.2,0.1999959362808842,9843,0.9642857142857144,0.782,0.752,0.7495766734776675,1.4979403018951416,31.7623605899862,179,200,results/v2/proof_shards/AdaGrad/environment.json
v2_fixed_cora_full_epoch_history,75b6113,2026-07-07T18:24:05.626985+00:00,Cora,fixed,training_time,AdaGrad,47,1479048451,"{""dropout"": 0.5, ""hidden_channels"": 16, ""learning_rate"": 0.01, ""momentum"": 0.0, ""weight_decay"": 0.0005}",feature_masking,0.3,0.299983745123537,14764,0.9714285714285714,0.694,0.709,0.71445582160625,1.528849959373474,27.414826727996115,180,200,results/v2/proof_shards/AdaGrad/environment.json
v2_fixed_cora_full_epoch_history,75b6113,2026-07-07T18:27:44.319980+00:00,Cora,fixed,training_time,AdaGrad,48,560038260,"{""dropout"": 0.5, ""hidden_channels"": 16, ""learning_rate"": 0.01, ""momentum"": 0.0, ""weight_decay"": 0.0005}",clean,0.0,0.0,0,0.9428571428571428,0.736,0.758,0.7522458506388404,1.4780406951904297,13.059072956006275,178,200,results/v2/proof_shards/AdaGrad/environment.json
v2_fixed_cora_full_epoch_history,75b6113,2026-07-07T18:28:57.278103+00:00,Cora,fixed,training_time,AdaGrad,48,251997395,"{""dropout"": 0.5, ""hidden_channels"": 16, ""learning_rate"": 0.01, ""momentum"": 0.0, ""weight_decay"": 0.0005}",edge_removal,0.05,0.0498294808639636,263,0.9357142857142856,0.752,0.775,0.7655123854766422,1.368899703025818,31.59759374801069,188,200,results/v2/proof_shards/AdaGrad/environment.json
v2_fixed_cora_full_epoch_history,75b6113,2026-07-07T18:29:29.772684+00:00,Cora,fixed,training_time,AdaGrad,48,1332486023,"{""dropout"": 0.5, ""hidden_channels"": 16, ""learning_rate"": 0.01, ""momentum"": 0.0, ""weight_decay"": 0.0005}",edge_removal,0.1,0.0998484274346343,527,0.9642857142857144,0.778,0.787,0.7796279829270508,1.3942344188690186,29.960616664000558,144,200,results/v2/proof_shards/AdaGrad/environment.json
v2_fixed_cora_full_epoch_history,75b6113,2026-07-07T18:30:00.431531+00:00,Cora,fixed,training_time,AdaGrad,48,1244438025,"{""dropout"": 0.5, ""hidden_channels"": 16, ""learning_rate"": 0.01, ""momentum"": 0.0, ""weight_decay"": 0.0005}",edge_removal,0.2,0.1998863205759757,1055,0.9928571428571428,0.768,0.773,0.7603824830211003,1.4019170999526978,30.54149790102383,195,200,results/v2/proof_shards/AdaGrad/environment.json
v2_fixed_cora_full_epoch_history,75b6113,2026-07-07T18:30:31.569389+00:00,Cora,fixed,training_time,AdaGrad,48,1338578914,"{""dropout"": 0.5, ""hidden_channels"": 16, ""learning_rate"": 0.01, ""momentum"": 0.0, ""weight_decay"": 0.0005}",edge_removal,0.3,0.2999242137173171,1583,0.9642857142857144,0.732,0.749,0.7464640084280242,1.40466570854187,27.84361895301845,187,200,results/v2/proof_shards/AdaGrad/environment.json
v2_fixed_cora_full_epoch_history,75b6113,2026-07-07T18:30:59.947342+00:00,Cora,fixed,training_time,AdaGrad,48,1569559740,"{""dropout"": 0.5, ""hidden_channels"": 16, ""learning_rate"": 0.01, ""momentum"": 0.0, ""weight_decay"": 0.0005}",fake_edge_addition,0.05,0.0498294808639636,263,0.9571428571428572,0.762,0.752,0.7409367101004587,1.4193769693374634,34.73561062599765,200,200,results/v2/proof_shards/AdaGrad/environment.json
v2_fixed_cora_full_epoch_history,75b6113,2026-07-07T18:31:35.663613+00:00,Cora,fixed,training_time,AdaGrad,48,77440963,"{""dropout"": 0.5, ""hidden_channels"": 16, ""learning_rate"": 0.01, ""momentum"": 0.0, ""weight_decay"": 0.0005}",fake_edge_addition,0.1,0.0998484274346343,527,0.9357142857142856,0.708,0.729,0.7276211922135832,1.474987506866455,32.21411274501588,199,200,results/v2/proof_shards/AdaGrad/environment.json
v2_fixed_cora_full_epoch_history,75b6113,2026-07-07T18:32:08.593990+00:00,Cora,fixed,training_time,AdaGrad,48,559588154,"{""dropout"": 0.5, ""hidden_channels"": 16, ""learning_rate"": 0.01, ""momentum"": 0.0, ""weight_decay"": 0.0005}",fake_edge_addition,0.2,0.1998863205759757,1055,0.9571428571428572,0.732,0.729,0.7285411151167859,1.5489728450775146,31.1879053870216,135,200,results/v2/proof_shards/AdaGrad/environment.json
v2_fixed_cora_full_epoch_history,75b6113,2026-07-07T18:32:40.428123+00:00,Cora,fixed,training_time,AdaGrad,48,677274239,"{""dropout"": 0.5, ""hidden_channels"": 16, ""learning_rate"": 0.01, ""momentum"": 0.0, ""weight_decay"": 0.0005}",fake_edge_addition,0.3,0.2999242137173171,1583,0.9357142857142856,0.634,0.643,0.6511801751888271,1.5869228839874268,31.58479519598768,93,200,results/v2/proof_shards/AdaGrad/environment.json
v2_fixed_cora_full_epoch_history,75b6113,2026-07-07T18:27:57.641737+00:00,Cora,fixed,training_time,AdaGrad,48,1650349295,"{""dropout"": 0.5, ""hidden_channels"": 16, ""learning_rate"": 0.01, ""momentum"": 0.0, ""weight_decay"": 0.0005}",feature_masking,0.05,0.049983745123537,2460,0.95,0.75,0.79,0.7724779539059099,1.4523706436157229,11.442499821976526,194,200,results/v2/proof_shards/AdaGrad/environment.json
v2_fixed_cora_full_epoch_history,75b6113,2026-07-07T18:28:09.333830+00:00,Cora,fixed,training_time,AdaGrad,48,1003671997,"{""dropout"": 0.5, ""hidden_channels"": 16, ""learning_rate"": 0.01, ""momentum"": 0.0, ""weight_decay"": 0.0005}",feature_masking,0.1,0.0999878088426527,4921,0.9571428571428572,0.772,0.773,0.7645159063891167,1.477155089378357,11.686520065006334,195,200,results/v2/proof_shards/AdaGrad/environment.json
v2_fixed_cora_full_epoch_history,75b6113,2026-07-07T18:28:21.315052+00:00,Cora,fixed,training_time,AdaGrad,48,909587133,"{""dropout"": 0.5, ""hidden_channels"": 16, ""learning_rate"": 0.01, ""momentum"": 0.0, ""weight_decay"": 0.0005}",feature_masking,0.2,0.1999959362808842,9843,0.95,0.726,0.755,0.7424471557363196,1.5408979654312134,11.471073108987184,156,200,results/v2/proof_shards/AdaGrad/environment.json
v2_fixed_cora_full_epoch_history,75b6113,2026-07-07T18:28:33.045508+00:00,Cora,fixed,training_time,AdaGrad,48,254629130,"{""dropout"": 0.5, ""hidden_channels"": 16, ""learning_rate"": 0.01, ""momentum"": 0.0, ""weight_decay"": 0.0005}",feature_masking,0.3,0.299983745123537,14764,0.9285714285714286,0.668,0.727,0.7235454321572095,1.5861896276474,23.57306609200896,24,200,results/v2/proof_shards/AdaGrad/environment.json
v2_fixed_cora_full_epoch_history,75b6113,2026-07-07T18:33:12.478698+00:00,Cora,fixed,training_time,AdaGrad,49,627965296,"{""dropout"": 0.5, ""hidden_channels"": 16, ""learning_rate"": 0.01, ""momentum"": 0.0, ""weight_decay"": 0.0005}",clean,0.0,0.0,0,0.9571428571428572,0.748,0.779,0.7677635954028398,1.4372135400772097,31.013419109978717,20,200,results/v2/proof_shards/AdaGrad/environment.json
v2_fixed_cora_full_epoch_history,75b6113,2026-07-07T18:35:52.064653+00:00,Cora,fixed,training_time,AdaGrad,49,621734073,"{""dropout"": 0.5, ""hidden_channels"": 16, ""learning_rate"": 0.01, ""momentum"": 0.0, ""weight_decay"": 0.0005}",edge_removal,0.05,0.0498294808639636,263,0.95,0.738,0.752,0.7487528396352998,1.438612699508667,34.43427769897971,174,200,results/v2/proof_shards/AdaGrad/environment.json
v2_fixed_cora_full_epoch_history,75b6113,2026-07-07T18:36:26.997926+00:00,Cora,fixed,training_time,AdaGrad,49,1468124818,"{""dropout"": 0.5, ""hidden_channels"": 16, ""learning_rate"": 0.01, ""momentum"": 0.0, ""weight_decay"": 0.0005}",edge_removal,0.1,0.0998484274346343,527,0.9785714285714284,0.752,0.764,0.7560588859804904,1.3983904123306274,27.311900303990114,198,200,results/v2/proof_shards/AdaGrad/environment.json
v2_fixed_cora_full_epoch_history,75b6113,2026-07-07T18:36:54.953210+00:00,Cora,fixed,training_time,AdaGrad,49,1713786048,"{""dropout"": 0.5, ""hidden_channels"": 16, ""learning_rate"": 0.01, ""momentum"": 0.0, ""weight_decay"": 0.0005}",edge_removal,0.2,0.1998863205759757,1055,0.9571428571428572,0.738,0.76,0.7514087050201834,1.441167950630188,23.56635816799826,186,200,results/v2/proof_shards/AdaGrad/environment.json
v2_fixed_cora_full_epoch_history,75b6113,2026-07-07T18:37:19.033986+00:00,Cora,fixed,training_time,AdaGrad,49,1027155345,"{""dropout"": 0.5, ""hidden_channels"": 16, ""learning_rate"": 0.01, ""momentum"": 0.0, ""weight_decay"": 0.0005}",edge_removal,0.3,0.2999242137173171,1583,0.9928571428571428,0.75,0.754,0.7445581893580305,1.4050217866897583,22.452569330023834,89,200,results/v2/proof_shards/AdaGrad/environment.json
v2_fixed_cora_full_epoch_history,75b6113,2026-07-07T18:37:42.068330+00:00,Cora,fixed,training_time,AdaGrad,49,1405446239,"{""dropout"": 0.5, ""hidden_channels"": 16, ""learning_rate"": 0.01, ""momentum"": 0.0, ""weight_decay"": 0.0005}",fake_edge_addition,0.05,0.0498294808639636,263,0.9571428571428572,0.726,0.738,0.7452036247100823,1.4141278266906738,25.682441197015574,200,200,results/v2/proof_shards/AdaGrad/environment.json
v2_fixed_cora_full_epoch_history,75b6113,2026-07-07T18:38:08.331279+00:00,Cora,fixed,training_time,AdaGrad,49,1017138578,"{""dropout"": 0.5, ""hidden_channels"": 16, ""learning_rate"": 0.01, ""momentum"": 0.0, ""weight_decay"": 0.0005}",fake_edge_addition,0.1,0.0998484274346343,527,0.9714285714285714,0.72,0.754,0.7446099247545567,1.441718339920044,24.496251022996148,143,200,results/v2/proof_shards/AdaGrad/environment.json
v2_fixed_cora_full_epoch_history,75b6113,2026-07-07T18:38:33.565591+00:00,Cora,fixed,training_time,AdaGrad,49,1653727756,"{""dropout"": 0.5, ""hidden_channels"": 16, ""learning_rate"": 0.01, ""momentum"": 0.0, ""weight_decay"": 0.0005}",fake_edge_addition,0.2,0.1998863205759757,1055,0.9428571428571428,0.696,0.741,0.7389421820479235,1.5557960271835327,25.337910399015527,142,200,results/v2/proof_shards/AdaGrad/environment.json
v2_fixed_cora_full_epoch_history,75b6113,2026-07-07T18:38:59.557015+00:00,Cora,fixed,training_time,AdaGrad,49,93284202,"{""dropout"": 0.5, ""hidden_channels"": 16, ""learning_rate"": 0.01, ""momentum"": 0.0, ""weight_decay"": 0.0005}",fake_edge_addition,0.3,0.2999242137173171,1583,0.9642857142857144,0.702,0.709,0.7064281823112474,1.5654566287994385,26.9484635439876,147,200,results/v2/proof_shards/AdaGrad/environment.json
v2_fixed_cora_full_epoch_history,75b6113,2026-07-07T18:33:44.152904+00:00,Cora,fixed,training_time,AdaGrad,49,457514171,"{""dropout"": 0.5, ""hidden_channels"": 16, ""learning_rate"": 0.01, ""momentum"": 0.0, ""weight_decay"": 0.0005}",feature_masking,0.05,0.049983745123537,2460,0.9571428571428572,0.748,0.769,0.7621170628056684,1.4687519073486328,30.26973416598048,200,200,results/v2/proof_shards/AdaGrad/environment.json
v2_fixed_cora_full_epoch_history,75b6113,2026-07-07T18:34:15.042620+00:00,Cora,fixed,training_time,AdaGrad,49,1588495448,"{""dropout"": 0.5, ""hidden_channels"": 16, ""learning_rate"": 0.01, ""momentum"": 0.0, ""weight_decay"": 0.0005}",feature_masking,0.1,0.0999878088426527,4921,0.95,0.76,0.785,0.7727778608829465,1.4602949619293213,30.4522415670217,150,200,results/v2/proof_shards/AdaGrad/environment.json
v2_fixed_cora_full_epoch_history,75b6113,2026-07-07T18:34:46.342931+00:00,Cora,fixed,training_time,AdaGrad,49,24084535,"{""dropout"": 0.5, ""hidden_channels"": 16, ""learning_rate"": 0.01, ""momentum"": 0.0, ""weight_decay"": 0.0005}",feature_masking,0.2,0.1999959362808842,9843,0.9642857142857144,0.708,0.726,0.7223573785534496,1.5053977966308594,30.54247101800865,30,200,results/v2/proof_shards/AdaGrad/environment.json
v2_fixed_cora_full_epoch_history,75b6113,2026-07-07T18:35:17.711312+00:00,Cora,fixed,training_time,AdaGrad,49,323957429,"{""dropout"": 0.5, ""hidden_channels"": 16, ""learning_rate"": 0.01, ""momentum"": 0.0, ""weight_decay"": 0.0005}",feature_masking,0.3,0.299983745123537,14764,0.95,0.738,0.725,0.7240575869230552,1.5537117719650269,33.622029928985285,175,200,results/v2/proof_shards/AdaGrad/environment.json
v2_fixed_cora_full_epoch_history,75b6113,2026-07-07T18:39:26.963656+00:00,Cora,fixed,training_time,AdaGrad,50,1317418025,"{""dropout"": 0.5, ""hidden_channels"": 16, ""learning_rate"": 0.01, ""momentum"": 0.0, ""weight_decay"": 0.0005}",clean,0.0,0.0,0,0.9428571428571428,0.76,0.777,0.7740825805851055,1.4043930768966677,23.3245455850265,136,200,results/v2/proof_shards/AdaGrad/environment.json
v2_fixed_cora_full_epoch_history,75b6113,2026-07-07T18:41:29.624008+00:00,Cora,fixed,training_time,AdaGrad,50,1565823660,"{""dropout"": 0.5, ""hidden_channels"": 16, ""learning_rate"": 0.01, ""momentum"": 0.0, ""weight_decay"": 0.0005}",edge_removal,0.05,0.0498294808639636,263,0.9714285714285714,0.756,0.779,0.7677748969496527,1.4265376329421997,22.76895300101023,188,200,results/v2/proof_shards/AdaGrad/environment.json
v2_fixed_cora_full_epoch_history,75b6113,2026-07-07T18:41:53.222889+00:00,Cora,fixed,training_time,AdaGrad,50,1750119587,"{""dropout"": 0.5, ""hidden_channels"": 16, ""learning_rate"": 0.01, ""momentum"": 0.0, ""weight_decay"": 0.0005}",edge_removal,0.1,0.0998484274346343,527,0.9357142857142856,0.728,0.753,0.7449253210031633,1.43457293510437,23.21289108402561,188,200,results/v2/proof_shards/AdaGrad/environment.json
v2_fixed_cora_full_epoch_history,75b6113,2026-07-07T18:42:17.275118+00:00,Cora,fixed,training_time,AdaGrad,50,874249184,"{""dropout"": 0.5, ""hidden_channels"": 16, ""learning_rate"": 0.01, ""momentum"": 0.0, ""weight_decay"": 0.0005}",edge_removal,0.2,0.1998863205759757,1055,0.9714285714285714,0.708,0.734,0.7295553304089123,1.3966931104660034,21.886664213991025,188,200,results/v2/proof_shards/AdaGrad/environment.json
v2_fixed_cora_full_epoch_history,75b6113,2026-07-07T18:42:39.706250+00:00,Cora,fixed,training_time,AdaGrad,50,1756067356,"{""dropout"": 0.5, ""hidden_channels"": 16, ""learning_rate"": 0.01, ""momentum"": 0.0, ""weight_decay"": 0.0005}",edge_removal,0.3,0.2999242137173171,1583,0.9714285714285714,0.716,0.734,0.7292828546529913,1.3680999279022217,24.748770909995077,176,200,results/v2/proof_shards/AdaGrad/environment.json
v2_fixed_cora_full_epoch_history,75b6113,2026-07-07T18:43:05.202015+00:00,Cora,fixed,training_time,AdaGrad,50,635670003,"{""dropout"": 0.5, ""hidden_channels"": 16, ""learning_rate"": 0.01, ""momentum"": 0.0, ""weight_decay"": 0.0005}",fake_edge_addition,0.05,0.0498294808639636,263,0.9714285714285714,0.738,0.78,0.7664359017336487,1.5131679773330688,27.0744866799796,188,200,results/v2/proof_shards/AdaGrad/environment.json
v2_fixed_cora_full_epoch_history,75b6113,2026-07-07T18:43:33.146476+00:00,Cora,fixed,training_time,AdaGrad,50,1149231821,"{""dropout"": 0.5, ""hidden_channels"": 16, ""learning_rate"": 0.01, ""momentum"": 0.0, ""weight_decay"": 0.0005}",fake_edge_addition,0.1,0.0998484274346343,527,0.95,0.746,0.737,0.7305009693748215,1.474217176437378,26.20306296698982,148,200,results/v2/proof_shards/AdaGrad/environment.json
v2_fixed_cora_full_epoch_history,75b6113,2026-07-07T18:44:00.184187+00:00,Cora,fixed,training_time,AdaGrad,50,976068386,"{""dropout"": 0.5, ""hidden_channels"": 16, ""learning_rate"": 0.01, ""momentum"": 0.0, ""weight_decay"": 0.0005}",fake_edge_addition,0.2,0.1998863205759757,1055,0.9142857142857144,0.74,0.735,0.7225310009980165,1.578141450881958,24.67448079001042,177,200,results/v2/proof_shards/AdaGrad/environment.json
v2_fixed_cora_full_epoch_history,75b6113,2026-07-07T18:44:26.047809+00:00,Cora,fixed,training_time,AdaGrad,50,1297693766,"{""dropout"": 0.5, ""hidden_channels"": 16, ""learning_rate"": 0.01, ""momentum"": 0.0, ""weight_decay"": 0.0005}",fake_edge_addition,0.3,0.2999242137173171,1583,0.9571428571428572,0.698,0.693,0.680360802889334,1.5697754621505735,33.39433056497364,125,200,results/v2/proof_shards/AdaGrad/environment.json
v2_fixed_cora_full_epoch_history,75b6113,2026-07-07T18:39:50.807993+00:00,Cora,fixed,training_time,AdaGrad,50,621066264,"{""dropout"": 0.5, ""hidden_channels"": 16, ""learning_rate"": 0.01, ""momentum"": 0.0, ""weight_decay"": 0.0005}",feature_masking,0.05,0.049983745123537,2460,0.9785714285714284,0.75,0.769,0.7630566871837494,1.4127304553985596,23.80617467398406,88,200,results/v2/proof_shards/AdaGrad/environment.json
v2_fixed_cora_full_epoch_history,75b6113,2026-07-07T18:40:15.283060+00:00,Cora,fixed,training_time,AdaGrad,50,2030153169,"{""dropout"": 0.5, ""hidden_channels"": 16, ""learning_rate"": 0.01, ""momentum"": 0.0, ""weight_decay"": 0.0005}",feature_masking,0.1,0.0999878088426527,4921,0.9642857142857144,0.748,0.761,0.7498934317972319,1.453413963317871,23.9489212789922,197,200,results/v2/proof_shards/AdaGrad/environment.json
v2_fixed_cora_full_epoch_history,75b6113,2026-07-07T18:40:39.743176+00:00,Cora,fixed,training_time,AdaGrad,50,1931167008,"{""dropout"": 0.5, ""hidden_channels"": 16, ""learning_rate"": 0.01, ""momentum"": 0.0, ""weight_decay"": 0.0005}",feature_masking,0.2,0.1999959362808842,9843,0.9357142857142856,0.716,0.708,0.7045547545113654,1.5013267993927002,25.230420923006022,172,200,results/v2/proof_shards/AdaGrad/environment.json
v2_fixed_cora_full_epoch_history,75b6113,2026-07-07T18:41:05.572285+00:00,Cora,fixed,training_time,AdaGrad,50,49394823,"{""dropout"": 0.5, ""hidden_channels"": 16, ""learning_rate"": 0.01, ""momentum"": 0.0, ""weight_decay"": 0.0005}",feature_masking,0.3,0.299983745123537,14764,0.9357142857142856,0.686,0.709,0.70729593128336,1.6175947189331057,23.28543633798836,190,200,results/v2/proof_shards/AdaGrad/environment.json
v2_fixed_cora_full_epoch_history,75b6113,2026-07-07T18:45:00.054307+00:00,Cora,fixed,training_time,AdaGrad,51,1519455528,"{""dropout"": 0.5, ""hidden_channels"": 16, ""learning_rate"": 0.01, ""momentum"": 0.0, ""weight_decay"": 0.0005}",clean,0.0,0.0,0,0.95,0.752,0.75,0.7489871326698972,1.4224951267242432,26.292798077018237,19,200,results/v2/proof_shards/AdaGrad/environment.json
v2_fixed_cora_full_epoch_history,75b6113,2026-07-07T18:47:10.930180+00:00,Cora,fixed,training_time,AdaGrad,51,875613687,"{""dropout"": 0.5, ""hidden_channels"": 16, ""learning_rate"": 0.01, ""momentum"": 0.0, ""weight_decay"": 0.0005}",edge_removal,0.05,0.0498294808639636,263,0.9857142857142858,0.738,0.745,0.7390540990109915,1.4445909261703491,26.217003369994927,171,200,results/v2/proof_shards/AdaGrad/environment.json
v2_fixed_cora_full_epoch_history,75b6113,2026-07-07T18:47:37.907345+00:00,Cora,fixed,training_time,AdaGrad,51,1332920830,"{""dropout"": 0.5, ""hidden_channels"": 16, ""learning_rate"": 0.01, ""momentum"": 0.0, ""weight_decay"": 0.0005}",edge_removal,0.1,0.0998484274346343,527,0.9714285714285714,0.782,0.774,0.7624205813437356,1.363514423370361,28.08704980800394,114,200,results/v2/proof_shards/AdaGrad/environment.json
v2_fixed_cora_full_epoch_history,75b6113,2026-07-07T18:48:06.595681+00:00,Cora,fixed,training_time,AdaGrad,51,1293765948,"{""dropout"": 0.5, ""hidden_channels"": 16, ""learning_rate"": 0.01, ""momentum"": 0.0, ""weight_decay"": 0.0005}",edge_removal,0.2,0.1998863205759757,1055,0.9571428571428572,0.732,0.744,0.7347519681154149,1.453908920288086,25.382800077000866,188,200,results/v2/proof_shards/AdaGrad/environment.json
v2_fixed_cora_full_epoch_history,75b6113,2026-07-07T18:48:32.703204+00:00,Cora,fixed,training_time,AdaGrad,51,1022987373,"{""dropout"": 0.5, ""hidden_channels"": 16, ""learning_rate"": 0.01, ""momentum"": 0.0, ""weight_decay"": 0.0005}",edge_removal,0.3,0.2999242137173171,1583,0.9857142857142858,0.752,0.751,0.744053354517677,1.3740034103393557,15.571044865995646,197,200,results/v2/proof_shards/AdaGrad/environment.json
v2_fixed_cora_full_epoch_history,75b6113,2026-07-07T18:48:48.576139+00:00,Cora,fixed,training_time,AdaGrad,51,339521472,"{""dropout"": 0.5, ""hidden_channels"": 16, ""learning_rate"": 0.01, ""momentum"": 0.0, ""weight_decay"": 0.0005}",fake_edge_addition,0.05,0.0498294808639636,263,0.9642857142857144,0.722,0.717,0.7234501653631996,1.4109097719192505,10.797857811005088,195,200,results/v2/proof_shards/AdaGrad/environment.json
v2_fixed_cora_full_epoch_history,75b6113,2026-07-07T18:48:59.609740+00:00,Cora,fixed,training_time,AdaGrad,51,412899068,"{""dropout"": 0.5, ""hidden_channels"": 16, ""learning_rate"": 0.01, ""momentum"": 0.0, ""weight_decay"": 0.0005}",fake_edge_addition,0.1,0.0998484274346343,527,0.9428571428571428,0.714,0.725,0.7249040486262635,1.4858758449554443,9.81532350499765,197,200,results/v2/proof_shards/AdaGrad/environment.json
v2_fixed_cora_full_epoch_history,75b6113,2026-07-07T18:49:09.729727+00:00,Cora,fixed,training_time,AdaGrad,51,582056029,"{""dropout"": 0.5, ""hidden_channels"": 16, ""learning_rate"": 0.01, ""momentum"": 0.0, ""weight_decay"": 0.0005}",fake_edge_addition,0.2,0.1998863205759757,1055,0.9571428571428572,0.69,0.722,0.70936766376339,1.571292519569397,9.260896593012149,30,200,results/v2/proof_shards/AdaGrad/environment.json
v2_fixed_cora_full_epoch_history,75b6113,2026-07-07T18:49:19.197987+00:00,Cora,fixed,training_time,AdaGrad,51,1220317986,"{""dropout"": 0.5, ""hidden_channels"": 16, ""learning_rate"": 0.01, ""momentum"": 0.0, ""weight_decay"": 0.0005}",fake_edge_addition,0.3,0.2999242137173171,1583,0.9571428571428572,0.678,0.72,0.7119638671792136,1.569540023803711,7.845594578015152,162,200,results/v2/proof_shards/AdaGrad/environment.json
v2_fixed_cora_full_epoch_history,75b6113,2026-07-07T18:45:26.992794+00:00,Cora,fixed,training_time,AdaGrad,51,651795541,"{""dropout"": 0.5, ""hidden_channels"": 16, ""learning_rate"": 0.01, ""momentum"": 0.0, ""weight_decay"": 0.0005}",feature_masking,0.05,0.049983745123537,2460,0.9714285714285714,0.744,0.749,0.7516104969071511,1.4551321268081665,24.802908980986103,198,200,results/v2/proof_shards/AdaGrad/environment.json
v2_fixed_cora_full_epoch_history,75b6113,2026-07-07T18:45:52.502045+00:00,Cora,fixed,training_time,AdaGrad,51,206125253,"{""dropout"": 0.5, ""hidden_channels"": 16, ""learning_rate"": 0.01, ""momentum"": 0.0, ""weight_decay"": 0.0005}",feature_masking,0.1,0.0999878088426527,4921,0.9642857142857144,0.776,0.782,0.7695450720712044,1.4378763437271118,24.7501097949862,161,200,results/v2/proof_shards/AdaGrad/environment.json
v2_fixed_cora_full_epoch_history,75b6113,2026-07-07T18:46:17.952813+00:00,Cora,fixed,training_time,AdaGrad,51,556151271,"{""dropout"": 0.5, ""hidden_channels"": 16, ""learning_rate"": 0.01, ""momentum"": 0.0, ""weight_decay"": 0.0005}",feature_masking,0.2,0.1999959362808842,9843,0.9571428571428572,0.746,0.748,0.7408405399118955,1.5169947147369385,25.406946548988344,191,200,results/v2/proof_shards/AdaGrad/environment.json
v2_fixed_cora_full_epoch_history,75b6113,2026-07-07T18:46:43.967658+00:00,Cora,fixed,training_time,AdaGrad,51,146291754,"{""dropout"": 0.5, ""hidden_channels"": 16, ""learning_rate"": 0.01, ""momentum"": 0.0, ""weight_decay"": 0.0005}",feature_masking,0.3,0.299983745123537,14764,0.9571428571428572,0.732,0.763,0.7516802480733383,1.557024002075195,26.441945171012776,15,200,results/v2/proof_shards/AdaGrad/environment.json
v2_fixed_cora_full_epoch_history,75b6113,2026-07-07T17:52:15.534778+00:00,Cora,fixed,training_time,SGD,42,1563341785,"{""dropout"": 0.5, ""hidden_channels"": 16, ""learning_rate"": 0.01, ""momentum"": 0.0, ""weight_decay"": 0.0005}",clean,0.0,0.0,0,0.1642857142857142,0.144,0.154,0.055346295590291,1.9429173469543457,36.02529524199781,22,200,results/v2/proof_shards/SGD/environment.json
v2_fixed_cora_full_epoch_history,75b6113,2026-07-07T17:55:11.735364+00:00,Cora,fixed,training_time,SGD,42,431970746,"{""dropout"": 0.5, ""hidden_channels"": 16, ""learning_rate"": 0.01, ""momentum"": 0.0, ""weight_decay"": 0.0005}",edge_removal,0.05,0.0498294808639636,263,0.1571428571428571,0.13,0.141,0.0756756867335102,1.945272445678711,33.67952838802012,152,200,results/v2/proof_shards/SGD/environment.json
v2_fixed_cora_full_epoch_history,75b6113,2026-07-07T17:55:46.128590+00:00,Cora,fixed,training_time,SGD,42,457133333,"{""dropout"": 0.5, ""hidden_channels"": 16, ""learning_rate"": 0.01, ""momentum"": 0.0, ""weight_decay"": 0.0005}",edge_removal,0.1,0.0998484274346343,527,0.0928571428571428,0.126,0.135,0.0802661812531974,1.9445654153823853,31.89723127600155,148,200,results/v2/proof_shards/SGD/environment.json
v2_fixed_cora_full_epoch_history,75b6113,2026-07-07T17:56:18.652966+00:00,Cora,fixed,training_time,SGD,42,1694106224,"{""dropout"": 0.5, ""hidden_channels"": 16, ""learning_rate"": 0.01, ""momentum"": 0.0, ""weight_decay"": 0.0005}",edge_removal,0.2,0.1998863205759757,1055,0.1571428571428571,0.136,0.129,0.0682264483426645,1.9445756673812864,27.812326429004315,98,200,results/v2/proof_shards/SGD/environment.json
v2_fixed_cora_full_epoch_history,75b6113,2026-07-07T17:56:47.152972+00:00,Cora,fixed,training_time,SGD,42,730650348,"{""dropout"": 0.5, ""hidden_channels"": 16, ""learning_rate"": 0.01, ""momentum"": 0.0, ""weight_decay"": 0.0005}",edge_removal,0.3,0.2999242137173171,1583,0.2428571428571428,0.126,0.159,0.1162797469864285,1.9434871673583984,26.452825994987503,152,200,results/v2/proof_shards/SGD/environment.json
v2_fixed_cora_full_epoch_history,75b6113,2026-07-07T17:57:14.451949+00:00,Cora,fixed,training_time,SGD,42,1287485229,"{""dropout"": 0.5, ""hidden_channels"": 16, ""learning_rate"": 0.01, ""momentum"": 0.0, ""weight_decay"": 0.0005}",fake_edge_addition,0.05,0.0498294808639636,263,0.1714285714285714,0.116,0.124,0.068906176335373,1.9444777965545652,30.26383567400626,1,200,results/v2/proof_shards/SGD/environment.json
v2_fixed_cora_full_epoch_history,75b6113,2026-07-07T17:57:45.638719+00:00,Cora,fixed,training_time,SGD,42,715827970,"{""dropout"": 0.5, ""hidden_channels"": 16, ""learning_rate"": 0.01, ""momentum"": 0.0, ""weight_decay"": 0.0005}",fake_edge_addition,0.1,0.0998484274346343,527,0.1857142857142857,0.158,0.173,0.0896367518755318,1.941678047180176,29.317222171026515,14,200,results/v2/proof_shards/SGD/environment.json
v2_fixed_cora_full_epoch_history,75b6113,2026-07-07T17:58:15.630735+00:00,Cora,fixed,training_time,SGD,42,878299697,"{""dropout"": 0.5, ""hidden_channels"": 16, ""learning_rate"": 0.01, ""momentum"": 0.0, ""weight_decay"": 0.0005}",fake_edge_addition,0.2,0.1998863205759757,1055,0.1928571428571428,0.132,0.137,0.0561430950591013,1.9446158409118648,30.65802110900404,194,200,results/v2/proof_shards/SGD/environment.json
v2_fixed_cora_full_epoch_history,75b6113,2026-07-07T17:58:46.951264+00:00,Cora,fixed,training_time,SGD,42,832104269,"{""dropout"": 0.5, ""hidden_channels"": 16, ""learning_rate"": 0.01, ""momentum"": 0.0, ""weight_decay"": 0.0005}",fake_edge_addition,0.3,0.2999242137173171,1583,0.15,0.072,0.09,0.026360283271149,1.9454938173294067,20.57689749999554,1,200,results/v2/proof_shards/SGD/environment.json
v2_fixed_cora_full_epoch_history,75b6113,2026-07-07T17:52:52.683642+00:00,Cora,fixed,training_time,SGD,42,1747812045,"{""dropout"": 0.5, ""hidden_channels"": 16, ""learning_rate"": 0.01, ""momentum"": 0.0, ""weight_decay"": 0.0005}",feature_masking,0.05,0.049983745123537,2460,0.1785714285714285,0.074,0.107,0.065227359532293,1.944721817970276,35.819854352012044,1,200,results/v2/proof_shards/SGD/environment.json
v2_fixed_cora_full_epoch_history,75b6113,2026-07-07T17:53:29.333347+00:00,Cora,fixed,training_time,SGD,42,2130646036,"{""dropout"": 0.5, ""hidden_channels"": 16, ""learning_rate"": 0.01, ""momentum"": 0.0, ""weight_decay"": 0.0005}",feature_masking,0.1,0.0999878088426527,4921,0.2285714285714285,0.144,0.147,0.1025437365983854,1.9446121454238887,32.7880771170021,199,200,results/v2/proof_shards/SGD/environment.json
v2_fixed_cora_full_epoch_history,75b6113,2026-07-07T17:54:02.823143+00:00,Cora,fixed,training_time,SGD,42,833781839,"{""dropout"": 0.5, ""hidden_channels"": 16, ""learning_rate"": 0.01, ""momentum"": 0.0, ""weight_decay"": 0.0005}",feature_masking,0.2,0.1999959362808842,9843,0.1428571428571428,0.122,0.131,0.035026956950699,1.9445374011993408,32.43223600598867,77,200,results/v2/proof_shards/SGD/environment.json
v2_fixed_cora_full_epoch_history,75b6113,2026-07-07T17:54:36.105985+00:00,Cora,fixed,training_time,SGD,42,2138793579,"{""dropout"": 0.5, ""hidden_channels"": 16, ""learning_rate"": 0.01, ""momentum"": 0.0, ""weight_decay"": 0.0005}",feature_masking,0.3,0.299983745123537,14764,0.15,0.126,0.132,0.0385104041616646,1.9445229768753047,34.84849457300152,40,200,results/v2/proof_shards/SGD/environment.json
v2_fixed_cora_full_epoch_history,75b6113,2026-07-07T17:59:07.843342+00:00,Cora,fixed,training_time,SGD,43,965849535,"{""dropout"": 0.5, ""hidden_channels"": 16, ""learning_rate"": 0.01, ""momentum"": 0.0, ""weight_decay"": 0.0005}",clean,0.0,0.0,0,0.1857142857142857,0.102,0.112,0.0569861931933971,1.943286776542664,17.74330323599861,158,200,results/v2/proof_shards/SGD/environment.json
v2_fixed_cora_full_epoch_history,75b6113,2026-07-07T18:00:42.792396+00:00,Cora,fixed,training_time,SGD,43,422482782,"{""dropout"": 0.5, ""hidden_channels"": 16, ""learning_rate"": 0.01, ""momentum"": 0.0, ""weight_decay"": 0.0005}",edge_removal,0.05,0.0498294808639636,263,0.1785714285714285,0.072,0.088,0.0470448188443746,1.9441434144973757,17.808667097997386,28,200,results/v2/proof_shards/SGD/environment.json
v2_fixed_cora_full_epoch_history,75b6113,2026-07-07T18:01:01.116098+00:00,Cora,fixed,training_time,SGD,43,1157854845,"{""dropout"": 0.5, ""hidden_channels"": 16, ""learning_rate"": 0.01, ""momentum"": 0.0, ""weight_decay"": 0.0005}",edge_removal,0.1,0.0998484274346343,527,0.1642857142857142,0.104,0.122,0.072655630831261,1.943973422050476,19.763798320986098,9,200,results/v2/proof_shards/SGD/environment.json
v2_fixed_cora_full_epoch_history,75b6113,2026-07-07T18:01:21.333608+00:00,Cora,fixed,training_time,SGD,43,2026531817,"{""dropout"": 0.5, ""hidden_channels"": 16, ""learning_rate"": 0.01, ""momentum"": 0.0, ""weight_decay"": 0.0005}",edge_removal,0.2,0.1998863205759757,1055,0.1642857142857142,0.142,0.118,0.0642300338277193,1.9436345100402832,17.77678146600374,197,200,results/v2/proof_shards/SGD/environment.json
v2_fixed_cora_full_epoch_history,75b6113,2026-07-07T18:01:39.600194+00:00,Cora,fixed,training_time,SGD,43,550312744,"{""dropout"": 0.5, ""hidden_channels"": 16, ""learning_rate"": 0.01, ""momentum"": 0.0, ""weight_decay"": 0.0005}",edge_removal,0.3,0.2999242137173171,1583,0.1428571428571428,0.148,0.137,0.0585067176432381,1.9434043169021609,16.820169348007767,53,200,results/v2/proof_shards/SGD/environment.json
v2_fixed_cora_full_epoch_history,75b6113,2026-07-07T18:01:56.857074+00:00,Cora,fixed,training_time,SGD,43,1061858055,"{""dropout"": 0.5, ""hidden_channels"": 16, ""learning_rate"": 0.01, ""momentum"": 0.0, ""weight_decay"": 0.0005}",fake_edge_addition,0.05,0.0498294808639636,263,0.1857142857142857,0.096,0.094,0.045652130936818,1.944244623184204,18.88388408301398,1,200,results/v2/proof_shards/SGD/environment.json
v2_fixed_cora_full_epoch_history,75b6113,2026-07-07T18:02:16.249407+00:00,Cora,fixed,training_time,SGD,43,1725850624,"{""dropout"": 0.5, ""hidden_channels"": 16, ""learning_rate"": 0.01, ""momentum"": 0.0, ""weight_decay"": 0.0005}",fake_edge_addition,0.1,0.0998484274346343,527,0.1571428571428571,0.152,0.15,0.0586029583267207,1.944526195526123,17.896249411976896,3,200,results/v2/proof_shards/SGD/environment.json
v2_fixed_cora_full_epoch_history,75b6113,2026-07-07T18:02:34.642342+00:00,Cora,fixed,training_time,SGD,43,953943503,"{""dropout"": 0.5, ""hidden_channels"": 16, ""learning_rate"": 0.01, ""momentum"": 0.0, ""weight_decay"": 0.0005}",fake_edge_addition,0.2,0.1998863205759757,1055,0.1928571428571428,0.116,0.138,0.0751748113907189,1.944499373435974,19.627611495001474,101,200,results/v2/proof_shards/SGD/environment.json
v2_fixed_cora_full_epoch_history,75b6113,2026-07-07T18:02:54.801387+00:00,Cora,fixed,training_time,SGD,43,2048352547,"{""dropout"": 0.5, ""hidden_channels"": 16, ""learning_rate"": 0.01, ""momentum"": 0.0, ""weight_decay"": 0.0005}",fake_edge_addition,0.3,0.2999242137173171,1583,0.15,0.078,0.092,0.0289874500507406,1.9448745250701904,18.43449560098816,18,200,results/v2/proof_shards/SGD/environment.json
v2_fixed_cora_full_epoch_history,75b6113,2026-07-07T17:59:26.035286+00:00,Cora,fixed,training_time,SGD,43,1553161057,"{""dropout"": 0.5, ""hidden_channels"": 16, ""learning_rate"": 0.01, ""momentum"": 0.0, ""weight_decay"": 0.0005}",feature_masking,0.05,0.049983745123537,2460,0.1428571428571428,0.066,0.091,0.0418513441029462,1.9443001747131348,18.37447042600252,1,200,results/v2/proof_shards/SGD/environment.json
v2_fixed_cora_full_epoch_history,75b6113,2026-07-07T17:59:44.887918+00:00,Cora,fixed,training_time,SGD,43,1015728864,"{""dropout"": 0.5, ""hidden_channels"": 16, ""learning_rate"": 0.01, ""momentum"": 0.0, ""weight_decay"": 0.0005}",feature_masking,0.1,0.0999878088426527,4921,0.1428571428571428,0.124,0.133,0.0428786195134031,1.9450536966323853,19.68306720000692,2,200,results/v2/proof_shards/SGD/environment.json
v2_fixed_cora_full_epoch_history,75b6113,2026-07-07T18:00:05.019988+00:00,Cora,fixed,training_time,SGD,43,1842502831,"{""dropout"": 0.5, ""hidden_channels"": 16, ""learning_rate"": 0.01, ""momentum"": 0.0, ""weight_decay"": 0.0005}",feature_masking,0.2,0.1999959362808842,9843,0.1428571428571428,0.06,0.067,0.0233646338553987,1.9446293115615845,18.99400373600656,10,200,results/v2/proof_shards/SGD/environment.json
v2_fixed_cora_full_epoch_history,75b6113,2026-07-07T18:00:24.463034+00:00,Cora,fixed,training_time,SGD,43,991030781,"{""dropout"": 0.5, ""hidden_channels"": 16, ""learning_rate"": 0.01, ""momentum"": 0.0, ""weight_decay"": 0.0005}",feature_masking,0.3,0.299983745123537,14764,0.15,0.122,0.131,0.0365213032581453,1.944754719734192,17.806710050994297,26,200,results/v2/proof_shards/SGD/environment.json
v2_fixed_cora_full_epoch_history,75b6113,2026-07-07T18:03:13.606332+00:00,Cora,fixed,training_time,SGD,44,1292690751,"{""dropout"": 0.5, ""hidden_channels"": 16, ""learning_rate"": 0.01, ""momentum"": 0.0, ""weight_decay"": 0.0005}",clean,0.0,0.0,0,0.25,0.148,0.158,0.0867081524994833,1.9438273906707764,17.632963022013428,186,200,results/v2/proof_shards/SGD/environment.json
v2_fixed_cora_full_epoch_history,75b6113,2026-07-07T18:04:45.669285+00:00,Cora,fixed,training_time,SGD,44,348431444,"{""dropout"": 0.5, ""hidden_channels"": 16, ""learning_rate"": 0.01, ""momentum"": 0.0, ""weight_decay"": 0.0005}",edge_removal,0.05,0.0498294808639636,263,0.1785714285714285,0.118,0.135,0.0892602546560662,1.9437092542648315,17.05162201699568,1,200,results/v2/proof_shards/SGD/environment.json
v2_fixed_cora_full_epoch_history,75b6113,2026-07-07T18:05:03.189360+00:00,Cora,fixed,training_time,SGD,44,613004990,"{""dropout"": 0.5, ""hidden_channels"": 16, ""learning_rate"": 0.01, ""momentum"": 0.0, ""weight_decay"": 0.0005}",edge_removal,0.1,0.0998484274346343,527,0.1642857142857142,0.13,0.135,0.0471701975012334,1.944609522819519,18.63557042100001,43,200,results/v2/proof_shards/SGD/environment.json
v2_fixed_cora_full_epoch_history,75b6113,2026-07-07T18:05:22.343675+00:00,Cora,fixed,training_time,SGD,44,1293873285,"{""dropout"": 0.5, ""hidden_channels"": 16, ""learning_rate"": 0.01, ""momentum"": 0.0, ""weight_decay"": 0.0005}",edge_removal,0.2,0.1998863205759757,1055,0.1928571428571428,0.146,0.143,0.078895035581261,1.944633960723877,17.658890307007823,192,200,results/v2/proof_shards/SGD/environment.json
v2_fixed_cora_full_epoch_history,75b6113,2026-07-07T18:05:40.423243+00:00,Cora,fixed,training_time,SGD,44,1259075831,"{""dropout"": 0.5, ""hidden_channels"": 16, ""learning_rate"": 0.01, ""momentum"": 0.0, ""weight_decay"": 0.0005}",edge_removal,0.3,0.2999242137173171,1583,0.2142857142857142,0.288,0.301,0.0968490854333099,1.943431735038757,16.972084503009683,7,200,results/v2/proof_shards/SGD/environment.json
v2_fixed_cora_full_epoch_history,75b6113,2026-07-07T18:05:57.803806+00:00,Cora,fixed,training_time,SGD,44,585130525,"{""dropout"": 0.5, ""hidden_channels"": 16, ""learning_rate"": 0.01, ""momentum"": 0.0, ""weight_decay"": 0.0005}",fake_edge_addition,0.05,0.0498294808639636,263,0.1642857142857142,0.102,0.106,0.0552625804719912,1.9446548223495483,18.287074236985063,1,200,results/v2/proof_shards/SGD/environment.json
v2_fixed_cora_full_epoch_history,75b6113,2026-07-07T18:06:16.553312+00:00,Cora,fixed,training_time,SGD,44,1651152963,"{""dropout"": 0.5, ""hidden_channels"": 16, ""learning_rate"": 0.01, ""momentum"": 0.0, ""weight_decay"": 0.0005}",fake_edge_addition,0.1,0.0998484274346343,527,0.15,0.122,0.131,0.0735034918953815,1.9447976350784304,18.683618277980717,85,200,results/v2/proof_shards/SGD/environment.json
v2_fixed_cora_full_epoch_history,75b6113,2026-07-07T18:06:35.686560+00:00,Cora,fixed,training_time,SGD,44,83874871,"{""dropout"": 0.5, ""hidden_channels"": 16, ""learning_rate"": 0.01, ""momentum"": 0.0, ""weight_decay"": 0.0005}",fake_edge_addition,0.2,0.1998863205759757,1055,0.1428571428571428,0.122,0.13,0.0367985756725703,1.942954540252685,19.104539432999445,22,200,results/v2/proof_shards/SGD/environment.json
v2_fixed_cora_full_epoch_history,75b6113,2026-07-07T18:06:55.325263+00:00,Cora,fixed,training_time,SGD,44,2068908086,"{""dropout"": 0.5, ""hidden_channels"": 16, ""learning_rate"": 0.01, ""momentum"": 0.0, ""weight_decay"": 0.0005}",fake_edge_addition,0.3,0.2999242137173171,1583,0.2,0.114,0.11,0.0639379432241692,1.9444667100906368,38.74845158800599,133,200,results/v2/proof_shards/SGD/environment.json
v2_fixed_cora_full_epoch_history,75b6113,2026-07-07T18:03:31.665069+00:00,Cora,fixed,training_time,SGD,44,139523227,"{""dropout"": 0.5, ""hidden_channels"": 16, ""learning_rate"": 0.01, ""momentum"": 0.0, ""weight_decay"": 0.0005}",feature_masking,0.05,0.049983745123537,2460,0.1571428571428571,0.102,0.089,0.0642591849190018,1.945117235183716,17.92745756500517,1,200,results/v2/proof_shards/SGD/environment.json
v2_fixed_cora_full_epoch_history,75b6113,2026-07-07T18:03:50.034456+00:00,Cora,fixed,training_time,SGD,44,420113086,"{""dropout"": 0.5, ""hidden_channels"": 16, ""learning_rate"": 0.01, ""momentum"": 0.0, ""weight_decay"": 0.0005}",feature_masking,0.1,0.0999878088426527,4921,0.1428571428571428,0.31,0.291,0.0695304343791324,1.9432111978530884,19.32496705101221,171,200,results/v2/proof_shards/SGD/environment.json
v2_fixed_cora_full_epoch_history,75b6113,2026-07-07T18:04:09.783015+00:00,Cora,fixed,training_time,SGD,44,988524123,"{""dropout"": 0.5, ""hidden_channels"": 16, ""learning_rate"": 0.01, ""momentum"": 0.0, ""weight_decay"": 0.0005}",feature_masking,0.2,0.1999959362808842,9843,0.1642857142857142,0.144,0.162,0.1015624033224849,1.9455971717834477,18.03057484998135,172,200,results/v2/proof_shards/SGD/environment.json
v2_fixed_cora_full_epoch_history,75b6113,2026-07-07T18:04:28.260084+00:00,Cora,fixed,training_time,SGD,44,68170922,"{""dropout"": 0.5, ""hidden_channels"": 16, ""learning_rate"": 0.01, ""momentum"": 0.0, ""weight_decay"": 0.0005}",feature_masking,0.3,0.299983745123537,14764,0.1642857142857142,0.168,0.165,0.0710130545337918,1.9450125694274905,16.931191289011622,11,200,results/v2/proof_shards/SGD/environment.json
v2_fixed_cora_full_epoch_history,75b6113,2026-07-07T18:07:34.640899+00:00,Cora,fixed,training_time,SGD,45,946121008,"{""dropout"": 0.5, ""hidden_channels"": 16, ""learning_rate"": 0.01, ""momentum"": 0.0, ""weight_decay"": 0.0005}",clean,0.0,0.0,0,0.2285714285714285,0.176,0.172,0.0834791287023242,1.944770336151123,34.24139188299887,25,200,results/v2/proof_shards/SGD/environment.json
v2_fixed_cora_full_epoch_history,75b6113,2026-07-07T18:10:30.675306+00:00,Cora,fixed,training_time,SGD,45,1235829124,"{""dropout"": 0.5, ""hidden_channels"": 16, ""learning_rate"": 0.01, ""momentum"": 0.0, ""weight_decay"": 0.0005}",edge_removal,0.05,0.0498294808639636,263,0.2,0.17,0.132,0.0689212531664357,1.9451549053192136,30.25249427498784,54,200,results/v2/proof_shards/SGD/environment.json
v2_fixed_cora_full_epoch_history,75b6113,2026-07-07T18:11:01.770141+00:00,Cora,fixed,training_time,SGD,45,1608368832,"{""dropout"": 0.5, ""hidden_channels"": 16, ""learning_rate"": 0.01, ""momentum"": 0.0, ""weight_decay"": 0.0005}",edge_removal,0.1,0.0998484274346343,527,0.1285714285714285,0.074,0.066,0.0275293482300889,1.944214105606079,30.81660246499814,40,200,results/v2/proof_shards/SGD/environment.json
v2_fixed_cora_full_epoch_history,75b6113,2026-07-07T18:11:33.407537+00:00,Cora,fixed,training_time,SGD,45,1981632176,"{""dropout"": 0.5, ""hidden_channels"": 16, ""learning_rate"": 0.01, ""momentum"": 0.0, ""weight_decay"": 0.0005}",edge_removal,0.2,0.1998863205759757,1055,0.1857142857142857,0.122,0.139,0.0860320533441301,1.94274377822876,29.54223103300319,72,200,results/v2/proof_shards/SGD/environment.json
v2_fixed_cora_full_epoch_history,75b6113,2026-07-07T18:12:03.593959+00:00,Cora,fixed,training_time,SGD,45,1673450476,"{""dropout"": 0.5, ""hidden_channels"": 16, ""learning_rate"": 0.01, ""momentum"": 0.0, ""weight_decay"": 0.0005}",edge_removal,0.3,0.2999242137173171,1583,0.15,0.134,0.13,0.0468280335389969,1.9426746368408203,29.561960600985916,96,200,results/v2/proof_shards/SGD/environment.json
v2_fixed_cora_full_epoch_history,75b6113,2026-07-07T18:12:33.982989+00:00,Cora,fixed,training_time,SGD,45,1580246210,"{""dropout"": 0.5, ""hidden_channels"": 16, ""learning_rate"": 0.01, ""momentum"": 0.0, ""weight_decay"": 0.0005}",fake_edge_addition,0.05,0.0498294808639636,263,0.1785714285714285,0.082,0.092,0.0456313485500222,1.9434338808059688,33.13960065500578,1,200,results/v2/proof_shards/SGD/environment.json
v2_fixed_cora_full_epoch_history,75b6113,2026-07-07T18:13:07.822813+00:00,Cora,fixed,training_time,SGD,45,1233440570,"{""dropout"": 0.5, ""hidden_channels"": 16, ""learning_rate"": 0.01, ""momentum"": 0.0, ""weight_decay"": 0.0005}",fake_edge_addition,0.1,0.0998484274346343,527,0.1428571428571428,0.068,0.065,0.0318382229339499,1.9443204402923584,31.42469477499253,23,200,results/v2/proof_shards/SGD/environment.json
v2_fixed_cora_full_epoch_history,75b6113,2026-07-07T18:13:39.950228+00:00,Cora,fixed,training_time,SGD,45,1401747434,"{""dropout"": 0.5, ""hidden_channels"": 16, ""learning_rate"": 0.01, ""momentum"": 0.0, ""weight_decay"": 0.0005}",fake_edge_addition,0.2,0.1998863205759757,1055,0.2214285714285714,0.148,0.149,0.1046698950270905,1.9438127279281616,34.58636338298675,42,200,results/v2/proof_shards/SGD/environment.json
v2_fixed_cora_full_epoch_history,75b6113,2026-07-07T18:14:15.351826+00:00,Cora,fixed,training_time,SGD,45,1618111972,"{""dropout"": 0.5, ""hidden_channels"": 16, ""learning_rate"": 0.01, ""momentum"": 0.0, ""weight_decay"": 0.0005}",fake_edge_addition,0.3,0.2999242137173171,1583,0.1928571428571428,0.12,0.127,0.0613090448951014,1.9438241720199585,32.9525730489986,2,200,results/v2/proof_shards/SGD/environment.json
v2_fixed_cora_full_epoch_history,75b6113,2026-07-07T18:08:09.705672+00:00,Cora,fixed,training_time,SGD,45,1923614206,"{""dropout"": 0.5, ""hidden_channels"": 16, ""learning_rate"": 0.01, ""momentum"": 0.0, ""weight_decay"": 0.0005}",feature_masking,0.05,0.049983745123537,2460,0.15,0.124,0.13,0.0397960392544649,1.944873929023743,33.60756147399661,26,200,results/v2/proof_shards/SGD/environment.json
v2_fixed_cora_full_epoch_history,75b6113,2026-07-07T18:08:43.936478+00:00,Cora,fixed,training_time,SGD,45,922012842,"{""dropout"": 0.5, ""hidden_channels"": 16, ""learning_rate"": 0.01, ""momentum"": 0.0, ""weight_decay"": 0.0005}",feature_masking,0.1,0.0999878088426527,4921,0.1857142857142857,0.142,0.17,0.1006629169300437,1.9436724185943604,33.69503759898362,100,200,results/v2/proof_shards/SGD/environment.json
v2_fixed_cora_full_epoch_history,75b6113,2026-07-07T18:09:18.367661+00:00,Cora,fixed,training_time,SGD,45,1152970322,"{""dropout"": 0.5, ""hidden_channels"": 16, ""learning_rate"": 0.01, ""momentum"": 0.0, ""weight_decay"": 0.0005}",feature_masking,0.2,0.1999959362808842,9843,0.1571428571428571,0.14,0.126,0.0665461927846115,1.9447234869003296,37.79170496901497,16,200,results/v2/proof_shards/SGD/environment.json
v2_fixed_cora_full_epoch_history,75b6113,2026-07-07T18:09:56.905535+00:00,Cora,fixed,training_time,SGD,45,738051656,"{""dropout"": 0.5, ""hidden_channels"": 16, ""learning_rate"": 0.01, ""momentum"": 0.0, ""weight_decay"": 0.0005}",feature_masking,0.3,0.299983745123537,14764,0.15,0.058,0.069,0.0264735264735264,1.9455760717391968,33.03797051799484,6,200,results/v2/proof_shards/SGD/environment.json
v2_fixed_cora_full_epoch_history,75b6113,2026-07-07T18:14:49.018609+00:00,Cora,fixed,training_time,SGD,46,1873666344,"{""dropout"": 0.5, ""hidden_channels"": 16, ""learning_rate"": 0.01, ""momentum"": 0.0, ""weight_decay"": 0.0005}",clean,0.0,0.0,0,0.1428571428571428,0.124,0.13,0.0371705980119738,1.9448734521865845,37.29948566600797,128,200,results/v2/proof_shards/SGD/environment.json
v2_fixed_cora_full_epoch_history,75b6113,2026-07-07T18:17:28.012827+00:00,Cora,fixed,training_time,SGD,46,1208566225,"{""dropout"": 0.5, ""hidden_channels"": 16, ""learning_rate"": 0.01, ""momentum"": 0.0, ""weight_decay"": 0.0005}",edge_removal,0.05,0.0498294808639636,263,0.1857142857142857,0.23,0.208,0.1197976250590652,1.9444911479949951,28.5961206050124,55,200,results/v2/proof_shards/SGD/environment.json
v2_fixed_cora_full_epoch_history,75b6113,2026-07-07T18:17:57.455953+00:00,Cora,fixed,training_time,SGD,46,1697890532,"{""dropout"": 0.5, ""hidden_channels"": 16, ""learning_rate"": 0.01, ""momentum"": 0.0, ""weight_decay"": 0.0005}",edge_removal,0.1,0.0998484274346343,527,0.1785714285714285,0.14,0.149,0.0680810505805328,1.943441390991211,29.32837341801496,2,200,results/v2/proof_shards/SGD/environment.json
v2_fixed_cora_full_epoch_history,75b6113,2026-07-07T18:18:27.538326+00:00,Cora,fixed,training_time,SGD,46,391216922,"{""dropout"": 0.5, ""hidden_channels"": 16, ""learning_rate"": 0.01, ""momentum"": 0.0, ""weight_decay"": 0.0005}",edge_removal,0.2,0.1998863205759757,1055,0.2357142857142857,0.138,0.158,0.1299846604689115,1.9437273740768437,27.15463283399004,144,200,results/v2/proof_shards/SGD/environment.json
v2_fixed_cora_full_epoch_history,75b6113,2026-07-07T18:18:55.345248+00:00,Cora,fixed,training_time,SGD,46,1979948337,"{""dropout"": 0.5, ""hidden_channels"": 16, ""learning_rate"": 0.01, ""momentum"": 0.0, ""weight_decay"": 0.0005}",edge_removal,0.3,0.2999242137173171,1583,0.2071428571428571,0.194,0.197,0.0922458301868207,1.9444597959518437,27.603420305997133,161,200,results/v2/proof_shards/SGD/environment.json
v2_fixed_cora_full_epoch_history,75b6113,2026-07-07T18:19:23.680416+00:00,Cora,fixed,training_time,SGD,46,1491778182,"{""dropout"": 0.5, ""hidden_channels"": 16, ""learning_rate"": 0.01, ""momentum"": 0.0, ""weight_decay"": 0.0005}",fake_edge_addition,0.05,0.0498294808639636,263,0.15,0.118,0.131,0.0369277956556717,1.944729804992676,30.72121525698458,1,200,results/v2/proof_shards/SGD/environment.json
v2_fixed_cora_full_epoch_history,75b6113,2026-07-07T18:19:55.096496+00:00,Cora,fixed,training_time,SGD,46,1301430744,"{""dropout"": 0.5, ""hidden_channels"": 16, ""learning_rate"": 0.01, ""momentum"": 0.0, ""weight_decay"": 0.0005}",fake_edge_addition,0.1,0.0998484274346343,527,0.1428571428571428,0.122,0.131,0.0349356525827114,1.9437545537948608,29.76106496300781,117,200,results/v2/proof_shards/SGD/environment.json
v2_fixed_cora_full_epoch_history,75b6113,2026-07-07T18:20:25.577281+00:00,Cora,fixed,training_time,SGD,46,1402234597,"{""dropout"": 0.5, ""hidden_channels"": 16, ""learning_rate"": 0.01, ""momentum"": 0.0, ""weight_decay"": 0.0005}",fake_edge_addition,0.2,0.1998863205759757,1055,0.1428571428571428,0.164,0.142,0.0500494392222164,1.945280194282532,30.848020511999493,118,200,results/v2/proof_shards/SGD/environment.json
v2_fixed_cora_full_epoch_history,75b6113,2026-07-07T18:20:57.157628+00:00,Cora,fixed,training_time,SGD,46,1571763973,"{""dropout"": 0.5, ""hidden_channels"": 16, ""learning_rate"": 0.01, ""momentum"": 0.0, ""weight_decay"": 0.0005}",fake_edge_addition,0.3,0.2999242137173171,1583,0.2142857142857142,0.132,0.123,0.0636979913474693,1.9444366693496704,35.53551842097659,1,200,results/v2/proof_shards/SGD/environment.json
v2_fixed_cora_full_epoch_history,75b6113,2026-07-07T18:15:27.047107+00:00,Cora,fixed,training_time,SGD,46,454344165,"{""dropout"": 0.5, ""hidden_channels"": 16, ""learning_rate"": 0.01, ""momentum"": 0.0, ""weight_decay"": 0.0005}",feature_masking,0.05,0.049983745123537,2460,0.1428571428571428,0.076,0.093,0.0300986691657562,1.9454177618026731,31.445443851000164,79,200,results/v2/proof_shards/SGD/environment.json
v2_fixed_cora_full_epoch_history,75b6113,2026-07-07T18:15:59.148307+00:00,Cora,fixed,training_time,SGD,46,583765988,"{""dropout"": 0.5, ""hidden_channels"": 16, ""learning_rate"": 0.01, ""momentum"": 0.0, ""weight_decay"": 0.0005}",feature_masking,0.1,0.0999878088426527,4921,0.1428571428571428,0.11,0.099,0.0284885140699094,1.945408821105957,29.92879195700516,79,200,results/v2/proof_shards/SGD/environment.json
v2_fixed_cora_full_epoch_history,75b6113,2026-07-07T18:16:29.790526+00:00,Cora,fixed,training_time,SGD,46,579244041,"{""dropout"": 0.5, ""hidden_channels"": 16, ""learning_rate"": 0.01, ""momentum"": 0.0, ""weight_decay"": 0.0005}",feature_masking,0.2,0.1999959362808842,9843,0.1857142857142857,0.074,0.103,0.0480566056949376,1.9436242580413816,28.68577891399036,1,200,results/v2/proof_shards/SGD/environment.json
v2_fixed_cora_full_epoch_history,75b6113,2026-07-07T18:16:59.118727+00:00,Cora,fixed,training_time,SGD,46,1196642179,"{""dropout"": 0.5, ""hidden_channels"": 16, ""learning_rate"": 0.01, ""momentum"": 0.0, ""weight_decay"": 0.0005}",feature_masking,0.3,0.299983745123537,14764,0.2,0.126,0.136,0.0538738404077741,1.9437674283981323,27.954335190996066,190,200,results/v2/proof_shards/SGD/environment.json
v2_fixed_cora_full_epoch_history,75b6113,2026-07-07T18:21:33.406531+00:00,Cora,fixed,training_time,SGD,47,1170013970,"{""dropout"": 0.5, ""hidden_channels"": 16, ""learning_rate"": 0.01, ""momentum"": 0.0, ""weight_decay"": 0.0005}",clean,0.0,0.0,0,0.2357142857142857,0.178,0.155,0.1236263030062622,1.9444200992584229,28.59884852499817,170,200,results/v2/proof_shards/SGD/environment.json
v2_fixed_cora_full_epoch_history,75b6113,2026-07-07T18:24:11.295232+00:00,Cora,fixed,training_time,SGD,47,2094564923,"{""dropout"": 0.5, ""hidden_channels"": 16, ""learning_rate"": 0.01, ""momentum"": 0.0, ""weight_decay"": 0.0005}",edge_removal,0.05,0.0498294808639636,263,0.1714285714285714,0.138,0.152,0.0760848786396184,1.9437897205352783,28.04548280101153,123,200,results/v2/proof_shards/SGD/environment.json
v2_fixed_cora_full_epoch_history,75b6113,2026-07-07T18:24:40.193113+00:00,Cora,fixed,training_time,SGD,47,500528244,"{""dropout"": 0.5, ""hidden_channels"": 16, ""learning_rate"": 0.01, ""momentum"": 0.0, ""weight_decay"": 0.0005}",edge_removal,0.1,0.0998484274346343,527,0.15,0.126,0.132,0.0397431079729004,1.9437414407730105,28.505186997994315,3,200,results/v2/proof_shards/SGD/environment.json
v2_fixed_cora_full_epoch_history,75b6113,2026-07-07T18:25:09.417849+00:00,Cora,fixed,training_time,SGD,47,1767965998,"{""dropout"": 0.5, ""hidden_channels"": 16, ""learning_rate"": 0.01, ""momentum"": 0.0, ""weight_decay"": 0.0005}",edge_removal,0.2,0.1998863205759757,1055,0.1714285714285714,0.166,0.147,0.0594404890520255,1.9425395727157595,27.72472784301499,61,200,results/v2/proof_shards/SGD/environment.json
v2_fixed_cora_full_epoch_history,75b6113,2026-07-07T18:25:37.835010+00:00,Cora,fixed,training_time,SGD,47,1169379717,"{""dropout"": 0.5, ""hidden_channels"": 16, ""learning_rate"": 0.01, ""momentum"": 0.0, ""weight_decay"": 0.0005}",edge_removal,0.3,0.2999242137173171,1583,0.1928571428571428,0.136,0.117,0.0712972550616627,1.9446545839309688,31.04611174299498,149,200,results/v2/proof_shards/SGD/environment.json
v2_fixed_cora_full_epoch_history,75b6113,2026-07-07T18:26:09.578314+00:00,Cora,fixed,training_time,SGD,47,475253369,"{""dropout"": 0.5, ""hidden_channels"": 16, ""learning_rate"": 0.01, ""momentum"": 0.0, ""weight_decay"": 0.0005}",fake_edge_addition,0.05,0.0498294808639636,263,0.15,0.074,0.095,0.0345509040413544,1.9448213577270508,32.978578075999394,1,200,results/v2/proof_shards/SGD/environment.json
v2_fixed_cora_full_epoch_history,75b6113,2026-07-07T18:26:43.517612+00:00,Cora,fixed,training_time,SGD,47,1263479120,"{""dropout"": 0.5, ""hidden_channels"": 16, ""learning_rate"": 0.01, ""momentum"": 0.0, ""weight_decay"": 0.0005}",fake_edge_addition,0.1,0.0998484274346343,527,0.1428571428571428,0.122,0.126,0.0322003577817531,1.9450982809066768,22.93485743898782,130,200,results/v2/proof_shards/SGD/environment.json
v2_fixed_cora_full_epoch_history,75b6113,2026-07-07T18:27:06.883848+00:00,Cora,fixed,training_time,SGD,47,1647518585,"{""dropout"": 0.5, ""hidden_channels"": 16, ""learning_rate"": 0.01, ""momentum"": 0.0, ""weight_decay"": 0.0005}",fake_edge_addition,0.2,0.1998863205759757,1055,0.1428571428571428,0.122,0.131,0.0342048366431774,1.9444758892059328,12.88666123402072,1,200,results/v2/proof_shards/SGD/environment.json
v2_fixed_cora_full_epoch_history,75b6113,2026-07-07T18:27:20.070129+00:00,Cora,fixed,training_time,SGD,47,174288371,"{""dropout"": 0.5, ""hidden_channels"": 16, ""learning_rate"": 0.01, ""momentum"": 0.0, ""weight_decay"": 0.0005}",fake_edge_addition,0.3,0.2999242137173171,1583,0.1428571428571428,0.12,0.129,0.0361813653463386,1.945118069648743,12.910064522991888,90,200,results/v2/proof_shards/SGD/environment.json
v2_fixed_cora_full_epoch_history,75b6113,2026-07-07T18:22:02.588268+00:00,Cora,fixed,training_time,SGD,47,1294710131,"{""dropout"": 0.5, ""hidden_channels"": 16, ""learning_rate"": 0.01, ""momentum"": 0.0, ""weight_decay"": 0.0005}",feature_masking,0.05,0.049983745123537,2460,0.1428571428571428,0.072,0.091,0.0239631336405529,1.9442849159240725,30.81849871898885,9,200,results/v2/proof_shards/SGD/environment.json
v2_fixed_cora_full_epoch_history,75b6113,2026-07-07T18:22:34.107118+00:00,Cora,fixed,training_time,SGD,47,849586055,"{""dropout"": 0.5, ""hidden_channels"": 16, ""learning_rate"": 0.01, ""momentum"": 0.0, ""weight_decay"": 0.0005}",feature_masking,0.1,0.0999878088426527,4921,0.1928571428571428,0.082,0.097,0.0518017421225328,1.9434309005737305,32.44455472799018,7,200,results/v2/proof_shards/SGD/environment.json
v2_fixed_cora_full_epoch_history,75b6113,2026-07-07T18:23:07.267148+00:00,Cora,fixed,training_time,SGD,47,655669215,"{""dropout"": 0.5, ""hidden_channels"": 16, ""learning_rate"": 0.01, ""momentum"": 0.0, ""weight_decay"": 0.0005}",feature_masking,0.2,0.1999959362808842,9843,0.1642857142857142,0.12,0.128,0.0597097943571126,1.944912552833557,30.897176596015925,1,200,results/v2/proof_shards/SGD/environment.json
v2_fixed_cora_full_epoch_history,75b6113,2026-07-07T18:23:38.699465+00:00,Cora,fixed,training_time,SGD,47,380520015,"{""dropout"": 0.5, ""hidden_channels"": 16, ""learning_rate"": 0.01, ""momentum"": 0.0, ""weight_decay"": 0.0005}",feature_masking,0.3,0.299983745123537,14764,0.1785714285714285,0.152,0.167,0.0752595155709342,1.9442638158798216,31.86690257198643,12,200,results/v2/proof_shards/SGD/environment.json
v2_fixed_cora_full_epoch_history,75b6113,2026-07-07T18:27:33.223227+00:00,Cora,fixed,training_time,SGD,48,945679100,"{""dropout"": 0.5, ""hidden_channels"": 16, ""learning_rate"": 0.01, ""momentum"": 0.0, ""weight_decay"": 0.0005}",clean,0.0,0.0,0,0.1428571428571428,0.122,0.13,0.0329865516366404,1.944985032081604,12.614828536985442,155,200,results/v2/proof_shards/SGD/environment.json
v2_fixed_cora_full_epoch_history,75b6113,2026-07-07T18:28:34.535575+00:00,Cora,fixed,training_time,SGD,48,1496931591,"{""dropout"": 0.5, ""hidden_channels"": 16, ""learning_rate"": 0.01, ""momentum"": 0.0, ""weight_decay"": 0.0005}",edge_removal,0.05,0.0498294808639636,263,0.2428571428571428,0.118,0.138,0.0983874822807421,1.944614291191101,25.69893676199717,168,200,results/v2/proof_shards/SGD/environment.json
v2_fixed_cora_full_epoch_history,75b6113,2026-07-07T18:29:00.976924+00:00,Cora,fixed,training_time,SGD,48,562330205,"{""dropout"": 0.5, ""hidden_channels"": 16, ""learning_rate"": 0.01, ""momentum"": 0.0, ""weight_decay"": 0.0005}",edge_removal,0.1,0.0998484274346343,527,0.1571428571428571,0.126,0.131,0.0409021272882765,1.94265878200531,31.22022523600026,2,200,results/v2/proof_shards/SGD/environment.json
v2_fixed_cora_full_epoch_history,75b6113,2026-07-07T18:29:32.850353+00:00,Cora,fixed,training_time,SGD,48,1654603443,"{""dropout"": 0.5, ""hidden_channels"": 16, ""learning_rate"": 0.01, ""momentum"": 0.0, ""weight_decay"": 0.0005}",edge_removal,0.2,0.1998863205759757,1055,0.2071428571428571,0.148,0.15,0.0904494252791715,1.9428845643997192,28.35331791700446,1,200,results/v2/proof_shards/SGD/environment.json
v2_fixed_cora_full_epoch_history,75b6113,2026-07-07T18:30:02.013170+00:00,Cora,fixed,training_time,SGD,48,550711749,"{""dropout"": 0.5, ""hidden_channels"": 16, ""learning_rate"": 0.01, ""momentum"": 0.0, ""weight_decay"": 0.0005}",edge_removal,0.3,0.2999242137173171,1583,0.2571428571428571,0.176,0.175,0.1498864375670132,1.94520115852356,30.24180494999746,194,200,results/v2/proof_shards/SGD/environment.json
v2_fixed_cora_full_epoch_history,75b6113,2026-07-07T18:30:32.928444+00:00,Cora,fixed,training_time,SGD,48,1649729099,"{""dropout"": 0.5, ""hidden_channels"": 16, ""learning_rate"": 0.01, ""momentum"": 0.0, ""weight_decay"": 0.0005}",fake_edge_addition,0.05,0.0498294808639636,263,0.2142857142857142,0.122,0.14,0.0951330469767423,1.9448224306106567,29.905020890990272,30,200,results/v2/proof_shards/SGD/environment.json
v2_fixed_cora_full_epoch_history,75b6113,2026-07-07T18:31:03.737356+00:00,Cora,fixed,training_time,SGD,48,487063707,"{""dropout"": 0.5, ""hidden_channels"": 16, ""learning_rate"": 0.01, ""momentum"": 0.0, ""weight_decay"": 0.0005}",fake_edge_addition,0.1,0.0998484274346343,527,0.1785714285714285,0.162,0.144,0.0624434142320522,1.9434601068496704,35.40489243299817,192,200,results/v2/proof_shards/SGD/environment.json
v2_fixed_cora_full_epoch_history,75b6113,2026-07-07T18:31:39.858081+00:00,Cora,fixed,training_time,SGD,48,1261317606,"{""dropout"": 0.5, ""hidden_channels"": 16, ""learning_rate"": 0.01, ""momentum"": 0.0, ""weight_decay"": 0.0005}",fake_edge_addition,0.2,0.1998863205759757,1055,0.1357142857142857,0.218,0.217,0.1105366125997533,1.944970965385437,32.27099439201993,169,200,results/v2/proof_shards/SGD/environment.json
v2_fixed_cora_full_epoch_history,75b6113,2026-07-07T18:32:12.952750+00:00,Cora,fixed,training_time,SGD,48,428027891,"{""dropout"": 0.5, ""hidden_channels"": 16, ""learning_rate"": 0.01, ""momentum"": 0.0, ""weight_decay"": 0.0005}",fake_edge_addition,0.3,0.2999242137173171,1583,0.1714285714285714,0.102,0.13,0.0792820890554056,1.944697618484497,32.72117478001746,30,200,results/v2/proof_shards/SGD/environment.json
v2_fixed_cora_full_epoch_history,75b6113,2026-07-07T18:27:46.160433+00:00,Cora,fixed,training_time,SGD,48,915124424,"{""dropout"": 0.5, ""hidden_channels"": 16, ""learning_rate"": 0.01, ""momentum"": 0.0, ""weight_decay"": 0.0005}",feature_masking,0.05,0.049983745123537,2460,0.2357142857142857,0.188,0.17,0.0942565266831594,1.943819999694824,12.473510746989632,1,200,results/v2/proof_shards/SGD/environment.json
v2_fixed_cora_full_epoch_history,75b6113,2026-07-07T18:27:58.917355+00:00,Cora,fixed,training_time,SGD,48,1616001338,"{""dropout"": 0.5, ""hidden_channels"": 16, ""learning_rate"": 0.01, ""momentum"": 0.0, ""weight_decay"": 0.0005}",feature_masking,0.1,0.0999878088426527,4921,0.1357142857142857,0.074,0.07,0.0320765561850996,1.945082783699036,11.594662094983503,29,200,results/v2/proof_shards/SGD/environment.json
v2_fixed_cora_full_epoch_history,75b6113,2026-07-07T18:28:10.785407+00:00,Cora,fixed,training_time,SGD,48,2129185095,"{""dropout"": 0.5, ""hidden_channels"": 16, ""learning_rate"": 0.01, ""momentum"": 0.0, ""weight_decay"": 0.0005}",feature_masking,0.2,0.1999959362808842,9843,0.1714285714285714,0.164,0.157,0.0693307487218114,1.9452959299087524,11.925103455985663,188,200,results/v2/proof_shards/SGD/environment.json
v2_fixed_cora_full_epoch_history,75b6113,2026-07-07T18:28:23.005815+00:00,Cora,fixed,training_time,SGD,48,1658117017,"{""dropout"": 0.5, ""hidden_channels"": 16, ""learning_rate"": 0.01, ""momentum"": 0.0, ""weight_decay"": 0.0005}",feature_masking,0.3,0.299983745123537,14764,0.1571428571428571,0.148,0.099,0.0785015246387501,1.944624781608581,11.25593990102061,198,200,results/v2/proof_shards/SGD/environment.json
v2_fixed_cora_full_epoch_history,75b6113,2026-07-07T18:32:46.440191+00:00,Cora,fixed,training_time,SGD,49,204708001,"{""dropout"": 0.5, ""hidden_channels"": 16, ""learning_rate"": 0.01, ""momentum"": 0.0, ""weight_decay"": 0.0005}",clean,0.0,0.0,0,0.1785714285714285,0.172,0.169,0.0950975789685467,1.944888710975647,29.01309069199488,62,200,results/v2/proof_shards/SGD/environment.json
v2_fixed_cora_full_epoch_history,75b6113,2026-07-07T18:35:18.264162+00:00,Cora,fixed,training_time,SGD,49,1506991980,"{""dropout"": 0.5, ""hidden_channels"": 16, ""learning_rate"": 0.01, ""momentum"": 0.0, ""weight_decay"": 0.0005}",edge_removal,0.05,0.0498294808639636,263,0.1571428571428571,0.172,0.17,0.0799896760266205,1.944234848022461,33.0681848420063,10,200,results/v2/proof_shards/SGD/environment.json
v2_fixed_cora_full_epoch_history,75b6113,2026-07-07T18:35:52.057760+00:00,Cora,fixed,training_time,SGD,49,298920273,"{""dropout"": 0.5, ""hidden_channels"": 16, ""learning_rate"": 0.01, ""momentum"": 0.0, ""weight_decay"": 0.0005}",edge_removal,0.1,0.0998484274346343,527,0.1214285714285714,0.102,0.123,0.048265205069034,1.9443440437316892,33.40125097800046,1,200,results/v2/proof_shards/SGD/environment.json
v2_fixed_cora_full_epoch_history,75b6113,2026-07-07T18:36:26.261235+00:00,Cora,fixed,training_time,SGD,49,1271751143,"{""dropout"": 0.5, ""hidden_channels"": 16, ""learning_rate"": 0.01, ""momentum"": 0.0, ""weight_decay"": 0.0005}",edge_removal,0.2,0.1998863205759757,1055,0.1428571428571428,0.162,0.149,0.0403925451869953,1.9431781768798828,26.436215844005343,80,200,results/v2/proof_shards/SGD/environment.json
v2_fixed_cora_full_epoch_history,75b6113,2026-07-07T18:36:53.402222+00:00,Cora,fixed,training_time,SGD,49,1959297882,"{""dropout"": 0.5, ""hidden_channels"": 16, ""learning_rate"": 0.01, ""momentum"": 0.0, ""weight_decay"": 0.0005}",edge_removal,0.3,0.2999242137173171,1583,0.1428571428571428,0.146,0.145,0.0763531271493237,1.94312596321106,22.223278501012828,147,200,results/v2/proof_shards/SGD/environment.json
v2_fixed_cora_full_epoch_history,75b6113,2026-07-07T18:37:16.270149+00:00,Cora,fixed,training_time,SGD,49,921348529,"{""dropout"": 0.5, ""hidden_channels"": 16, ""learning_rate"": 0.01, ""momentum"": 0.0, ""weight_decay"": 0.0005}",fake_edge_addition,0.05,0.0498294808639636,263,0.2142857142857142,0.196,0.204,0.1406904661316412,1.944056749343872,23.59051031898707,80,200,results/v2/proof_shards/SGD/environment.json
v2_fixed_cora_full_epoch_history,75b6113,2026-07-07T18:37:40.496254+00:00,Cora,fixed,training_time,SGD,49,912229734,"{""dropout"": 0.5, ""hidden_channels"": 16, ""learning_rate"": 0.01, ""momentum"": 0.0, ""weight_decay"": 0.0005}",fake_edge_addition,0.1,0.0998484274346343,527,0.1857142857142857,0.234,0.199,0.1694779512950845,1.9442909955978396,25.509825397020904,93,200,results/v2/proof_shards/SGD/environment.json
v2_fixed_cora_full_epoch_history,75b6113,2026-07-07T18:38:07.093344+00:00,Cora,fixed,training_time,SGD,49,1633187148,"{""dropout"": 0.5, ""hidden_channels"": 16, ""learning_rate"": 0.01, ""momentum"": 0.0, ""weight_decay"": 0.0005}",fake_edge_addition,0.2,0.1998863205759757,1055,0.1428571428571428,0.058,0.066,0.0226935675686953,1.94598650932312,24.685204439010704,3,200,results/v2/proof_shards/SGD/environment.json
v2_fixed_cora_full_epoch_history,75b6113,2026-07-07T18:38:32.438323+00:00,Cora,fixed,training_time,SGD,49,393360192,"{""dropout"": 0.5, ""hidden_channels"": 16, ""learning_rate"": 0.01, ""momentum"": 0.0, ""weight_decay"": 0.0005}",fake_edge_addition,0.3,0.2999242137173171,1583,0.1785714285714285,0.15,0.145,0.0766631532619073,1.945188283920288,25.222863959003007,128,200,results/v2/proof_shards/SGD/environment.json
v2_fixed_cora_full_epoch_history,75b6113,2026-07-07T18:33:16.011653+00:00,Cora,fixed,training_time,SGD,49,1178307715,"{""dropout"": 0.5, ""hidden_channels"": 16, ""learning_rate"": 0.01, ""momentum"": 0.0, ""weight_decay"": 0.0005}",feature_masking,0.05,0.049983745123537,2460,0.1428571428571428,0.134,0.131,0.0511620607495969,1.9445332288742063,29.92340852698544,63,200,results/v2/proof_shards/SGD/environment.json
v2_fixed_cora_full_epoch_history,75b6113,2026-07-07T18:33:46.843405+00:00,Cora,fixed,training_time,SGD,49,1614848338,"{""dropout"": 0.5, ""hidden_channels"": 16, ""learning_rate"": 0.01, ""momentum"": 0.0, ""weight_decay"": 0.0005}",feature_masking,0.1,0.0999878088426527,4921,0.15,0.162,0.172,0.0819130632710933,1.9445809125900269,28.731526696996298,1,200,results/v2/proof_shards/SGD/environment.json
v2_fixed_cora_full_epoch_history,75b6113,2026-07-07T18:34:16.206409+00:00,Cora,fixed,training_time,SGD,49,641398211,"{""dropout"": 0.5, ""hidden_channels"": 16, ""learning_rate"": 0.01, ""momentum"": 0.0, ""weight_decay"": 0.0005}",feature_masking,0.2,0.1999959362808842,9843,0.1428571428571428,0.124,0.133,0.0413044990723562,1.9418145418167116,30.614548867975827,16,200,results/v2/proof_shards/SGD/environment.json
v2_fixed_cora_full_epoch_history,75b6113,2026-07-07T18:34:47.440383+00:00,Cora,fixed,training_time,SGD,49,498974109,"{""dropout"": 0.5, ""hidden_channels"": 16, ""learning_rate"": 0.01, ""momentum"": 0.0, ""weight_decay"": 0.0005}",feature_masking,0.3,0.299983745123537,14764,0.15,0.168,0.152,0.0423664984280863,1.9445548057556152,29.884110376005992,3,200,results/v2/proof_shards/SGD/environment.json
v2_fixed_cora_full_epoch_history,75b6113,2026-07-07T18:38:58.230066+00:00,Cora,fixed,training_time,SGD,50,1843103020,"{""dropout"": 0.5, ""hidden_channels"": 16, ""learning_rate"": 0.01, ""momentum"": 0.0, ""weight_decay"": 0.0005}",clean,0.0,0.0,0,0.2285714285714285,0.14,0.16,0.0901803245468075,1.945338487625122,25.05728092699428,33,200,results/v2/proof_shards/SGD/environment.json
v2_fixed_cora_full_epoch_history,75b6113,2026-07-07T18:41:01.757873+00:00,Cora,fixed,training_time,SGD,50,678403316,"{""dropout"": 0.5, ""hidden_channels"": 16, ""learning_rate"": 0.01, ""momentum"": 0.0, ""weight_decay"": 0.0005}",edge_removal,0.05,0.0498294808639636,263,0.1428571428571428,0.216,0.23,0.0875530519706073,1.9448837041854856,22.2131017089996,162,200,results/v2/proof_shards/SGD/environment.json
v2_fixed_cora_full_epoch_history,75b6113,2026-07-07T18:41:24.651497+00:00,Cora,fixed,training_time,SGD,50,1432600513,"{""dropout"": 0.5, ""hidden_channels"": 16, ""learning_rate"": 0.01, ""momentum"": 0.0, ""weight_decay"": 0.0005}",edge_removal,0.1,0.0998484274346343,527,0.1928571428571428,0.116,0.131,0.0890612956208367,1.945132851600647,22.820336700999174,22,200,results/v2/proof_shards/SGD/environment.json
v2_fixed_cora_full_epoch_history,75b6113,2026-07-07T18:41:48.014413+00:00,Cora,fixed,training_time,SGD,50,1843683454,"{""dropout"": 0.5, ""hidden_channels"": 16, ""learning_rate"": 0.01, ""momentum"": 0.0, ""weight_decay"": 0.0005}",edge_removal,0.2,0.1998863205759757,1055,0.1785714285714285,0.136,0.144,0.0724640124329712,1.943232536315918,22.12664264801424,60,200,results/v2/proof_shards/SGD/environment.json
v2_fixed_cora_full_epoch_history,75b6113,2026-07-07T18:42:10.930900+00:00,Cora,fixed,training_time,SGD,50,532719610,"{""dropout"": 0.5, ""hidden_channels"": 16, ""learning_rate"": 0.01, ""momentum"": 0.0, ""weight_decay"": 0.0005}",edge_removal,0.3,0.2999242137173171,1583,0.1928571428571428,0.146,0.139,0.068941649695305,1.942466259002685,21.54206192100537,5,200,results/v2/proof_shards/SGD/environment.json
v2_fixed_cora_full_epoch_history,75b6113,2026-07-07T18:42:33.199840+00:00,Cora,fixed,training_time,SGD,50,1501014585,"{""dropout"": 0.5, ""hidden_channels"": 16, ""learning_rate"": 0.01, ""momentum"": 0.0, ""weight_decay"": 0.0005}",fake_edge_addition,0.05,0.0498294808639636,263,0.1428571428571428,0.112,0.118,0.0391360023560319,1.944051504135132,25.174923055019462,29,200,results/v2/proof_shards/SGD/environment.json
v2_fixed_cora_full_epoch_history,75b6113,2026-07-07T18:42:59.145601+00:00,Cora,fixed,training_time,SGD,50,1740424793,"{""dropout"": 0.5, ""hidden_channels"": 16, ""learning_rate"": 0.01, ""momentum"": 0.0, ""weight_decay"": 0.0005}",fake_edge_addition,0.1,0.0998484274346343,527,0.1642857142857142,0.082,0.097,0.0381136641828058,1.944979190826416,26.525199613999572,7,200,results/v2/proof_shards/SGD/environment.json
v2_fixed_cora_full_epoch_history,75b6113,2026-07-07T18:43:26.441967+00:00,Cora,fixed,training_time,SGD,50,113972421,"{""dropout"": 0.5, ""hidden_channels"": 16, ""learning_rate"": 0.01, ""momentum"": 0.0, ""weight_decay"": 0.0005}",fake_edge_addition,0.2,0.1998863205759757,1055,0.1642857142857142,0.142,0.146,0.0640627183628332,1.9447418451309204,27.108435846981592,1,200,results/v2/proof_shards/SGD/environment.json
v2_fixed_cora_full_epoch_history,75b6113,2026-07-07T18:43:54.107614+00:00,Cora,fixed,training_time,SGD,50,1143809304,"{""dropout"": 0.5, ""hidden_channels"": 16, ""learning_rate"": 0.01, ""momentum"": 0.0, ""weight_decay"": 0.0005}",fake_edge_addition,0.3,0.2999242137173171,1583,0.2,0.192,0.17,0.1176543833425316,1.94587516784668,24.137130288989283,196,200,results/v2/proof_shards/SGD/environment.json
v2_fixed_cora_full_epoch_history,75b6113,2026-07-07T18:39:23.797353+00:00,Cora,fixed,training_time,SGD,50,344441347,"{""dropout"": 0.5, ""hidden_channels"": 16, ""learning_rate"": 0.01, ""momentum"": 0.0, ""weight_decay"": 0.0005}",feature_masking,0.05,0.049983745123537,2460,0.15,0.13,0.133,0.0491287031091828,1.9443520307540891,23.605754613003228,43,200,results/v2/proof_shards/SGD/environment.json
v2_fixed_cora_full_epoch_history,75b6113,2026-07-07T18:39:47.891248+00:00,Cora,fixed,training_time,SGD,50,1380671384,"{""dropout"": 0.5, ""hidden_channels"": 16, ""learning_rate"": 0.01, ""momentum"": 0.0, ""weight_decay"": 0.0005}",feature_masking,0.1,0.0999878088426527,4921,0.2071428571428571,0.142,0.178,0.1137565320972489,1.943751692771912,23.65776875699521,52,200,results/v2/proof_shards/SGD/environment.json
v2_fixed_cora_full_epoch_history,75b6113,2026-07-07T18:40:12.157021+00:00,Cora,fixed,training_time,SGD,50,90391110,"{""dropout"": 0.5, ""hidden_channels"": 16, ""learning_rate"": 0.01, ""momentum"": 0.0, ""weight_decay"": 0.0005}",feature_masking,0.2,0.1999959362808842,9843,0.2142857142857142,0.216,0.203,0.1119156178413799,1.9439949989318848,23.587368663982488,76,200,results/v2/proof_shards/SGD/environment.json
v2_fixed_cora_full_epoch_history,75b6113,2026-07-07T18:40:36.455224+00:00,Cora,fixed,training_time,SGD,50,842271789,"{""dropout"": 0.5, ""hidden_channels"": 16, ""learning_rate"": 0.01, ""momentum"": 0.0, ""weight_decay"": 0.0005}",feature_masking,0.3,0.299983745123537,14764,0.1428571428571428,0.122,0.133,0.0394032613045218,1.94385027885437,24.5702284630097,32,200,results/v2/proof_shards/SGD/environment.json
v2_fixed_cora_full_epoch_history,75b6113,2026-07-07T18:44:18.692266+00:00,Cora,fixed,training_time,SGD,51,1427914937,"{""dropout"": 0.5, ""hidden_channels"": 16, ""learning_rate"": 0.01, ""momentum"": 0.0, ""weight_decay"": 0.0005}",clean,0.0,0.0,0,0.1928571428571428,0.132,0.176,0.0954056025678436,1.9427058696746824,30.96514595800545,24,200,results/v2/proof_shards/SGD/environment.json
v2_fixed_cora_full_epoch_history,75b6113,2026-07-07T18:46:34.882808+00:00,Cora,fixed,training_time,SGD,51,1216172704,"{""dropout"": 0.5, ""hidden_channels"": 16, ""learning_rate"": 0.01, ""momentum"": 0.0, ""weight_decay"": 0.0005}",edge_removal,0.05,0.0498294808639636,263,0.2071428571428571,0.202,0.187,0.0877729940683729,1.943647146224976,26.082767329004128,161,200,results/v2/proof_shards/SGD/environment.json
v2_fixed_cora_full_epoch_history,75b6113,2026-07-07T18:47:01.823219+00:00,Cora,fixed,training_time,SGD,51,2107186125,"{""dropout"": 0.5, ""hidden_channels"": 16, ""learning_rate"": 0.01, ""momentum"": 0.0, ""weight_decay"": 0.0005}",edge_removal,0.1,0.0998484274346343,527,0.1571428571428571,0.122,0.15,0.0921109497589611,1.9440315961837769,24.379572342004398,77,200,results/v2/proof_shards/SGD/environment.json
v2_fixed_cora_full_epoch_history,75b6113,2026-07-07T18:47:26.814070+00:00,Cora,fixed,training_time,SGD,51,1399741295,"{""dropout"": 0.5, ""hidden_channels"": 16, ""learning_rate"": 0.01, ""momentum"": 0.0, ""weight_decay"": 0.0005}",edge_removal,0.2,0.1998863205759757,1055,0.1785714285714285,0.134,0.136,0.0645506549897394,1.9431710243225095,27.327949786995305,1,200,results/v2/proof_shards/SGD/environment.json
v2_fixed_cora_full_epoch_history,75b6113,2026-07-07T18:47:54.999474+00:00,Cora,fixed,training_time,SGD,51,863544766,"{""dropout"": 0.5, ""hidden_channels"": 16, ""learning_rate"": 0.01, ""momentum"": 0.0, ""weight_decay"": 0.0005}",edge_removal,0.3,0.2999242137173171,1583,0.1714285714285714,0.132,0.143,0.0775214102913121,1.944815278053284,24.794928838993656,84,200,results/v2/proof_shards/SGD/environment.json
v2_fixed_cora_full_epoch_history,75b6113,2026-07-07T18:48:20.478635+00:00,Cora,fixed,training_time,SGD,51,1666528586,"{""dropout"": 0.5, ""hidden_channels"": 16, ""learning_rate"": 0.01, ""momentum"": 0.0, ""weight_decay"": 0.0005}",fake_edge_addition,0.05,0.0498294808639636,263,0.1428571428571428,0.124,0.132,0.035813492063492,1.9437795877456665,23.709074432001216,8,200,results/v2/proof_shards/SGD/environment.json
v2_fixed_cora_full_epoch_history,75b6113,2026-07-07T18:48:44.466750+00:00,Cora,fixed,training_time,SGD,51,1672601944,"{""dropout"": 0.5, ""hidden_channels"": 16, ""learning_rate"": 0.01, ""momentum"": 0.0, ""weight_decay"": 0.0005}",fake_edge_addition,0.1,0.0998484274346343,527,0.1428571428571428,0.13,0.131,0.0394138720467635,1.9441142082214355,10.880005051003536,26,200,results/v2/proof_shards/SGD/environment.json
v2_fixed_cora_full_epoch_history,75b6113,2026-07-07T18:48:55.621800+00:00,Cora,fixed,training_time,SGD,51,1746677381,"{""dropout"": 0.5, ""hidden_channels"": 16, ""learning_rate"": 0.01, ""momentum"": 0.0, ""weight_decay"": 0.0005}",fake_edge_addition,0.2,0.1998863205759757,1055,0.1642857142857142,0.106,0.102,0.0463111169710154,1.9449597597122192,9.468352491006954,39,200,results/v2/proof_shards/SGD/environment.json
v2_fixed_cora_full_epoch_history,75b6113,2026-07-07T18:49:05.370967+00:00,Cora,fixed,training_time,SGD,51,1597242713,"{""dropout"": 0.5, ""hidden_channels"": 16, ""learning_rate"": 0.01, ""momentum"": 0.0, ""weight_decay"": 0.0005}",fake_edge_addition,0.3,0.2999242137173171,1583,0.1571428571428571,0.118,0.133,0.0509702354582502,1.9450851678848269,10.302036554989172,1,200,results/v2/proof_shards/SGD/environment.json
v2_fixed_cora_full_epoch_history,75b6113,2026-07-07T18:44:50.600769+00:00,Cora,fixed,training_time,SGD,51,682346332,"{""dropout"": 0.5, ""hidden_channels"": 16, ""learning_rate"": 0.01, ""momentum"": 0.0, ""weight_decay"": 0.0005}",feature_masking,0.05,0.049983745123537,2460,0.1571428571428571,0.3,0.321,0.0911712977174685,1.9456045627593996,26.377780779992463,24,200,results/v2/proof_shards/SGD/environment.json
v2_fixed_cora_full_epoch_history,75b6113,2026-07-07T18:45:17.702886+00:00,Cora,fixed,training_time,SGD,51,1722636157,"{""dropout"": 0.5, ""hidden_channels"": 16, ""learning_rate"": 0.01, ""momentum"": 0.0, ""weight_decay"": 0.0005}",feature_masking,0.1,0.0999878088426527,4921,0.25,0.278,0.293,0.1665188862683841,1.9449526071548464,26.139216555980965,168,200,results/v2/proof_shards/SGD/environment.json
v2_fixed_cora_full_epoch_history,75b6113,2026-07-07T18:45:44.421918+00:00,Cora,fixed,training_time,SGD,51,1393729934,"{""dropout"": 0.5, ""hidden_channels"": 16, ""learning_rate"": 0.01, ""momentum"": 0.0, ""weight_decay"": 0.0005}",feature_masking,0.2,0.1999959362808842,9843,0.2071428571428571,0.142,0.142,0.0770801967359463,1.9448907375335691,23.78114976998768,26,200,results/v2/proof_shards/SGD/environment.json
v2_fixed_cora_full_epoch_history,75b6113,2026-07-07T18:46:09.036705+00:00,Cora,fixed,training_time,SGD,51,1880551164,"{""dropout"": 0.5, ""hidden_channels"": 16, ""learning_rate"": 0.01, ""momentum"": 0.0, ""weight_decay"": 0.0005}",feature_masking,0.3,0.299983745123537,14764,0.1428571428571428,0.116,0.117,0.0577623484124795,1.9455090761184688,25.19846418898669,63,200,results/v2/proof_shards/SGD/environment.json
