experiment_id,git_commit,timestamp,dataset,protocol,robustness_setting,optimizer,seed,resolved_seed,hyperparameter_config,perturbation_type,requested_severity,actual_perturbation_rate,actual_perturbation_count,train_accuracy,validation_accuracy,test_accuracy,macro_f1,loss,training_time_seconds,best_validation_epoch,final_epoch,hardware_metadata_path
v2_fixed_cora,c6cbaeb,2026-07-05T20:26:33.526812+00:00,Cora,fixed,training_time,Adam,42,806481020,"{""dropout"": 0.5, ""hidden_channels"": 16, ""learning_rate"": 0.01, ""momentum"": 0.0, ""weight_decay"": 0.0005}",clean,0.0,0.0,0,1.0,0.784,0.816,0.8065262669157643,0.2975058555603027,94.4130175439932,156,200,results/v2/metadata/environment.json
v2_fixed_cora,c6cbaeb,2026-07-05T20:26:44.025036+00:00,Cora,fixed,training_time,Adam,42,1739323513,"{""dropout"": 0.5, ""hidden_channels"": 16, ""learning_rate"": 0.01, ""momentum"": 0.0, ""weight_decay"": 0.0005}",feature_masking,0.05,0.049983745123537,2460,1.0,0.78,0.81,0.7985005140459087,0.2886183857917785,9.967604853009108,140,200,results/v2/metadata/environment.json
v2_fixed_cora,c6cbaeb,2026-07-05T20:26:54.129566+00:00,Cora,fixed,training_time,Adam,42,2039811484,"{""dropout"": 0.5, ""hidden_channels"": 16, ""learning_rate"": 0.01, ""momentum"": 0.0, ""weight_decay"": 0.0005}",feature_masking,0.1,0.0999878088426527,4921,1.0,0.796,0.8,0.7868265413162819,0.3202036321163177,9.524568394990638,116,200,results/v2/metadata/environment.json
v2_fixed_cora,c6cbaeb,2026-07-05T20:27:12.185266+00:00,Cora,fixed,training_time,Adam,42,2066187363,"{""dropout"": 0.5, ""hidden_channels"": 16, ""learning_rate"": 0.01, ""momentum"": 0.0, ""weight_decay"": 0.0005}",feature_masking,0.2,0.1999959362808842,9843,0.9928571428571428,0.776,0.8,0.7885799820721228,0.3548184931278229,17.423102449974976,170,200,results/v2/metadata/environment.json
v2_fixed_cora,c6cbaeb,2026-07-05T20:27:23.383124+00:00,Cora,fixed,training_time,Adam,42,2059135637,"{""dropout"": 0.5, ""hidden_channels"": 16, ""learning_rate"": 0.01, ""momentum"": 0.0, ""weight_decay"": 0.0005}",feature_masking,0.3,0.299983745123537,14764,1.0,0.764,0.778,0.7647322451559739,0.4092838764190674,10.46521562099224,96,200,results/v2/metadata/environment.json
v2_fixed_cora,c6cbaeb,2026-07-05T20:27:41.793935+00:00,Cora,fixed,training_time,Adam,42,1227174340,"{""dropout"": 0.5, ""hidden_channels"": 16, ""learning_rate"": 0.01, ""momentum"": 0.0, ""weight_decay"": 0.0005}",edge_removal,0.05,0.0498294808639636,263,1.0,0.8,0.808,0.7932584932534519,0.3044784963130951,17.924090608983533,89,200,results/v2/metadata/environment.json
v2_fixed_cora,c6cbaeb,2026-07-05T20:27:50.133687+00:00,Cora,fixed,training_time,Adam,42,810283225,"{""dropout"": 0.5, ""hidden_channels"": 16, ""learning_rate"": 0.01, ""momentum"": 0.0, ""weight_decay"": 0.0005}",edge_removal,0.1,0.0998484274346343,527,1.0,0.794,0.803,0.7890839096374348,0.3285768628120422,8.069562277989462,83,200,results/v2/metadata/environment.json
v2_fixed_cora,c6cbaeb,2026-07-05T20:27:55.818571+00:00,Cora,fixed,training_time,Adam,42,1478583040,"{""dropout"": 0.5, ""hidden_channels"": 16, ""learning_rate"": 0.01, ""momentum"": 0.0, ""weight_decay"": 0.0005}",edge_removal,0.2,0.1998863205759757,1055,1.0,0.77,0.792,0.781195231763226,0.3081496655941009,5.531126821995713,151,200,results/v2/metadata/environment.json
v2_fixed_cora,c6cbaeb,2026-07-05T20:28:00.314112+00:00,Cora,fixed,training_time,Adam,42,1989804935,"{""dropout"": 0.5, ""hidden_channels"": 16, ""learning_rate"": 0.01, ""momentum"": 0.0, ""weight_decay"": 0.0005}",edge_removal,0.3,0.2999242137173171,1583,1.0,0.752,0.778,0.7686960778038073,0.3589999973773956,4.156945133989211,106,200,results/v2/metadata/environment.json
v2_fixed_cora,c6cbaeb,2026-07-05T20:28:14.420620+00:00,Cora,fixed,training_time,Adam,42,482751823,"{""dropout"": 0.5, ""hidden_channels"": 16, ""learning_rate"": 0.01, ""momentum"": 0.0, ""weight_decay"": 0.0005}",fake_edge_addition,0.05,0.0498294808639636,263,1.0,0.774,0.801,0.7935717776631274,0.3451203405857086,3.64025847800076,166,200,results/v2/metadata/environment.json
v2_fixed_cora,c6cbaeb,2026-07-05T20:28:27.446499+00:00,Cora,fixed,training_time,Adam,42,1112822429,"{""dropout"": 0.5, ""hidden_channels"": 16, ""learning_rate"": 0.01, ""momentum"": 0.0, ""weight_decay"": 0.0005}",fake_edge_addition,0.1,0.0998484274346343,527,0.9928571428571428,0.76,0.781,0.7742502879049261,0.3743256032466888,3.5326971350004897,54,200,results/v2/metadata/environment.json
v2_fixed_cora,c6cbaeb,2026-07-05T20:28:41.773194+00:00,Cora,fixed,training_time,Adam,42,1991168608,"{""dropout"": 0.5, ""hidden_channels"": 16, ""learning_rate"": 0.01, ""momentum"": 0.0, ""weight_decay"": 0.0005}",fake_edge_addition,0.2,0.1998863205759757,1055,1.0,0.738,0.765,0.759234406520589,0.372906357049942,3.367290914990008,188,200,results/v2/metadata/environment.json
v2_fixed_cora,c6cbaeb,2026-07-05T20:28:53.342991+00:00,Cora,fixed,training_time,Adam,42,1344648716,"{""dropout"": 0.5, ""hidden_channels"": 16, ""learning_rate"": 0.01, ""momentum"": 0.0, ""weight_decay"": 0.0005}",fake_edge_addition,0.3,0.2999242137173171,1583,1.0,0.732,0.755,0.7387750513939508,0.4820366501808166,2.9920422789873555,181,200,results/v2/metadata/environment.json
v2_fixed_cora,c6cbaeb,2026-07-05T20:28:56.634647+00:00,Cora,fixed,training_time,AdamW,42,1793972315,"{""dropout"": 0.5, ""hidden_channels"": 16, ""learning_rate"": 0.01, ""momentum"": 0.0, ""weight_decay"": 0.0005}",clean,0.0,0.0,0,1.0,0.764,0.784,0.7787915508724063,0.0720845907926559,3.176061389996903,84,200,results/v2/metadata/environment.json
v2_fixed_cora,c6cbaeb,2026-07-05T20:28:59.880607+00:00,Cora,fixed,training_time,AdamW,42,1158803769,"{""dropout"": 0.5, ""hidden_channels"": 16, ""learning_rate"": 0.01, ""momentum"": 0.0, ""weight_decay"": 0.0005}",feature_masking,0.05,0.049983745123537,2460,1.0,0.784,0.776,0.7670360262280552,0.070242129266262,3.1213134890131187,112,200,results/v2/metadata/environment.json
v2_fixed_cora,c6cbaeb,2026-07-05T20:29:03.409975+00:00,Cora,fixed,training_time,AdamW,42,468075138,"{""dropout"": 0.5, ""hidden_channels"": 16, ""learning_rate"": 0.01, ""momentum"": 0.0, ""weight_decay"": 0.0005}",feature_masking,0.1,0.0999878088426527,4921,1.0,0.758,0.776,0.7763128741806133,0.0617629587650299,3.3847731159767136,59,200,results/v2/metadata/environment.json
v2_fixed_cora,c6cbaeb,2026-07-05T20:29:07.764865+00:00,Cora,fixed,training_time,AdamW,42,1528704709,"{""dropout"": 0.5, ""hidden_channels"": 16, ""learning_rate"": 0.01, ""momentum"": 0.0, ""weight_decay"": 0.0005}",feature_masking,0.2,0.1999959362808842,9843,1.0,0.762,0.777,0.7680008566166968,0.0655714273452758,4.217479082988575,134,200,results/v2/metadata/environment.json
v2_fixed_cora,c6cbaeb,2026-07-05T20:29:12.209720+00:00,Cora,fixed,training_time,AdamW,42,2087441680,"{""dropout"": 0.5, ""hidden_channels"": 16, ""learning_rate"": 0.01, ""momentum"": 0.0, ""weight_decay"": 0.0005}",feature_masking,0.3,0.299983745123537,14764,1.0,0.72,0.746,0.7447330798717343,0.1218969449400901,4.266769640991697,107,200,results/v2/metadata/environment.json
v2_fixed_cora,c6cbaeb,2026-07-05T20:29:17.659915+00:00,Cora,fixed,training_time,AdamW,42,281538397,"{""dropout"": 0.5, ""hidden_channels"": 16, ""learning_rate"": 0.01, ""momentum"": 0.0, ""weight_decay"": 0.0005}",edge_removal,0.05,0.0498294808639636,263,1.0,0.784,0.791,0.7806279627242764,0.0654006749391555,5.296787200000836,77,200,results/v2/metadata/environment.json
v2_fixed_cora,c6cbaeb,2026-07-05T20:29:24.234578+00:00,Cora,fixed,training_time,AdamW,42,1835921617,"{""dropout"": 0.5, ""hidden_channels"": 16, ""learning_rate"": 0.01, ""momentum"": 0.0, ""weight_decay"": 0.0005}",edge_removal,0.1,0.0998484274346343,527,1.0,0.778,0.787,0.7762243159695466,0.0591026097536087,6.396207589976257,74,200,results/v2/metadata/environment.json
v2_fixed_cora,c6cbaeb,2026-07-05T20:29:29.001222+00:00,Cora,fixed,training_time,AdamW,42,1777049372,"{""dropout"": 0.5, ""hidden_channels"": 16, ""learning_rate"": 0.01, ""momentum"": 0.0, ""weight_decay"": 0.0005}",edge_removal,0.2,0.1998863205759757,1055,1.0,0.754,0.771,0.7612625815157765,0.0726845636963844,4.420430608995957,39,200,results/v2/metadata/environment.json
v2_fixed_cora,c6cbaeb,2026-07-05T20:29:34.105706+00:00,Cora,fixed,training_time,AdamW,42,345564135,"{""dropout"": 0.5, ""hidden_channels"": 16, ""learning_rate"": 0.01, ""momentum"": 0.0, ""weight_decay"": 0.0005}",edge_removal,0.3,0.2999242137173171,1583,1.0,0.75,0.733,0.7220325755493985,0.061541374772787,4.737053045013454,39,200,results/v2/metadata/environment.json
v2_fixed_cora,c6cbaeb,2026-07-05T20:29:47.878470+00:00,Cora,fixed,training_time,AdamW,42,291146356,"{""dropout"": 0.5, ""hidden_channels"": 16, ""learning_rate"": 0.01, ""momentum"": 0.0, ""weight_decay"": 0.0005}",fake_edge_addition,0.05,0.0498294808639636,263,1.0,0.76,0.79,0.7779648469495474,0.0697473287582397,3.128305077989353,160,200,results/v2/metadata/environment.json
v2_fixed_cora,c6cbaeb,2026-07-05T20:30:02.500545+00:00,Cora,fixed,training_time,AdamW,42,348558900,"{""dropout"": 0.5, ""hidden_channels"": 16, ""learning_rate"": 0.01, ""momentum"": 0.0, ""weight_decay"": 0.0005}",fake_edge_addition,0.1,0.0998484274346343,527,1.0,0.752,0.767,0.7546378183958798,0.116897776722908,5.491663569002412,183,200,results/v2/metadata/environment.json
v2_fixed_cora,c6cbaeb,2026-07-05T20:30:16.103490+00:00,Cora,fixed,training_time,AdamW,42,163758197,"{""dropout"": 0.5, ""hidden_channels"": 16, ""learning_rate"": 0.01, ""momentum"": 0.0, ""weight_decay"": 0.0005}",fake_edge_addition,0.2,0.1998863205759757,1055,1.0,0.73,0.735,0.7255286067502343,0.066656470298767,2.995478176017059,84,200,results/v2/metadata/environment.json
v2_fixed_cora,c6cbaeb,2026-07-05T20:30:32.694619+00:00,Cora,fixed,training_time,AdamW,42,1222832403,"{""dropout"": 0.5, ""hidden_channels"": 16, ""learning_rate"": 0.01, ""momentum"": 0.0, ""weight_decay"": 0.0005}",fake_edge_addition,0.3,0.2999242137173171,1583,1.0,0.698,0.72,0.7144933881830582,0.1267277002334594,8.00340133701684,61,200,results/v2/metadata/environment.json
v2_fixed_cora,c6cbaeb,2026-07-05T20:30:37.838026+00:00,Cora,fixed,training_time,RMSProp,42,850258994,"{""dropout"": 0.5, ""hidden_channels"": 16, ""learning_rate"": 0.01, ""momentum"": 0.0, ""weight_decay"": 0.0005}",clean,0.0,0.0,0,0.9928571428571428,0.798,0.806,0.7953529111017275,0.3141821622848511,5.00312715000473,30,200,results/v2/metadata/environment.json
v2_fixed_cora,c6cbaeb,2026-07-05T20:30:43.069149+00:00,Cora,fixed,training_time,RMSProp,42,1507593393,"{""dropout"": 0.5, ""hidden_channels"": 16, ""learning_rate"": 0.01, ""momentum"": 0.0, ""weight_decay"": 0.0005}",feature_masking,0.05,0.049983745123537,2460,0.9928571428571428,0.79,0.801,0.7911950256845953,0.5050998330116272,5.084710169001482,186,200,results/v2/metadata/environment.json
v2_fixed_cora,c6cbaeb,2026-07-05T20:30:49.800705+00:00,Cora,fixed,training_time,RMSProp,42,1176522124,"{""dropout"": 0.5, ""hidden_channels"": 16, ""learning_rate"": 0.01, ""momentum"": 0.0, ""weight_decay"": 0.0005}",feature_masking,0.1,0.0999878088426527,4921,0.9928571428571428,0.776,0.776,0.7678237280961919,0.4178929328918457,6.426860780018615,179,200,results/v2/metadata/environment.json
v2_fixed_cora,c6cbaeb,2026-07-05T20:30:55.974576+00:00,Cora,fixed,training_time,RMSProp,42,2016525353,"{""dropout"": 0.5, ""hidden_channels"": 16, ""learning_rate"": 0.01, ""momentum"": 0.0, ""weight_decay"": 0.0005}",feature_masking,0.2,0.1999959362808842,9843,1.0,0.788,0.802,0.7890913123498937,0.397010326385498,5.864102955994895,164,200,results/v2/metadata/environment.json
v2_fixed_cora,c6cbaeb,2026-07-05T20:31:00.486518+00:00,Cora,fixed,training_time,RMSProp,42,723924257,"{""dropout"": 0.5, ""hidden_channels"": 16, ""learning_rate"": 0.01, ""momentum"": 0.0, ""weight_decay"": 0.0005}",feature_masking,0.3,0.299983745123537,14764,0.9928571428571428,0.792,0.778,0.7738368162727287,0.3690002262592315,4.33869982601027,93,200,results/v2/metadata/environment.json
v2_fixed_cora,c6cbaeb,2026-07-05T20:31:04.885640+00:00,Cora,fixed,training_time,RMSProp,42,1526498822,"{""dropout"": 0.5, ""hidden_channels"": 16, ""learning_rate"": 0.01, ""momentum"": 0.0, ""weight_decay"": 0.0005}",edge_removal,0.05,0.0498294808639636,263,0.9928571428571428,0.784,0.794,0.7841657163556993,0.5379222631454468,4.224845322023612,121,200,results/v2/metadata/environment.json
v2_fixed_cora,c6cbaeb,2026-07-05T20:31:08.944258+00:00,Cora,fixed,training_time,RMSProp,42,1721588419,"{""dropout"": 0.5, ""hidden_channels"": 16, ""learning_rate"": 0.01, ""momentum"": 0.0, ""weight_decay"": 0.0005}",edge_removal,0.1,0.0998484274346343,527,1.0,0.798,0.808,0.7990286887762919,0.2739623486995697,3.90737621000153,33,200,results/v2/metadata/environment.json
v2_fixed_cora,c6cbaeb,2026-07-05T20:31:12.753639+00:00,Cora,fixed,training_time,RMSProp,42,162091347,"{""dropout"": 0.5, ""hidden_channels"": 16, ""learning_rate"": 0.01, ""momentum"": 0.0, ""weight_decay"": 0.0005}",edge_removal,0.2,0.1998863205759757,1055,1.0,0.782,0.793,0.7773510768280405,0.2976760566234588,3.668803818000015,145,200,results/v2/metadata/environment.json
v2_fixed_cora,c6cbaeb,2026-07-05T20:31:17.083911+00:00,Cora,fixed,training_time,RMSProp,42,996436660,"{""dropout"": 0.5, ""hidden_channels"": 16, ""learning_rate"": 0.01, ""momentum"": 0.0, ""weight_decay"": 0.0005}",edge_removal,0.3,0.2999242137173171,1583,1.0,0.754,0.756,0.7449759477316776,0.3014852404594421,4.173092469020048,65,200,results/v2/metadata/environment.json
v2_fixed_cora,c6cbaeb,2026-07-05T20:31:28.942888+00:00,Cora,fixed,training_time,RMSProp,42,1973819337,"{""dropout"": 0.5, ""hidden_channels"": 16, ""learning_rate"": 0.01, ""momentum"": 0.0, ""weight_decay"": 0.0005}",fake_edge_addition,0.05,0.0498294808639636,263,1.0,0.78,0.801,0.7905917568633075,0.3958408534526825,3.425278959010029,128,200,results/v2/metadata/environment.json
v2_fixed_cora,c6cbaeb,2026-07-05T20:31:43.497331+00:00,Cora,fixed,training_time,RMSProp,42,510229206,"{""dropout"": 0.5, ""hidden_channels"": 16, ""learning_rate"": 0.01, ""momentum"": 0.0, ""weight_decay"": 0.0005}",fake_edge_addition,0.1,0.0998484274346343,527,1.0,0.718,0.757,0.7574444616280548,0.5266042947769165,4.008789674000582,106,200,results/v2/metadata/environment.json
v2_fixed_cora,c6cbaeb,2026-07-05T20:31:56.159157+00:00,Cora,fixed,training_time,RMSProp,42,710712242,"{""dropout"": 0.5, ""hidden_channels"": 16, ""learning_rate"": 0.01, ""momentum"": 0.0, ""weight_decay"": 0.0005}",fake_edge_addition,0.2,0.1998863205759757,1055,1.0,0.738,0.765,0.7581107191213722,0.4023098945617676,3.8820637809985774,112,200,results/v2/metadata/environment.json
v2_fixed_cora,c6cbaeb,2026-07-05T20:32:08.882312+00:00,Cora,fixed,training_time,RMSProp,42,581042776,"{""dropout"": 0.5, ""hidden_channels"": 16, ""learning_rate"": 0.01, ""momentum"": 0.0, ""weight_decay"": 0.0005}",fake_edge_addition,0.3,0.2999242137173171,1583,1.0,0.726,0.741,0.7258503924474751,0.4502675831317901,3.812165409006411,167,200,results/v2/metadata/environment.json
v2_fixed_cora,c6cbaeb,2026-07-05T20:32:12.269871+00:00,Cora,fixed,training_time,AdaGrad,42,700053975,"{""dropout"": 0.5, ""hidden_channels"": 16, ""learning_rate"": 0.01, ""momentum"": 0.0, ""weight_decay"": 0.0005}",clean,0.0,0.0,0,0.9642857142857144,0.778,0.777,0.7670642132185693,1.397470474243164,3.245920329005457,193,200,results/v2/metadata/environment.json
v2_fixed_cora,c6cbaeb,2026-07-05T20:32:15.701632+00:00,Cora,fixed,training_time,AdaGrad,42,1488863239,"{""dropout"": 0.5, ""hidden_channels"": 16, ""learning_rate"": 0.01, ""momentum"": 0.0, ""weight_decay"": 0.0005}",feature_masking,0.05,0.049983745123537,2460,0.9571428571428572,0.764,0.78,0.7671217302642214,1.4338067770004272,3.3014794409973547,162,200,results/v2/metadata/environment.json
v2_fixed_cora,c6cbaeb,2026-07-05T20:32:19.157527+00:00,Cora,fixed,training_time,AdaGrad,42,1745201503,"{""dropout"": 0.5, ""hidden_channels"": 16, ""learning_rate"": 0.01, ""momentum"": 0.0, ""weight_decay"": 0.0005}",feature_masking,0.1,0.0999878088426527,4921,0.9642857142857144,0.766,0.767,0.7590432551683098,1.4920965433120728,3.316107401013141,198,200,results/v2/metadata/environment.json
v2_fixed_cora,c6cbaeb,2026-07-05T20:32:22.602856+00:00,Cora,fixed,training_time,AdaGrad,42,645010056,"{""dropout"": 0.5, ""hidden_channels"": 16, ""learning_rate"": 0.01, ""momentum"": 0.0, ""weight_decay"": 0.0005}",feature_masking,0.2,0.1999959362808842,9843,0.9571428571428572,0.744,0.754,0.7454717226837932,1.475738763809204,3.303008649003459,194,200,results/v2/metadata/environment.json
v2_fixed_cora,c6cbaeb,2026-07-05T20:32:26.097227+00:00,Cora,fixed,training_time,AdaGrad,42,1180181969,"{""dropout"": 0.5, ""hidden_channels"": 16, ""learning_rate"": 0.01, ""momentum"": 0.0, ""weight_decay"": 0.0005}",feature_masking,0.3,0.299983745123537,14764,0.9285714285714286,0.684,0.716,0.7234341068010258,1.5746089220046997,3.324604944995372,162,200,results/v2/metadata/environment.json
v2_fixed_cora,c6cbaeb,2026-07-05T20:32:29.727597+00:00,Cora,fixed,training_time,AdaGrad,42,304967293,"{""dropout"": 0.5, ""hidden_channels"": 16, ""learning_rate"": 0.01, ""momentum"": 0.0, ""weight_decay"": 0.0005}",edge_removal,0.05,0.0498294808639636,263,0.9785714285714284,0.754,0.762,0.7527090233780661,1.39695405960083,3.495213458983926,36,200,results/v2/metadata/environment.json
v2_fixed_cora,c6cbaeb,2026-07-05T20:32:33.314934+00:00,Cora,fixed,training_time,AdaGrad,42,118673965,"{""dropout"": 0.5, ""hidden_channels"": 16, ""learning_rate"": 0.01, ""momentum"": 0.0, ""weight_decay"": 0.0005}",edge_removal,0.1,0.0998484274346343,527,0.9571428571428572,0.742,0.749,0.7326242302994033,1.5062153339385986,3.436048931005644,189,200,results/v2/metadata/environment.json
v2_fixed_cora,c6cbaeb,2026-07-05T20:32:37.100323+00:00,Cora,fixed,training_time,AdaGrad,42,1962896404,"{""dropout"": 0.5, ""hidden_channels"": 16, ""learning_rate"": 0.01, ""momentum"": 0.0, ""weight_decay"": 0.0005}",edge_removal,0.2,0.1998863205759757,1055,0.9642857142857144,0.764,0.771,0.7538159516592312,1.400965690612793,3.6510967230133247,107,200,results/v2/metadata/environment.json
v2_fixed_cora,c6cbaeb,2026-07-05T20:32:41.895230+00:00,Cora,fixed,training_time,AdaGrad,42,1496880123,"{""dropout"": 0.5, ""hidden_channels"": 16, ""learning_rate"": 0.01, ""momentum"": 0.0, ""weight_decay"": 0.0005}",edge_removal,0.3,0.2999242137173171,1583,0.9571428571428572,0.738,0.742,0.7325455549636077,1.3927671909332275,4.643096064013662,194,200,results/v2/metadata/environment.json
v2_fixed_cora,c6cbaeb,2026-07-05T20:32:53.609371+00:00,Cora,fixed,training_time,AdaGrad,42,1901942053,"{""dropout"": 0.5, ""hidden_channels"": 16, ""learning_rate"": 0.01, ""momentum"": 0.0, ""weight_decay"": 0.0005}",fake_edge_addition,0.05,0.0498294808639636,263,0.95,0.748,0.773,0.7606688432912104,1.485809564590454,2.8951404510007706,189,200,results/v2/metadata/environment.json
v2_fixed_cora,c6cbaeb,2026-07-05T20:33:08.819465+00:00,Cora,fixed,training_time,AdaGrad,42,1605361369,"{""dropout"": 0.5, ""hidden_channels"": 16, ""learning_rate"": 0.01, ""momentum"": 0.0, ""weight_decay"": 0.0005}",fake_edge_addition,0.1,0.0998484274346343,527,0.95,0.706,0.738,0.7453610834359113,1.4622150659561155,6.284611912007676,50,200,results/v2/metadata/environment.json
v2_fixed_cora,c6cbaeb,2026-07-05T20:33:28.659423+00:00,Cora,fixed,training_time,AdaGrad,42,1482671755,"{""dropout"": 0.5, ""hidden_channels"": 16, ""learning_rate"": 0.01, ""momentum"": 0.0, ""weight_decay"": 0.0005}",fake_edge_addition,0.2,0.1998863205759757,1055,0.9571428571428572,0.682,0.697,0.7009482744649118,1.5675684213638306,10.971575681993272,162,200,results/v2/metadata/environment.json
v2_fixed_cora,c6cbaeb,2026-07-05T20:34:16.094193+00:00,Cora,fixed,training_time,AdaGrad,42,145815048,"{""dropout"": 0.5, ""hidden_channels"": 16, ""learning_rate"": 0.01, ""momentum"": 0.0, ""weight_decay"": 0.0005}",fake_edge_addition,0.3,0.2999242137173171,1583,0.9357142857142856,0.69,0.705,0.7134310323622396,1.6374059915542605,14.89123739398201,195,200,results/v2/metadata/environment.json
v2_fixed_cora,c6cbaeb,2026-07-05T20:34:37.488631+00:00,Cora,fixed,training_time,SGD,42,1563341785,"{""dropout"": 0.5, ""hidden_channels"": 16, ""learning_rate"": 0.01, ""momentum"": 0.0, ""weight_decay"": 0.0005}",clean,0.0,0.0,0,0.1642857142857142,0.144,0.154,0.055346295590291,1.9429173469543457,20.629508381010965,22,200,results/v2/metadata/environment.json
v2_fixed_cora,c6cbaeb,2026-07-05T20:35:04.962761+00:00,Cora,fixed,training_time,SGD,42,1747812045,"{""dropout"": 0.5, ""hidden_channels"": 16, ""learning_rate"": 0.01, ""momentum"": 0.0, ""weight_decay"": 0.0005}",feature_masking,0.05,0.049983745123537,2460,0.1785714285714285,0.074,0.107,0.065227359532293,1.944721817970276,26.668299707991537,1,200,results/v2/metadata/environment.json
v2_fixed_cora,c6cbaeb,2026-07-05T20:35:15.286622+00:00,Cora,fixed,training_time,SGD,42,2130646036,"{""dropout"": 0.5, ""hidden_channels"": 16, ""learning_rate"": 0.01, ""momentum"": 0.0, ""weight_decay"": 0.0005}",feature_masking,0.1,0.0999878088426527,4921,0.2285714285714285,0.144,0.147,0.1025437365983854,1.9446121454238887,9.73530296701938,199,200,results/v2/metadata/environment.json
v2_fixed_cora,c6cbaeb,2026-07-05T20:35:24.757883+00:00,Cora,fixed,training_time,SGD,42,833781839,"{""dropout"": 0.5, ""hidden_channels"": 16, ""learning_rate"": 0.01, ""momentum"": 0.0, ""weight_decay"": 0.0005}",feature_masking,0.2,0.1999959362808842,9843,0.1428571428571428,0.122,0.131,0.035026956950699,1.9445374011993408,8.894203136005672,77,200,results/v2/metadata/environment.json
v2_fixed_cora,c6cbaeb,2026-07-05T20:35:34.495362+00:00,Cora,fixed,training_time,SGD,42,2138793579,"{""dropout"": 0.5, ""hidden_channels"": 16, ""learning_rate"": 0.01, ""momentum"": 0.0, ""weight_decay"": 0.0005}",feature_masking,0.3,0.299983745123537,14764,0.15,0.126,0.132,0.0385104041616646,1.9445229768753047,9.283295687026111,40,200,results/v2/metadata/environment.json
v2_fixed_cora,c6cbaeb,2026-07-05T20:35:46.838179+00:00,Cora,fixed,training_time,SGD,42,431970746,"{""dropout"": 0.5, ""hidden_channels"": 16, ""learning_rate"": 0.01, ""momentum"": 0.0, ""weight_decay"": 0.0005}",edge_removal,0.05,0.0498294808639636,263,0.1571428571428571,0.13,0.141,0.0756756867335102,1.945272445678711,11.53099856901099,152,200,results/v2/metadata/environment.json
v2_fixed_cora,c6cbaeb,2026-07-05T20:35:56.430855+00:00,Cora,fixed,training_time,SGD,42,457133333,"{""dropout"": 0.5, ""hidden_channels"": 16, ""learning_rate"": 0.01, ""momentum"": 0.0, ""weight_decay"": 0.0005}",edge_removal,0.1,0.0998484274346343,527,0.0928571428571428,0.126,0.135,0.0802661812531974,1.9445654153823853,8.964152636006474,148,200,results/v2/metadata/environment.json
v2_fixed_cora,c6cbaeb,2026-07-05T20:36:21.455828+00:00,Cora,fixed,training_time,SGD,42,1694106224,"{""dropout"": 0.5, ""hidden_channels"": 16, ""learning_rate"": 0.01, ""momentum"": 0.0, ""weight_decay"": 0.0005}",edge_removal,0.2,0.1998863205759757,1055,0.1571428571428571,0.136,0.129,0.0682264483426645,1.9445756673812864,24.56441428200924,98,200,results/v2/metadata/environment.json
v2_fixed_cora,c6cbaeb,2026-07-05T20:36:30.311499+00:00,Cora,fixed,training_time,SGD,42,730650348,"{""dropout"": 0.5, ""hidden_channels"": 16, ""learning_rate"": 0.01, ""momentum"": 0.0, ""weight_decay"": 0.0005}",edge_removal,0.3,0.2999242137173171,1583,0.2428571428571428,0.126,0.159,0.1162797469864285,1.9434871673583984,8.436878876003902,152,200,results/v2/metadata/environment.json
v2_fixed_cora,c6cbaeb,2026-07-05T20:37:11.506834+00:00,Cora,fixed,training_time,SGD,42,1287485229,"{""dropout"": 0.5, ""hidden_channels"": 16, ""learning_rate"": 0.01, ""momentum"": 0.0, ""weight_decay"": 0.0005}",fake_edge_addition,0.05,0.0498294808639636,263,0.1714285714285714,0.114,0.119,0.0648145135643214,1.9446853399276731,8.310176968021551,2,200,results/v2/metadata/environment.json
v2_fixed_cora,c6cbaeb,2026-07-05T20:37:24.183315+00:00,Cora,fixed,training_time,SGD,42,715827970,"{""dropout"": 0.5, ""hidden_channels"": 16, ""learning_rate"": 0.01, ""momentum"": 0.0, ""weight_decay"": 0.0005}",fake_edge_addition,0.1,0.0998484274346343,527,0.1785714285714285,0.18,0.169,0.0828978151334882,1.9421055316925049,3.0879050710063893,8,200,results/v2/metadata/environment.json
v2_fixed_cora,c6cbaeb,2026-07-05T20:37:38.502237+00:00,Cora,fixed,training_time,SGD,42,878299697,"{""dropout"": 0.5, ""hidden_channels"": 16, ""learning_rate"": 0.01, ""momentum"": 0.0, ""weight_decay"": 0.0005}",fake_edge_addition,0.2,0.1998863205759757,1055,0.15,0.086,0.089,0.0514059806194637,1.9446890354156492,4.709110583004076,169,200,results/v2/metadata/environment.json
v2_fixed_cora,c6cbaeb,2026-07-05T20:37:51.340299+00:00,Cora,fixed,training_time,SGD,42,832104269,"{""dropout"": 0.5, ""hidden_channels"": 16, ""learning_rate"": 0.01, ""momentum"": 0.0, ""weight_decay"": 0.0005}",fake_edge_addition,0.3,0.2999242137173171,1583,0.15,0.074,0.092,0.0329742969280255,1.9450443983078003,3.153934394009412,133,200,results/v2/metadata/environment.json
v2_fixed_cora,c6cbaeb,2026-07-05T20:37:54.843456+00:00,Cora,fixed,training_time,Adam,43,311641356,"{""dropout"": 0.5, ""hidden_channels"": 16, ""learning_rate"": 0.01, ""momentum"": 0.0, ""weight_decay"": 0.0005}",clean,0.0,0.0,0,1.0,0.798,0.813,0.8008294455462762,0.3153882026672363,3.3773495959758293,128,200,results/v2/metadata/environment.json
v2_fixed_cora,c6cbaeb,2026-07-05T20:37:58.614022+00:00,Cora,fixed,training_time,Adam,43,686228233,"{""dropout"": 0.5, ""hidden_channels"": 16, ""learning_rate"": 0.01, ""momentum"": 0.0, ""weight_decay"": 0.0005}",feature_masking,0.05,0.049983745123537,2460,1.0,0.796,0.792,0.7779676064674365,0.3658168017864227,3.6285267249913886,137,200,results/v2/metadata/environment.json
v2_fixed_cora,c6cbaeb,2026-07-05T20:38:02.747620+00:00,Cora,fixed,training_time,Adam,43,1401086052,"{""dropout"": 0.5, ""hidden_channels"": 16, ""learning_rate"": 0.01, ""momentum"": 0.0, ""weight_decay"": 0.0005}",feature_masking,0.1,0.0999878088426527,4921,0.9928571428571428,0.786,0.801,0.7933008701533796,0.3914748430252075,3.946598668000661,196,200,results/v2/metadata/environment.json
v2_fixed_cora,c6cbaeb,2026-07-05T20:38:09.461940+00:00,Cora,fixed,training_time,Adam,43,864641404,"{""dropout"": 0.5, ""hidden_channels"": 16, ""learning_rate"": 0.01, ""momentum"": 0.0, ""weight_decay"": 0.0005}",feature_masking,0.2,0.1999959362808842,9843,0.9928571428571428,0.78,0.806,0.7948019396538396,0.4055536985397339,6.543582820013398,144,200,results/v2/metadata/environment.json
v2_fixed_cora,c6cbaeb,2026-07-05T20:38:13.370319+00:00,Cora,fixed,training_time,Adam,43,751291752,"{""dropout"": 0.5, ""hidden_channels"": 16, ""learning_rate"": 0.01, ""momentum"": 0.0, ""weight_decay"": 0.0005}",feature_masking,0.3,0.299983745123537,14764,0.9928571428571428,0.78,0.789,0.7767565361204744,0.4433724582195282,3.740704781026579,188,200,results/v2/metadata/environment.json
v2_fixed_cora,c6cbaeb,2026-07-05T20:38:17.758347+00:00,Cora,fixed,training_time,Adam,43,254268866,"{""dropout"": 0.5, ""hidden_channels"": 16, ""learning_rate"": 0.01, ""momentum"": 0.0, ""weight_decay"": 0.0005}",edge_removal,0.05,0.0498294808639636,263,0.9928571428571428,0.796,0.806,0.7974402720009656,0.2957605123519897,4.2396005949995015,171,200,results/v2/metadata/environment.json
v2_fixed_cora,c6cbaeb,2026-07-05T20:38:21.576023+00:00,Cora,fixed,training_time,Adam,43,1694771389,"{""dropout"": 0.5, ""hidden_channels"": 16, ""learning_rate"": 0.01, ""momentum"": 0.0, ""weight_decay"": 0.0005}",edge_removal,0.1,0.0998484274346343,527,1.0,0.798,0.814,0.8040637123655957,0.3085823357105255,3.6491577879933175,90,200,results/v2/metadata/environment.json
v2_fixed_cora,c6cbaeb,2026-07-05T20:38:25.395916+00:00,Cora,fixed,training_time,Adam,43,38334943,"{""dropout"": 0.5, ""hidden_channels"": 16, ""learning_rate"": 0.01, ""momentum"": 0.0, ""weight_decay"": 0.0005}",edge_removal,0.2,0.1998863205759757,1055,1.0,0.794,0.802,0.7898744138809795,0.2938783168792724,3.6733975180250127,157,200,results/v2/metadata/environment.json
v2_fixed_cora,c6cbaeb,2026-07-05T20:38:28.997750+00:00,Cora,fixed,training_time,Adam,43,1941196551,"{""dropout"": 0.5, ""hidden_channels"": 16, ""learning_rate"": 0.01, ""momentum"": 0.0, ""weight_decay"": 0.0005}",edge_removal,0.3,0.2999242137173171,1583,1.0,0.77,0.782,0.7762222292656299,0.3390125334262848,3.438934503006749,85,200,results/v2/metadata/environment.json
v2_fixed_cora,c6cbaeb,2026-07-05T20:38:41.628136+00:00,Cora,fixed,training_time,Adam,43,500927869,"{""dropout"": 0.5, ""hidden_channels"": 16, ""learning_rate"": 0.01, ""momentum"": 0.0, ""weight_decay"": 0.0005}",fake_edge_addition,0.05,0.0498294808639636,263,1.0,0.798,0.809,0.7972753387679099,0.3806752562522888,3.248075973999221,197,200,results/v2/metadata/environment.json
v2_fixed_cora,c6cbaeb,2026-07-05T20:38:54.374635+00:00,Cora,fixed,training_time,Adam,43,1549330146,"{""dropout"": 0.5, ""hidden_channels"": 16, ""learning_rate"": 0.01, ""momentum"": 0.0, ""weight_decay"": 0.0005}",fake_edge_addition,0.1,0.0998484274346343,527,0.9928571428571428,0.774,0.788,0.7797277241363529,0.3981342315673828,3.5767748999933247,181,200,results/v2/metadata/environment.json
v2_fixed_cora,c6cbaeb,2026-07-05T20:39:08.772874+00:00,Cora,fixed,training_time,Adam,43,1092532761,"{""dropout"": 0.5, ""hidden_channels"": 16, ""learning_rate"": 0.01, ""momentum"": 0.0, ""weight_decay"": 0.0005}",fake_edge_addition,0.2,0.1998863205759757,1055,1.0,0.74,0.774,0.7628191646514854,0.3929603099822998,5.085116637987085,165,200,results/v2/metadata/environment.json
v2_fixed_cora,c6cbaeb,2026-07-05T20:39:37.087587+00:00,Cora,fixed,training_time,Adam,43,604427012,"{""dropout"": 0.5, ""hidden_channels"": 16, ""learning_rate"": 0.01, ""momentum"": 0.0, ""weight_decay"": 0.0005}",fake_edge_addition,0.3,0.2999242137173171,1583,1.0,0.738,0.744,0.7276898404840944,0.4710978865623474,12.397409041994251,196,200,results/v2/metadata/environment.json
v2_fixed_cora,c6cbaeb,2026-07-05T20:40:18.046923+00:00,Cora,fixed,training_time,AdamW,43,1485499966,"{""dropout"": 0.5, ""hidden_channels"": 16, ""learning_rate"": 0.01, ""momentum"": 0.0, ""weight_decay"": 0.0005}",clean,0.0,0.0,0,1.0,0.79,0.788,0.7779352027801317,0.0591686740517616,40.22651971300365,86,200,results/v2/metadata/environment.json
v2_fixed_cora,c6cbaeb,2026-07-05T20:40:43.947040+00:00,Cora,fixed,training_time,AdamW,43,1831726796,"{""dropout"": 0.5, ""hidden_channels"": 16, ""learning_rate"": 0.01, ""momentum"": 0.0, ""weight_decay"": 0.0005}",feature_masking,0.05,0.049983745123537,2460,1.0,0.784,0.792,0.7857253580579909,0.0537089817225933,25.37386894901283,107,200,results/v2/metadata/environment.json
v2_fixed_cora,c6cbaeb,2026-07-05T20:40:56.392383+00:00,Cora,fixed,training_time,AdamW,43,338315881,"{""dropout"": 0.5, ""hidden_channels"": 16, ""learning_rate"": 0.01, ""momentum"": 0.0, ""weight_decay"": 0.0005}",feature_masking,0.1,0.0999878088426527,4921,1.0,0.76,0.791,0.7852053564480069,0.0812021791934967,11.99649722201866,114,200,results/v2/metadata/environment.json
v2_fixed_cora,c6cbaeb,2026-07-05T20:41:02.032041+00:00,Cora,fixed,training_time,AdamW,43,1125719163,"{""dropout"": 0.5, ""hidden_channels"": 16, ""learning_rate"": 0.01, ""momentum"": 0.0, ""weight_decay"": 0.0005}",feature_masking,0.2,0.1999959362808842,9843,1.0,0.754,0.768,0.7628105192922428,0.0634355545043945,5.2772740709770005,87,200,results/v2/metadata/environment.json
v2_fixed_cora,c6cbaeb,2026-07-05T20:41:12.282814+00:00,Cora,fixed,training_time,AdamW,43,1449980515,"{""dropout"": 0.5, ""hidden_channels"": 16, ""learning_rate"": 0.01, ""momentum"": 0.0, ""weight_decay"": 0.0005}",feature_masking,0.3,0.299983745123537,14764,1.0,0.746,0.762,0.7525510927338734,0.0837543457746505,10.056949492020069,185,200,results/v2/metadata/environment.json
v2_fixed_cora,c6cbaeb,2026-07-05T20:41:17.115029+00:00,Cora,fixed,training_time,AdamW,43,476201058,"{""dropout"": 0.5, ""hidden_channels"": 16, ""learning_rate"": 0.01, ""momentum"": 0.0, ""weight_decay"": 0.0005}",edge_removal,0.05,0.0498294808639636,263,1.0,0.774,0.788,0.7833796716940816,0.0401737950742244,4.606149753002683,90,200,results/v2/metadata/environment.json
v2_fixed_cora,c6cbaeb,2026-07-05T20:41:24.081872+00:00,Cora,fixed,training_time,AdamW,43,1021509641,"{""dropout"": 0.5, ""hidden_channels"": 16, ""learning_rate"": 0.01, ""momentum"": 0.0, ""weight_decay"": 0.0005}",edge_removal,0.1,0.0998484274346343,527,1.0,0.756,0.745,0.7415681926487024,0.0552166253328323,6.765010981995147,86,200,results/v2/metadata/environment.json
v2_fixed_cora,c6cbaeb,2026-07-05T20:41:38.135411+00:00,Cora,fixed,training_time,AdamW,43,835941477,"{""dropout"": 0.5, ""hidden_channels"": 16, ""learning_rate"": 0.01, ""momentum"": 0.0, ""weight_decay"": 0.0005}",edge_removal,0.2,0.1998863205759757,1055,1.0,0.752,0.75,0.7419118059851849,0.1443800926208496,13.870461262995375,57,200,results/v2/metadata/environment.json
v2_fixed_cora,c6cbaeb,2026-07-05T20:41:41.875514+00:00,Cora,fixed,training_time,AdamW,43,1085131262,"{""dropout"": 0.5, ""hidden_channels"": 16, ""learning_rate"": 0.01, ""momentum"": 0.0, ""weight_decay"": 0.0005}",edge_removal,0.3,0.2999242137173171,1583,1.0,0.73,0.753,0.7511095409118264,0.0891025885939598,3.590423676010687,73,200,results/v2/metadata/environment.json
v2_fixed_cora,c6cbaeb,2026-07-05T20:41:59.230592+00:00,Cora,fixed,training_time,AdamW,43,1259802063,"{""dropout"": 0.5, ""hidden_channels"": 16, ""learning_rate"": 0.01, ""momentum"": 0.0, ""weight_decay"": 0.0005}",fake_edge_addition,0.05,0.0498294808639636,263,1.0,0.752,0.762,0.7539124083589386,0.0572422370314598,3.5692756490025204,94,200,results/v2/metadata/environment.json
v2_fixed_cora,c6cbaeb,2026-07-05T20:42:13.331583+00:00,Cora,fixed,training_time,AdamW,43,235409094,"{""dropout"": 0.5, ""hidden_channels"": 16, ""learning_rate"": 0.01, ""momentum"": 0.0, ""weight_decay"": 0.0005}",fake_edge_addition,0.1,0.0998484274346343,527,1.0,0.768,0.773,0.7635499086948079,0.0836715921759605,3.8068388839892577,126,200,results/v2/metadata/environment.json
v2_fixed_cora,c6cbaeb,2026-07-05T20:42:26.637835+00:00,Cora,fixed,training_time,AdamW,43,470434941,"{""dropout"": 0.5, ""hidden_channels"": 16, ""learning_rate"": 0.01, ""momentum"": 0.0, ""weight_decay"": 0.0005}",fake_edge_addition,0.2,0.1998863205759757,1055,1.0,0.736,0.748,0.744017149016549,0.0617040768265724,3.4390939860022627,51,200,results/v2/metadata/environment.json
v2_fixed_cora,c6cbaeb,2026-07-05T20:42:44.019052+00:00,Cora,fixed,training_time,AdamW,43,1569807830,"{""dropout"": 0.5, ""hidden_channels"": 16, ""learning_rate"": 0.01, ""momentum"": 0.0, ""weight_decay"": 0.0005}",fake_edge_addition,0.3,0.2999242137173171,1583,1.0,0.694,0.722,0.7073946801930703,0.107258066534996,4.33759691400337,108,200,results/v2/metadata/environment.json
v2_fixed_cora,c6cbaeb,2026-07-05T20:42:50.045910+00:00,Cora,fixed,training_time,RMSProp,43,93959779,"{""dropout"": 0.5, ""hidden_channels"": 16, ""learning_rate"": 0.01, ""momentum"": 0.0, ""weight_decay"": 0.0005}",clean,0.0,0.0,0,1.0,0.784,0.81,0.7994980127854656,0.3646261990070343,5.726484304002952,187,200,results/v2/metadata/environment.json
v2_fixed_cora,c6cbaeb,2026-07-05T20:43:33.982623+00:00,Cora,fixed,training_time,RMSProp,43,1658507489,"{""dropout"": 0.5, ""hidden_channels"": 16, ""learning_rate"": 0.01, ""momentum"": 0.0, ""weight_decay"": 0.0005}",feature_masking,0.05,0.049983745123537,2460,1.0,0.784,0.8,0.7876813423424052,0.3916125893592834,43.04142850701464,81,200,results/v2/metadata/environment.json
v2_fixed_cora,c6cbaeb,2026-07-05T20:44:01.357483+00:00,Cora,fixed,training_time,RMSProp,43,1638255714,"{""dropout"": 0.5, ""hidden_channels"": 16, ""learning_rate"": 0.01, ""momentum"": 0.0, ""weight_decay"": 0.0005}",feature_masking,0.1,0.0999878088426527,4921,0.9928571428571428,0.79,0.798,0.7831904565110493,0.3829770684242248,26.476089164993027,55,200,results/v2/metadata/environment.json
v2_fixed_cora,c6cbaeb,2026-07-05T20:44:38.001783+00:00,Cora,fixed,training_time,RMSProp,43,63400756,"{""dropout"": 0.5, ""hidden_channels"": 16, ""learning_rate"": 0.01, ""momentum"": 0.0, ""weight_decay"": 0.0005}",feature_masking,0.2,0.1999959362808842,9843,1.0,0.786,0.806,0.793857824397815,0.4036745727062225,35.85799434600631,83,200,results/v2/metadata/environment.json
v2_fixed_cora,c6cbaeb,2026-07-05T20:44:54.147787+00:00,Cora,fixed,training_time,RMSProp,43,897900206,"{""dropout"": 0.5, ""hidden_channels"": 16, ""learning_rate"": 0.01, ""momentum"": 0.0, ""weight_decay"": 0.0005}",feature_masking,0.3,0.299983745123537,14764,1.0,0.798,0.801,0.7844054403445065,0.4176555871963501,15.597296300024029,87,200,results/v2/metadata/environment.json
v2_fixed_cora,c6cbaeb,2026-07-05T20:45:08.860931+00:00,Cora,fixed,training_time,RMSProp,43,755817467,"{""dropout"": 0.5, ""hidden_channels"": 16, ""learning_rate"": 0.01, ""momentum"": 0.0, ""weight_decay"": 0.0005}",edge_removal,0.05,0.0498294808639636,263,0.9928571428571428,0.79,0.806,0.7991228731444152,0.4107791781425476,14.233353398012696,145,200,results/v2/metadata/environment.json
v2_fixed_cora,c6cbaeb,2026-07-05T20:45:21.028743+00:00,Cora,fixed,training_time,RMSProp,43,304255218,"{""dropout"": 0.5, ""hidden_channels"": 16, ""learning_rate"": 0.01, ""momentum"": 0.0, ""weight_decay"": 0.0005}",edge_removal,0.1,0.0998484274346343,527,1.0,0.792,0.804,0.7928146735627537,0.2825360298156738,11.626272907014936,32,200,results/v2/metadata/environment.json
v2_fixed_cora,c6cbaeb,2026-07-05T20:45:42.298976+00:00,Cora,fixed,training_time,RMSProp,43,172034768,"{""dropout"": 0.5, ""hidden_channels"": 16, ""learning_rate"": 0.01, ""momentum"": 0.0, ""weight_decay"": 0.0005}",edge_removal,0.2,0.1998863205759757,1055,0.9928571428571428,0.774,0.805,0.7973411856492741,0.3777955174446106,20.72783595501096,39,200,results/v2/metadata/environment.json
v2_fixed_cora,c6cbaeb,2026-07-05T20:46:06.183826+00:00,Cora,fixed,training_time,RMSProp,43,1260576830,"{""dropout"": 0.5, ""hidden_channels"": 16, ""learning_rate"": 0.01, ""momentum"": 0.0, ""weight_decay"": 0.0005}",edge_removal,0.3,0.2999242137173171,1583,1.0,0.766,0.773,0.7564274278587296,0.2614739537239074,23.290368829999352,47,200,results/v2/metadata/environment.json
v2_fixed_cora,c6cbaeb,2026-07-05T20:46:55.982422+00:00,Cora,fixed,training_time,RMSProp,43,1021329372,"{""dropout"": 0.5, ""hidden_channels"": 16, ""learning_rate"": 0.01, ""momentum"": 0.0, ""weight_decay"": 0.0005}",fake_edge_addition,0.05,0.0498294808639636,263,0.9928571428571428,0.796,0.813,0.8006637587222221,0.3540915548801422,18.64376443097717,196,200,results/v2/metadata/environment.json
v2_fixed_cora,c6cbaeb,2026-07-05T20:47:54.285295+00:00,Cora,fixed,training_time,RMSProp,43,1724728880,"{""dropout"": 0.5, ""hidden_channels"": 16, ""learning_rate"": 0.01, ""momentum"": 0.0, ""weight_decay"": 0.0005}",fake_edge_addition,0.1,0.0998484274346343,527,1.0,0.788,0.791,0.7829163606251667,0.3450953662395477,18.8971756210085,174,200,results/v2/metadata/environment.json
v2_fixed_cora,c6cbaeb,2026-07-05T20:48:36.631691+00:00,Cora,fixed,training_time,RMSProp,43,948867793,"{""dropout"": 0.5, ""hidden_channels"": 16, ""learning_rate"": 0.01, ""momentum"": 0.0, ""weight_decay"": 0.0005}",fake_edge_addition,0.2,0.1998863205759757,1055,1.0,0.728,0.769,0.7628850496867299,0.3874474465847015,12.670251995004946,193,200,results/v2/metadata/environment.json
v2_fixed_cora,c6cbaeb,2026-07-05T20:49:22.641153+00:00,Cora,fixed,training_time,RMSProp,43,499272854,"{""dropout"": 0.5, ""hidden_channels"": 16, ""learning_rate"": 0.01, ""momentum"": 0.0, ""weight_decay"": 0.0005}",fake_edge_addition,0.3,0.2999242137173171,1583,1.0,0.742,0.761,0.7523589289182924,0.4088091254234314,9.903547753987368,127,200,results/v2/metadata/environment.json
v2_fixed_cora,c6cbaeb,2026-07-05T20:49:34.569358+00:00,Cora,fixed,training_time,AdaGrad,43,1496925051,"{""dropout"": 0.5, ""hidden_channels"": 16, ""learning_rate"": 0.01, ""momentum"": 0.0, ""weight_decay"": 0.0005}",clean,0.0,0.0,0,0.9642857142857144,0.752,0.765,0.7583551366231124,1.420607328414917,11.380025374004616,177,200,results/v2/metadata/environment.json
v2_fixed_cora,c6cbaeb,2026-07-05T20:49:46.257048+00:00,Cora,fixed,training_time,AdaGrad,43,1488770881,"{""dropout"": 0.5, ""hidden_channels"": 16, ""learning_rate"": 0.01, ""momentum"": 0.0, ""weight_decay"": 0.0005}",feature_masking,0.05,0.049983745123537,2460,0.9642857142857144,0.756,0.781,0.77024178244701,1.4108248949050903,11.145835919014644,168,200,results/v2/metadata/environment.json
v2_fixed_cora,c6cbaeb,2026-07-05T20:49:55.561622+00:00,Cora,fixed,training_time,AdaGrad,43,152705908,"{""dropout"": 0.5, ""hidden_channels"": 16, ""learning_rate"": 0.01, ""momentum"": 0.0, ""weight_decay"": 0.0005}",feature_masking,0.1,0.0999878088426527,4921,0.9571428571428572,0.69,0.721,0.7272583656233833,1.5040963888168335,8.839859014988178,191,200,results/v2/metadata/environment.json
v2_fixed_cora,c6cbaeb,2026-07-05T20:50:20.281247+00:00,Cora,fixed,training_time,AdaGrad,43,1075430098,"{""dropout"": 0.5, ""hidden_channels"": 16, ""learning_rate"": 0.01, ""momentum"": 0.0, ""weight_decay"": 0.0005}",feature_masking,0.2,0.1999959362808842,9843,0.9428571428571428,0.736,0.758,0.7474692119594797,1.519047498703003,23.98017437499948,188,200,results/v2/metadata/environment.json
v2_fixed_cora,c6cbaeb,2026-07-05T20:50:32.986629+00:00,Cora,fixed,training_time,AdaGrad,43,1841812743,"{""dropout"": 0.5, ""hidden_channels"": 16, ""learning_rate"": 0.01, ""momentum"": 0.0, ""weight_decay"": 0.0005}",feature_masking,0.3,0.299983745123537,14764,0.9428571428571428,0.724,0.73,0.7361806919094522,1.566151142120361,11.881999578006798,200,200,results/v2/metadata/environment.json
v2_fixed_cora,c6cbaeb,2026-07-05T20:50:43.664589+00:00,Cora,fixed,training_time,AdaGrad,43,1123702018,"{""dropout"": 0.5, ""hidden_channels"": 16, ""learning_rate"": 0.01, ""momentum"": 0.0, ""weight_decay"": 0.0005}",edge_removal,0.05,0.0498294808639636,263,0.95,0.762,0.782,0.7775217039862891,1.4302690029144287,9.96999975797371,188,200,results/v2/metadata/environment.json
v2_fixed_cora,c6cbaeb,2026-07-05T20:50:56.463418+00:00,Cora,fixed,training_time,AdaGrad,43,929984708,"{""dropout"": 0.5, ""hidden_channels"": 16, ""learning_rate"": 0.01, ""momentum"": 0.0, ""weight_decay"": 0.0005}",edge_removal,0.1,0.0998484274346343,527,0.9642857142857144,0.776,0.798,0.7854567793030045,1.4044495820999146,12.358901341998717,33,200,results/v2/metadata/environment.json
v2_fixed_cora,c6cbaeb,2026-07-05T20:51:07.234232+00:00,Cora,fixed,training_time,AdaGrad,43,611079585,"{""dropout"": 0.5, ""hidden_channels"": 16, ""learning_rate"": 0.01, ""momentum"": 0.0, ""weight_decay"": 0.0005}",edge_removal,0.2,0.1998863205759757,1055,0.9571428571428572,0.698,0.707,0.707268639818678,1.4328771829605105,10.136196239007404,186,200,results/v2/metadata/environment.json
v2_fixed_cora,c6cbaeb,2026-07-05T20:51:15.905522+00:00,Cora,fixed,training_time,AdaGrad,43,1961179369,"{""dropout"": 0.5, ""hidden_channels"": 16, ""learning_rate"": 0.01, ""momentum"": 0.0, ""weight_decay"": 0.0005}",edge_removal,0.3,0.2999242137173171,1583,0.9857142857142858,0.74,0.742,0.7352861762883193,1.3677222728729248,8.232596543995896,144,200,results/v2/metadata/environment.json
v2_fixed_cora,c6cbaeb,2026-07-05T20:52:09.489584+00:00,Cora,fixed,training_time,AdaGrad,43,1800547686,"{""dropout"": 0.5, ""hidden_channels"": 16, ""learning_rate"": 0.01, ""momentum"": 0.0, ""weight_decay"": 0.0005}",fake_edge_addition,0.05,0.0498294808639636,263,0.9714285714285714,0.772,0.786,0.7820492336662357,1.4407610893249512,17.066467890981585,195,200,results/v2/metadata/environment.json
v2_fixed_cora,c6cbaeb,2026-07-05T20:52:52.355196+00:00,Cora,fixed,training_time,AdaGrad,43,822018011,"{""dropout"": 0.5, ""hidden_channels"": 16, ""learning_rate"": 0.01, ""momentum"": 0.0, ""weight_decay"": 0.0005}",fake_edge_addition,0.1,0.0998484274346343,527,0.9571428571428572,0.706,0.744,0.7369673123754577,1.4629411697387695,11.61409733799519,196,200,results/v2/metadata/environment.json
v2_fixed_cora,c6cbaeb,2026-07-05T20:53:39.769326+00:00,Cora,fixed,training_time,AdaGrad,43,1311691110,"{""dropout"": 0.5, ""hidden_channels"": 16, ""learning_rate"": 0.01, ""momentum"": 0.0, ""weight_decay"": 0.0005}",fake_edge_addition,0.2,0.1998863205759757,1055,0.9714285714285714,0.71,0.73,0.7252994249749831,1.5374664068222046,10.64518831501482,180,200,results/v2/metadata/environment.json
v2_fixed_cora,c6cbaeb,2026-07-05T20:54:25.216094+00:00,Cora,fixed,training_time,AdaGrad,43,1039726609,"{""dropout"": 0.5, ""hidden_channels"": 16, ""learning_rate"": 0.01, ""momentum"": 0.0, ""weight_decay"": 0.0005}",fake_edge_addition,0.3,0.2999242137173171,1583,0.9357142857142856,0.67,0.676,0.6756915190437969,1.549040913581848,11.390611174021616,30,200,results/v2/metadata/environment.json
v2_fixed_cora,c6cbaeb,2026-07-05T20:54:57.214997+00:00,Cora,fixed,training_time,SGD,43,965849535,"{""dropout"": 0.5, ""hidden_channels"": 16, ""learning_rate"": 0.01, ""momentum"": 0.0, ""weight_decay"": 0.0005}",clean,0.0,0.0,0,0.1857142857142857,0.102,0.112,0.0569861931933971,1.943286776542664,31.25642901600804,158,200,results/v2/metadata/environment.json
v2_fixed_cora,c6cbaeb,2026-07-05T20:55:21.195235+00:00,Cora,fixed,training_time,SGD,43,1553161057,"{""dropout"": 0.5, ""hidden_channels"": 16, ""learning_rate"": 0.01, ""momentum"": 0.0, ""weight_decay"": 0.0005}",feature_masking,0.05,0.049983745123537,2460,0.1428571428571428,0.066,0.091,0.0418513441029462,1.9443001747131348,23.213951799989445,1,200,results/v2/metadata/environment.json
v2_fixed_cora,c6cbaeb,2026-07-05T20:55:35.422145+00:00,Cora,fixed,training_time,SGD,43,1015728864,"{""dropout"": 0.5, ""hidden_channels"": 16, ""learning_rate"": 0.01, ""momentum"": 0.0, ""weight_decay"": 0.0005}",feature_masking,0.1,0.0999878088426527,4921,0.1428571428571428,0.124,0.133,0.0428786195134031,1.9450536966323853,13.644425656995736,2,200,results/v2/metadata/environment.json
v2_fixed_cora,c6cbaeb,2026-07-05T20:55:56.037810+00:00,Cora,fixed,training_time,SGD,43,1842502831,"{""dropout"": 0.5, ""hidden_channels"": 16, ""learning_rate"": 0.01, ""momentum"": 0.0, ""weight_decay"": 0.0005}",feature_masking,0.2,0.1999959362808842,9843,0.1428571428571428,0.06,0.067,0.0233646338553987,1.9446293115615845,18.98291352498927,10,200,results/v2/metadata/environment.json
v2_fixed_cora,c6cbaeb,2026-07-05T20:56:27.709073+00:00,Cora,fixed,training_time,SGD,43,991030781,"{""dropout"": 0.5, ""hidden_channels"": 16, ""learning_rate"": 0.01, ""momentum"": 0.0, ""weight_decay"": 0.0005}",feature_masking,0.3,0.299983745123537,14764,0.15,0.122,0.131,0.0365213032581453,1.944754719734192,31.069811096997,26,200,results/v2/metadata/environment.json
v2_fixed_cora,c6cbaeb,2026-07-05T20:56:35.439913+00:00,Cora,fixed,training_time,SGD,43,422482782,"{""dropout"": 0.5, ""hidden_channels"": 16, ""learning_rate"": 0.01, ""momentum"": 0.0, ""weight_decay"": 0.0005}",edge_removal,0.05,0.0498294808639636,263,0.1785714285714285,0.072,0.088,0.0470448188443746,1.9441434144973757,7.455716835014755,28,200,results/v2/metadata/environment.json
v2_fixed_cora,c6cbaeb,2026-07-05T20:56:42.749015+00:00,Cora,fixed,training_time,SGD,43,1157854845,"{""dropout"": 0.5, ""hidden_channels"": 16, ""learning_rate"": 0.01, ""momentum"": 0.0, ""weight_decay"": 0.0005}",edge_removal,0.1,0.0998484274346343,527,0.1642857142857142,0.104,0.122,0.072655630831261,1.943973422050476,7.0212327830086,9,200,results/v2/metadata/environment.json
v2_fixed_cora,c6cbaeb,2026-07-05T20:56:49.030575+00:00,Cora,fixed,training_time,SGD,43,2026531817,"{""dropout"": 0.5, ""hidden_channels"": 16, ""learning_rate"": 0.01, ""momentum"": 0.0, ""weight_decay"": 0.0005}",edge_removal,0.2,0.1998863205759757,1055,0.1642857142857142,0.142,0.118,0.0642300338277193,1.9436345100402832,6.001714050013106,197,200,results/v2/metadata/environment.json
v2_fixed_cora,c6cbaeb,2026-07-05T20:56:55.022385+00:00,Cora,fixed,training_time,SGD,43,550312744,"{""dropout"": 0.5, ""hidden_channels"": 16, ""learning_rate"": 0.01, ""momentum"": 0.0, ""weight_decay"": 0.0005}",edge_removal,0.3,0.2999242137173171,1583,0.1428571428571428,0.148,0.137,0.0585067176432381,1.9434043169021609,5.724095862999093,53,200,results/v2/metadata/environment.json
v2_fixed_cora,c6cbaeb,2026-07-05T20:57:15.237654+00:00,Cora,fixed,training_time,SGD,43,1061858055,"{""dropout"": 0.5, ""hidden_channels"": 16, ""learning_rate"": 0.01, ""momentum"": 0.0, ""weight_decay"": 0.0005}",fake_edge_addition,0.05,0.0498294808639636,263,0.1642857142857142,0.112,0.112,0.0446519267760271,1.944068431854248,4.887721450009849,200,200,results/v2/metadata/environment.json
v2_fixed_cora,c6cbaeb,2026-07-05T20:57:36.032011+00:00,Cora,fixed,training_time,SGD,43,1725850624,"{""dropout"": 0.5, ""hidden_channels"": 16, ""learning_rate"": 0.01, ""momentum"": 0.0, ""weight_decay"": 0.0005}",fake_edge_addition,0.1,0.0998484274346343,527,0.1714285714285714,0.152,0.165,0.0639677635018385,1.94454038143158,6.672110822983086,12,200,results/v2/metadata/environment.json
v2_fixed_cora,c6cbaeb,2026-07-05T20:57:55.767278+00:00,Cora,fixed,training_time,SGD,43,953943503,"{""dropout"": 0.5, ""hidden_channels"": 16, ""learning_rate"": 0.01, ""momentum"": 0.0, ""weight_decay"": 0.0005}",fake_edge_addition,0.2,0.1998863205759757,1055,0.1857142857142857,0.166,0.161,0.1029990851726504,1.9448307752609253,4.91327454400016,149,200,results/v2/metadata/environment.json
v2_fixed_cora,c6cbaeb,2026-07-05T20:58:14.606031+00:00,Cora,fixed,training_time,SGD,43,2048352547,"{""dropout"": 0.5, ""hidden_channels"": 16, ""learning_rate"": 0.01, ""momentum"": 0.0, ""weight_decay"": 0.0005}",fake_edge_addition,0.3,0.2999242137173171,1583,0.1428571428571428,0.072,0.092,0.0248532092969837,1.945113062858581,5.343230701982975,16,200,results/v2/metadata/environment.json
v2_fixed_cora,c6cbaeb,2026-07-05T20:58:21.966879+00:00,Cora,fixed,training_time,Adam,44,2070612509,"{""dropout"": 0.5, ""hidden_channels"": 16, ""learning_rate"": 0.01, ""momentum"": 0.0, ""weight_decay"": 0.0005}",clean,0.0,0.0,0,1.0,0.792,0.813,0.7991254676028358,0.3241431415081024,7.158442726999056,108,200,results/v2/metadata/environment.json
v2_fixed_cora,c6cbaeb,2026-07-05T20:58:27.735530+00:00,Cora,fixed,training_time,Adam,44,345103199,"{""dropout"": 0.5, ""hidden_channels"": 16, ""learning_rate"": 0.01, ""momentum"": 0.0, ""weight_decay"": 0.0005}",feature_masking,0.05,0.049983745123537,2460,1.0,0.774,0.792,0.786981415684561,0.3740652203559875,5.525875311985146,181,200,results/v2/metadata/environment.json
v2_fixed_cora,c6cbaeb,2026-07-05T20:58:33.526725+00:00,Cora,fixed,training_time,Adam,44,1458269189,"{""dropout"": 0.5, ""hidden_channels"": 16, ""learning_rate"": 0.01, ""momentum"": 0.0, ""weight_decay"": 0.0005}",feature_masking,0.1,0.0999878088426527,4921,0.9928571428571428,0.798,0.807,0.7991326228734604,0.3792864382266998,5.576136326999404,200,200,results/v2/metadata/environment.json
v2_fixed_cora,c6cbaeb,2026-07-05T20:58:39.519860+00:00,Cora,fixed,training_time,Adam,44,631442477,"{""dropout"": 0.5, ""hidden_channels"": 16, ""learning_rate"": 0.01, ""momentum"": 0.0, ""weight_decay"": 0.0005}",feature_masking,0.2,0.1999959362808842,9843,1.0,0.76,0.774,0.763251489254862,0.4144364595413208,5.765578291990096,121,200,results/v2/metadata/environment.json
v2_fixed_cora,c6cbaeb,2026-07-05T20:58:45.482675+00:00,Cora,fixed,training_time,Adam,44,1263227027,"{""dropout"": 0.5, ""hidden_channels"": 16, ""learning_rate"": 0.01, ""momentum"": 0.0, ""weight_decay"": 0.0005}",feature_masking,0.3,0.299983745123537,14764,0.9928571428571428,0.776,0.806,0.7934041810424592,0.4430443942546844,5.733678364980733,146,200,results/v2/metadata/environment.json
v2_fixed_cora,c6cbaeb,2026-07-05T20:58:51.646444+00:00,Cora,fixed,training_time,Adam,44,1350727412,"{""dropout"": 0.5, ""hidden_channels"": 16, ""learning_rate"": 0.01, ""momentum"": 0.0, ""weight_decay"": 0.0005}",edge_removal,0.05,0.0498294808639636,263,0.9928571428571428,0.78,0.817,0.809080980683676,0.3134923577308655,5.919914255006006,197,200,results/v2/metadata/environment.json
v2_fixed_cora,c6cbaeb,2026-07-05T20:58:58.365809+00:00,Cora,fixed,training_time,Adam,44,944078277,"{""dropout"": 0.5, ""hidden_channels"": 16, ""learning_rate"": 0.01, ""momentum"": 0.0, ""weight_decay"": 0.0005}",edge_removal,0.1,0.0998484274346343,527,1.0,0.774,0.798,0.7925638388809981,0.301470398902893,6.464123351004673,141,200,results/v2/metadata/environment.json
v2_fixed_cora,c6cbaeb,2026-07-05T20:59:06.191809+00:00,Cora,fixed,training_time,Adam,44,1582984846,"{""dropout"": 0.5, ""hidden_channels"": 16, ""learning_rate"": 0.01, ""momentum"": 0.0, ""weight_decay"": 0.0005}",edge_removal,0.2,0.1998863205759757,1055,1.0,0.752,0.772,0.7606837081692642,0.3223409056663513,7.562774274992989,145,200,results/v2/metadata/environment.json
v2_fixed_cora,c6cbaeb,2026-07-05T20:59:12.261219+00:00,Cora,fixed,training_time,Adam,44,1820502285,"{""dropout"": 0.5, ""hidden_channels"": 16, ""learning_rate"": 0.01, ""momentum"": 0.0, ""weight_decay"": 0.0005}",edge_removal,0.3,0.2999242137173171,1583,1.0,0.766,0.781,0.7686722254407066,0.3325895071029663,5.819614946987713,111,200,results/v2/metadata/environment.json
v2_fixed_cora,c6cbaeb,2026-07-05T20:59:33.023681+00:00,Cora,fixed,training_time,Adam,44,522495214,"{""dropout"": 0.5, ""hidden_channels"": 16, ""learning_rate"": 0.01, ""momentum"": 0.0, ""weight_decay"": 0.0005}",fake_edge_addition,0.05,0.0498294808639636,263,0.9928571428571428,0.784,0.792,0.7810913031801309,0.3880276083946228,5.675518137984909,111,200,results/v2/metadata/environment.json
v2_fixed_cora,c6cbaeb,2026-07-05T20:59:54.924156+00:00,Cora,fixed,training_time,Adam,44,778437211,"{""dropout"": 0.5, ""hidden_channels"": 16, ""learning_rate"": 0.01, ""momentum"": 0.0, ""weight_decay"": 0.0005}",fake_edge_addition,0.1,0.0998484274346343,527,1.0,0.764,0.79,0.7787921220432491,0.3134417533874511,5.862631535012042,140,200,results/v2/metadata/environment.json
v2_fixed_cora,c6cbaeb,2026-07-05T21:00:17.143528+00:00,Cora,fixed,training_time,Adam,44,1972599771,"{""dropout"": 0.5, ""hidden_channels"": 16, ""learning_rate"": 0.01, ""momentum"": 0.0, ""weight_decay"": 0.0005}",fake_edge_addition,0.2,0.1998863205759757,1055,0.9928571428571428,0.746,0.772,0.764732176125405,0.4045256674289703,6.744300201011356,82,200,results/v2/metadata/environment.json
v2_fixed_cora,c6cbaeb,2026-07-05T21:00:38.545404+00:00,Cora,fixed,training_time,Adam,44,2095187292,"{""dropout"": 0.5, ""hidden_channels"": 16, ""learning_rate"": 0.01, ""momentum"": 0.0, ""weight_decay"": 0.0005}",fake_edge_addition,0.3,0.2999242137173171,1583,0.9928571428571428,0.728,0.732,0.7268248623233892,0.4870519340038299,5.945421597018139,181,200,results/v2/metadata/environment.json
v2_fixed_cora,c6cbaeb,2026-07-05T21:00:44.982412+00:00,Cora,fixed,training_time,AdamW,44,1390657455,"{""dropout"": 0.5, ""hidden_channels"": 16, ""learning_rate"": 0.01, ""momentum"": 0.0, ""weight_decay"": 0.0005}",clean,0.0,0.0,0,1.0,0.784,0.787,0.7835405759880109,0.0455001182854175,6.216854668018641,81,200,results/v2/metadata/environment.json
v2_fixed_cora,c6cbaeb,2026-07-05T21:00:51.724261+00:00,Cora,fixed,training_time,AdamW,44,1667845918,"{""dropout"": 0.5, ""hidden_channels"": 16, ""learning_rate"": 0.01, ""momentum"": 0.0, ""weight_decay"": 0.0005}",feature_masking,0.05,0.049983745123537,2460,1.0,0.744,0.769,0.7625049741652711,0.0512825846672058,6.477830994990654,93,200,results/v2/metadata/environment.json
v2_fixed_cora,c6cbaeb,2026-07-05T21:00:59.795850+00:00,Cora,fixed,training_time,AdamW,44,636711266,"{""dropout"": 0.5, ""hidden_channels"": 16, ""learning_rate"": 0.01, ""momentum"": 0.0, ""weight_decay"": 0.0005}",feature_masking,0.1,0.0999878088426527,4921,1.0,0.756,0.775,0.7687608776528961,0.0551054216921329,7.807131101988489,70,200,results/v2/metadata/environment.json
v2_fixed_cora,c6cbaeb,2026-07-05T21:01:06.507845+00:00,Cora,fixed,training_time,AdamW,44,303954349,"{""dropout"": 0.5, ""hidden_channels"": 16, ""learning_rate"": 0.01, ""momentum"": 0.0, ""weight_decay"": 0.0005}",feature_masking,0.2,0.1999959362808842,9843,1.0,0.752,0.77,0.7612365171916082,0.0665801167488098,6.452652392006712,121,200,results/v2/metadata/environment.json
v2_fixed_cora,c6cbaeb,2026-07-05T21:01:13.013457+00:00,Cora,fixed,training_time,AdamW,44,380722004,"{""dropout"": 0.5, ""hidden_channels"": 16, ""learning_rate"": 0.01, ""momentum"": 0.0, ""weight_decay"": 0.0005}",feature_masking,0.3,0.299983745123537,14764,1.0,0.77,0.777,0.7618813487965223,0.0968495532870292,6.251242662983714,146,200,results/v2/metadata/environment.json
v2_fixed_cora,c6cbaeb,2026-07-05T21:01:19.772610+00:00,Cora,fixed,training_time,AdamW,44,1014692185,"{""dropout"": 0.5, ""hidden_channels"": 16, ""learning_rate"": 0.01, ""momentum"": 0.0, ""weight_decay"": 0.0005}",edge_removal,0.05,0.0498294808639636,263,1.0,0.788,0.779,0.7670845838723419,0.0832827165722847,6.480332100996748,91,200,results/v2/metadata/environment.json
v2_fixed_cora,c6cbaeb,2026-07-05T21:01:27.360168+00:00,Cora,fixed,training_time,AdamW,44,418636639,"{""dropout"": 0.5, ""hidden_channels"": 16, ""learning_rate"": 0.01, ""momentum"": 0.0, ""weight_decay"": 0.0005}",edge_removal,0.1,0.0998484274346343,527,1.0,0.766,0.774,0.7690503476288738,0.0632892623543739,7.313561567018041,74,200,results/v2/metadata/environment.json
v2_fixed_cora,c6cbaeb,2026-07-05T21:01:35.807056+00:00,Cora,fixed,training_time,AdamW,44,706096504,"{""dropout"": 0.5, ""hidden_channels"": 16, ""learning_rate"": 0.01, ""momentum"": 0.0, ""weight_decay"": 0.0005}",edge_removal,0.2,0.1998863205759757,1055,1.0,0.756,0.764,0.7553387762177416,0.0598922669887542,8.163210761995288,58,200,results/v2/metadata/environment.json
v2_fixed_cora,c6cbaeb,2026-07-05T21:01:42.413809+00:00,Cora,fixed,training_time,AdamW,44,1833766889,"{""dropout"": 0.5, ""hidden_channels"": 16, ""learning_rate"": 0.01, ""momentum"": 0.0, ""weight_decay"": 0.0005}",edge_removal,0.3,0.2999242137173171,1583,1.0,0.744,0.741,0.7275398158257225,0.0833121538162231,6.330203499004711,99,200,results/v2/metadata/environment.json
v2_fixed_cora,c6cbaeb,2026-07-05T21:02:03.789659+00:00,Cora,fixed,training_time,AdamW,44,1470216084,"{""dropout"": 0.5, ""hidden_channels"": 16, ""learning_rate"": 0.01, ""momentum"": 0.0, ""weight_decay"": 0.0005}",fake_edge_addition,0.05,0.0498294808639636,263,1.0,0.748,0.762,0.7533455146146429,0.0769021585583686,6.067949152988149,91,200,results/v2/metadata/environment.json
v2_fixed_cora,c6cbaeb,2026-07-05T21:02:30.645118+00:00,Cora,fixed,training_time,AdamW,44,443821790,"{""dropout"": 0.5, ""hidden_channels"": 16, ""learning_rate"": 0.01, ""momentum"": 0.0, ""weight_decay"": 0.0005}",fake_edge_addition,0.1,0.0998484274346343,527,1.0,0.748,0.755,0.7469352165328331,0.0603007711470127,10.812171096011298,40,200,results/v2/metadata/environment.json
v2_fixed_cora,c6cbaeb,2026-07-05T21:03:18.754129+00:00,Cora,fixed,training_time,AdamW,44,486253031,"{""dropout"": 0.5, ""hidden_channels"": 16, ""learning_rate"": 0.01, ""momentum"": 0.0, ""weight_decay"": 0.0005}",fake_edge_addition,0.2,0.1998863205759757,1055,1.0,0.732,0.734,0.7290826798583775,0.0598463751375675,17.896364203013945,65,200,results/v2/metadata/environment.json
v2_fixed_cora,c6cbaeb,2026-07-05T21:03:58.054524+00:00,Cora,fixed,training_time,AdamW,44,991203393,"{""dropout"": 0.5, ""hidden_channels"": 16, ""learning_rate"": 0.01, ""momentum"": 0.0, ""weight_decay"": 0.0005}",fake_edge_addition,0.3,0.2999242137173171,1583,1.0,0.732,0.732,0.721955201657526,0.0802857503294944,10.552702335000504,152,200,results/v2/metadata/environment.json
v2_fixed_cora,c6cbaeb,2026-07-05T21:04:21.125706+00:00,Cora,fixed,training_time,RMSProp,44,1880968939,"{""dropout"": 0.5, ""hidden_channels"": 16, ""learning_rate"": 0.01, ""momentum"": 0.0, ""weight_decay"": 0.0005}",clean,0.0,0.0,0,1.0,0.798,0.799,0.7902772843180166,0.3382817506790161,22.556156781007303,63,200,results/v2/metadata/environment.json
v2_fixed_cora,c6cbaeb,2026-07-05T21:04:38.208009+00:00,Cora,fixed,training_time,RMSProp,44,776688678,"{""dropout"": 0.5, ""hidden_channels"": 16, ""learning_rate"": 0.01, ""momentum"": 0.0, ""weight_decay"": 0.0005}",feature_masking,0.05,0.049983745123537,2460,1.0,0.794,0.808,0.7974677586093044,0.2742854952812195,16.07580729702022,25,200,results/v2/metadata/environment.json
v2_fixed_cora,c6cbaeb,2026-07-05T21:04:54.097531+00:00,Cora,fixed,training_time,RMSProp,44,420713439,"{""dropout"": 0.5, ""hidden_channels"": 16, ""learning_rate"": 0.01, ""momentum"": 0.0, ""weight_decay"": 0.0005}",feature_masking,0.1,0.0999878088426527,4921,0.9928571428571428,0.762,0.787,0.7763476349092443,0.4259002208709717,15.35107713600155,33,200,results/v2/metadata/environment.json
v2_fixed_cora,c6cbaeb,2026-07-05T21:05:14.875798+00:00,Cora,fixed,training_time,RMSProp,44,1375483361,"{""dropout"": 0.5, ""hidden_channels"": 16, ""learning_rate"": 0.01, ""momentum"": 0.0, ""weight_decay"": 0.0005}",feature_masking,0.2,0.1999959362808842,9843,0.9928571428571428,0.76,0.775,0.7680904293846593,0.4149723351001739,20.17900189801003,60,200,results/v2/metadata/environment.json
v2_fixed_cora,c6cbaeb,2026-07-05T21:05:27.830415+00:00,Cora,fixed,training_time,RMSProp,44,679750542,"{""dropout"": 0.5, ""hidden_channels"": 16, ""learning_rate"": 0.01, ""momentum"": 0.0, ""weight_decay"": 0.0005}",feature_masking,0.3,0.299983745123537,14764,0.9928571428571428,0.774,0.783,0.7687210558173756,0.5846595168113708,12.48380995800835,190,200,results/v2/metadata/environment.json
v2_fixed_cora,c6cbaeb,2026-07-05T21:05:40.368342+00:00,Cora,fixed,training_time,RMSProp,44,283038458,"{""dropout"": 0.5, ""hidden_channels"": 16, ""learning_rate"": 0.01, ""momentum"": 0.0, ""weight_decay"": 0.0005}",edge_removal,0.05,0.0498294808639636,263,1.0,0.784,0.803,0.7926742298023826,0.3209164440631866,11.99938100099098,177,200,results/v2/metadata/environment.json
v2_fixed_cora,c6cbaeb,2026-07-05T21:05:52.082673+00:00,Cora,fixed,training_time,RMSProp,44,200317317,"{""dropout"": 0.5, ""hidden_channels"": 16, ""learning_rate"": 0.01, ""momentum"": 0.0, ""weight_decay"": 0.0005}",edge_removal,0.1,0.0998484274346343,527,1.0,0.784,0.805,0.7913881763748981,0.2580936849117279,11.180980222008657,179,200,results/v2/metadata/environment.json
v2_fixed_cora,c6cbaeb,2026-07-05T21:06:14.163892+00:00,Cora,fixed,training_time,RMSProp,44,411405006,"{""dropout"": 0.5, ""hidden_channels"": 16, ""learning_rate"": 0.01, ""momentum"": 0.0, ""weight_decay"": 0.0005}",edge_removal,0.2,0.1998863205759757,1055,1.0,0.772,0.776,0.7622104279241307,0.2677262127399444,21.45270675799111,181,200,results/v2/metadata/environment.json
v2_fixed_cora,c6cbaeb,2026-07-05T21:06:27.103024+00:00,Cora,fixed,training_time,RMSProp,44,852985391,"{""dropout"": 0.5, ""hidden_channels"": 16, ""learning_rate"": 0.01, ""momentum"": 0.0, ""weight_decay"": 0.0005}",edge_removal,0.3,0.2999242137173171,1583,1.0,0.758,0.779,0.769615855626118,0.3783057928085327,12.43730448698625,54,200,results/v2/metadata/environment.json
v2_fixed_cora,c6cbaeb,2026-07-05T21:07:20.079562+00:00,Cora,fixed,training_time,RMSProp,44,965186278,"{""dropout"": 0.5, ""hidden_channels"": 16, ""learning_rate"": 0.01, ""momentum"": 0.0, ""weight_decay"": 0.0005}",fake_edge_addition,0.05,0.0498294808639636,263,1.0,0.766,0.791,0.7790380830165796,0.4542904794216156,18.23942528301268,166,200,results/v2/metadata/environment.json
v2_fixed_cora,c6cbaeb,2026-07-05T21:08:11.478304+00:00,Cora,fixed,training_time,RMSProp,44,1723478331,"{""dropout"": 0.5, ""hidden_channels"": 16, ""learning_rate"": 0.01, ""momentum"": 0.0, ""weight_decay"": 0.0005}",fake_edge_addition,0.1,0.0998484274346343,527,1.0,0.776,0.795,0.7869322900015064,0.3860864639282226,20.76975589399808,155,200,results/v2/metadata/environment.json
v2_fixed_cora,c6cbaeb,2026-07-05T21:09:11.474046+00:00,Cora,fixed,training_time,RMSProp,44,105422768,"{""dropout"": 0.5, ""hidden_channels"": 16, ""learning_rate"": 0.01, ""momentum"": 0.0, ""weight_decay"": 0.0005}",fake_edge_addition,0.2,0.1998863205759757,1055,1.0,0.752,0.773,0.762942818916937,0.4174492359161377,20.99339216199587,39,200,results/v2/metadata/environment.json
v2_fixed_cora,c6cbaeb,2026-07-05T21:10:10.500175+00:00,Cora,fixed,training_time,RMSProp,44,635115819,"{""dropout"": 0.5, ""hidden_channels"": 16, ""learning_rate"": 0.01, ""momentum"": 0.0, ""weight_decay"": 0.0005}",fake_edge_addition,0.3,0.2999242137173171,1583,0.9928571428571428,0.736,0.756,0.7459557102525304,0.4546656906604767,24.505016243987484,68,200,results/v2/metadata/environment.json
v2_fixed_cora,c6cbaeb,2026-07-05T21:10:29.210277+00:00,Cora,fixed,training_time,AdaGrad,44,709678197,"{""dropout"": 0.5, ""hidden_channels"": 16, ""learning_rate"": 0.01, ""momentum"": 0.0, ""weight_decay"": 0.0005}",clean,0.0,0.0,0,0.9357142857142856,0.762,0.795,0.7857033612876655,1.4005528688430786,18.25176813098369,178,200,results/v2/metadata/environment.json
v2_fixed_cora,c6cbaeb,2026-07-05T21:10:42.511253+00:00,Cora,fixed,training_time,AdaGrad,44,1676584744,"{""dropout"": 0.5, ""hidden_channels"": 16, ""learning_rate"": 0.01, ""momentum"": 0.0, ""weight_decay"": 0.0005}",feature_masking,0.05,0.049983745123537,2460,0.9571428571428572,0.764,0.774,0.7577349633275975,1.3977818489074707,12.703693062998354,170,200,results/v2/metadata/environment.json
v2_fixed_cora,c6cbaeb,2026-07-05T21:10:59.924650+00:00,Cora,fixed,training_time,AdaGrad,44,1739011013,"{""dropout"": 0.5, ""hidden_channels"": 16, ""learning_rate"": 0.01, ""momentum"": 0.0, ""weight_decay"": 0.0005}",feature_masking,0.1,0.0999878088426527,4921,0.95,0.734,0.754,0.7409707572924555,1.4644159078598022,16.93504293001024,200,200,results/v2/metadata/environment.json
v2_fixed_cora,c6cbaeb,2026-07-05T21:11:42.914737+00:00,Cora,fixed,training_time,AdaGrad,44,219973841,"{""dropout"": 0.5, ""hidden_channels"": 16, ""learning_rate"": 0.01, ""momentum"": 0.0, ""weight_decay"": 0.0005}",feature_masking,0.2,0.1999959362808842,9843,0.9714285714285714,0.682,0.721,0.7287402936477615,1.5433204174041748,42.05422349998844,69,200,results/v2/metadata/environment.json
v2_fixed_cora,c6cbaeb,2026-07-05T21:11:57.812447+00:00,Cora,fixed,training_time,AdaGrad,44,719364072,"{""dropout"": 0.5, ""hidden_channels"": 16, ""learning_rate"": 0.01, ""momentum"": 0.0, ""weight_decay"": 0.0005}",feature_masking,0.3,0.299983745123537,14764,0.9357142857142856,0.712,0.738,0.7232872072871166,1.528442144393921,14.253930437000236,198,200,results/v2/metadata/environment.json
v2_fixed_cora,c6cbaeb,2026-07-05T21:12:18.340196+00:00,Cora,fixed,training_time,AdaGrad,44,1991997386,"{""dropout"": 0.5, ""hidden_channels"": 16, ""learning_rate"": 0.01, ""momentum"": 0.0, ""weight_decay"": 0.0005}",edge_removal,0.05,0.0498294808639636,263,0.9642857142857144,0.724,0.756,0.7519659804746848,1.4060754776000977,19.909105419006664,182,200,results/v2/metadata/environment.json
v2_fixed_cora,c6cbaeb,2026-07-05T21:12:31.894980+00:00,Cora,fixed,training_time,AdaGrad,44,257868581,"{""dropout"": 0.5, ""hidden_channels"": 16, ""learning_rate"": 0.01, ""momentum"": 0.0, ""weight_decay"": 0.0005}",edge_removal,0.1,0.0998484274346343,527,0.9642857142857144,0.744,0.776,0.7671842812011116,1.4182449579238892,12.828685106011108,172,200,results/v2/metadata/environment.json
v2_fixed_cora,c6cbaeb,2026-07-05T21:13:04.206740+00:00,Cora,fixed,training_time,AdaGrad,44,1918756485,"{""dropout"": 0.5, ""hidden_channels"": 16, ""learning_rate"": 0.01, ""momentum"": 0.0, ""weight_decay"": 0.0005}",edge_removal,0.2,0.1998863205759757,1055,0.95,0.732,0.729,0.717802459557883,1.444537878036499,31.68504071299685,187,200,results/v2/metadata/environment.json
v2_fixed_cora,c6cbaeb,2026-07-05T21:13:21.304597+00:00,Cora,fixed,training_time,AdaGrad,44,904230884,"{""dropout"": 0.5, ""hidden_channels"": 16, ""learning_rate"": 0.01, ""momentum"": 0.0, ""weight_decay"": 0.0005}",edge_removal,0.3,0.2999242137173171,1583,0.9928571428571428,0.74,0.73,0.7275287441727327,1.4496405124664309,16.477321015991038,197,200,results/v2/metadata/environment.json
v2_fixed_cora,c6cbaeb,2026-07-05T21:14:14.700864+00:00,Cora,fixed,training_time,AdaGrad,44,1228768801,"{""dropout"": 0.5, ""hidden_channels"": 16, ""learning_rate"": 0.01, ""momentum"": 0.0, ""weight_decay"": 0.0005}",fake_edge_addition,0.05,0.0498294808639636,263,0.9857142857142858,0.762,0.77,0.7652419076475206,1.4521501064300537,23.130996751016937,114,200,results/v2/metadata/environment.json
v2_fixed_cora,c6cbaeb,2026-07-05T21:15:05.603823+00:00,Cora,fixed,training_time,AdaGrad,44,1029886672,"{""dropout"": 0.5, ""hidden_channels"": 16, ""learning_rate"": 0.01, ""momentum"": 0.0, ""weight_decay"": 0.0005}",fake_edge_addition,0.1,0.0998484274346343,527,0.9785714285714284,0.772,0.772,0.7593837996533412,1.445318341255188,13.276890339999229,167,200,results/v2/metadata/environment.json
v2_fixed_cora,c6cbaeb,2026-07-05T21:16:18.416752+00:00,Cora,fixed,training_time,AdaGrad,44,189352195,"{""dropout"": 0.5, ""hidden_channels"": 16, ""learning_rate"": 0.01, ""momentum"": 0.0, ""weight_decay"": 0.0005}",fake_edge_addition,0.2,0.1998863205759757,1055,0.9357142857142856,0.652,0.664,0.6537658670427339,1.5537924766540527,38.890516876010224,174,200,results/v2/metadata/environment.json
v2_fixed_cora,c6cbaeb,2026-07-05T21:17:09.442783+00:00,Cora,fixed,training_time,AdaGrad,44,1513977171,"{""dropout"": 0.5, ""hidden_channels"": 16, ""learning_rate"": 0.01, ""momentum"": 0.0, ""weight_decay"": 0.0005}",fake_edge_addition,0.3,0.2999242137173171,1583,0.9357142857142856,0.656,0.679,0.6791807418483687,1.6217719316482544,19.5893420749926,200,200,results/v2/metadata/environment.json
v2_fixed_cora,c6cbaeb,2026-07-05T21:17:48.851644+00:00,Cora,fixed,training_time,SGD,44,1292690751,"{""dropout"": 0.5, ""hidden_channels"": 16, ""learning_rate"": 0.01, ""momentum"": 0.0, ""weight_decay"": 0.0005}",clean,0.0,0.0,0,0.25,0.148,0.158,0.0867081524994833,1.9438273906707764,38.60019342499436,186,200,results/v2/metadata/environment.json
v2_fixed_cora,c6cbaeb,2026-07-05T21:18:12.442330+00:00,Cora,fixed,training_time,SGD,44,139523227,"{""dropout"": 0.5, ""hidden_channels"": 16, ""learning_rate"": 0.01, ""momentum"": 0.0, ""weight_decay"": 0.0005}",feature_masking,0.05,0.049983745123537,2460,0.1571428571428571,0.102,0.089,0.0642591849190018,1.945117235183716,22.666178561979905,1,200,results/v2/metadata/environment.json
v2_fixed_cora,c6cbaeb,2026-07-05T21:18:29.511599+00:00,Cora,fixed,training_time,SGD,44,420113086,"{""dropout"": 0.5, ""hidden_channels"": 16, ""learning_rate"": 0.01, ""momentum"": 0.0, ""weight_decay"": 0.0005}",feature_masking,0.1,0.0999878088426527,4921,0.1428571428571428,0.31,0.291,0.0695304343791324,1.9432111978530884,15.534230430988828,171,200,results/v2/metadata/environment.json
v2_fixed_cora,c6cbaeb,2026-07-05T21:19:06.679744+00:00,Cora,fixed,training_time,SGD,44,988524123,"{""dropout"": 0.5, ""hidden_channels"": 16, ""learning_rate"": 0.01, ""momentum"": 0.0, ""weight_decay"": 0.0005}",feature_masking,0.2,0.1999959362808842,9843,0.1642857142857142,0.144,0.162,0.1015624033224849,1.9455971717834477,36.18025557498913,172,200,results/v2/metadata/environment.json
v2_fixed_cora,c6cbaeb,2026-07-05T21:19:23.100214+00:00,Cora,fixed,training_time,SGD,44,68170922,"{""dropout"": 0.5, ""hidden_channels"": 16, ""learning_rate"": 0.01, ""momentum"": 0.0, ""weight_decay"": 0.0005}",feature_masking,0.3,0.299983745123537,14764,0.1642857142857142,0.168,0.165,0.0710130545337918,1.9450125694274905,15.736419959983325,11,200,results/v2/metadata/environment.json
v2_fixed_cora,c6cbaeb,2026-07-05T21:19:40.144219+00:00,Cora,fixed,training_time,SGD,44,348431444,"{""dropout"": 0.5, ""hidden_channels"": 16, ""learning_rate"": 0.01, ""momentum"": 0.0, ""weight_decay"": 0.0005}",edge_removal,0.05,0.0498294808639636,263,0.1785714285714285,0.118,0.135,0.0892602546560662,1.9437092542648315,16.32052485301392,1,200,results/v2/metadata/environment.json
v2_fixed_cora,c6cbaeb,2026-07-05T21:19:55.335999+00:00,Cora,fixed,training_time,SGD,44,613004990,"{""dropout"": 0.5, ""hidden_channels"": 16, ""learning_rate"": 0.01, ""momentum"": 0.0, ""weight_decay"": 0.0005}",edge_removal,0.1,0.0998484274346343,527,0.1642857142857142,0.13,0.135,0.0471701975012334,1.944609522819519,14.476398900995264,43,200,results/v2/metadata/environment.json
v2_fixed_cora,c6cbaeb,2026-07-05T21:20:31.494728+00:00,Cora,fixed,training_time,SGD,44,1293873285,"{""dropout"": 0.5, ""hidden_channels"": 16, ""learning_rate"": 0.01, ""momentum"": 0.0, ""weight_decay"": 0.0005}",edge_removal,0.2,0.1998863205759757,1055,0.1928571428571428,0.146,0.143,0.078895035581261,1.944633960723877,35.306198728998424,192,200,results/v2/metadata/environment.json
v2_fixed_cora,c6cbaeb,2026-07-05T21:20:48.199063+00:00,Cora,fixed,training_time,SGD,44,1259075831,"{""dropout"": 0.5, ""hidden_channels"": 16, ""learning_rate"": 0.01, ""momentum"": 0.0, ""weight_decay"": 0.0005}",edge_removal,0.3,0.2999242137173171,1583,0.2142857142857142,0.288,0.301,0.0968490854333099,1.943431735038757,15.925307855010033,7,200,results/v2/metadata/environment.json
v2_fixed_cora,c6cbaeb,2026-07-05T21:21:31.527288+00:00,Cora,fixed,training_time,SGD,44,585130525,"{""dropout"": 0.5, ""hidden_channels"": 16, ""learning_rate"": 0.01, ""momentum"": 0.0, ""weight_decay"": 0.0005}",fake_edge_addition,0.05,0.0498294808639636,263,0.1642857142857142,0.104,0.113,0.0555685663251985,1.9445968866348269,11.97361520800041,1,200,results/v2/metadata/environment.json
v2_fixed_cora,c6cbaeb,2026-07-05T21:22:29.557346+00:00,Cora,fixed,training_time,SGD,44,1651152963,"{""dropout"": 0.5, ""hidden_channels"": 16, ""learning_rate"": 0.01, ""momentum"": 0.0, ""weight_decay"": 0.0005}",fake_edge_addition,0.1,0.0998484274346343,527,0.1642857142857142,0.15,0.143,0.0595068584578678,1.9450023174285889,15.84369843598688,135,200,results/v2/metadata/environment.json
v2_fixed_cora,c6cbaeb,2026-07-05T21:23:35.310693+00:00,Cora,fixed,training_time,SGD,44,83874871,"{""dropout"": 0.5, ""hidden_channels"": 16, ""learning_rate"": 0.01, ""momentum"": 0.0, ""weight_decay"": 0.0005}",fake_edge_addition,0.2,0.1998863205759757,1055,0.1857142857142857,0.13,0.148,0.0769432322063901,1.9430683851242063,32.07352953997906,15,200,results/v2/metadata/environment.json
v2_fixed_cora,c6cbaeb,2026-07-05T21:24:22.251665+00:00,Cora,fixed,training_time,SGD,44,2068908086,"{""dropout"": 0.5, ""hidden_channels"": 16, ""learning_rate"": 0.01, ""momentum"": 0.0, ""weight_decay"": 0.0005}",fake_edge_addition,0.3,0.2999242137173171,1583,0.1857142857142857,0.138,0.141,0.0648419027673424,1.944273591041565,12.266115041013109,128,200,results/v2/metadata/environment.json
v2_fixed_cora,c6cbaeb,2026-07-05T21:24:53.350308+00:00,Cora,fixed,training_time,Adam,45,2029043012,"{""dropout"": 0.5, ""hidden_channels"": 16, ""learning_rate"": 0.01, ""momentum"": 0.0, ""weight_decay"": 0.0005}",clean,0.0,0.0,0,1.0,0.79,0.81,0.7980799905995583,0.4034530222415924,30.41013767599361,135,200,results/v2/metadata/environment.json
v2_fixed_cora,c6cbaeb,2026-07-05T21:25:11.894546+00:00,Cora,fixed,training_time,Adam,45,374862708,"{""dropout"": 0.5, ""hidden_channels"": 16, ""learning_rate"": 0.01, ""momentum"": 0.0, ""weight_decay"": 0.0005}",feature_masking,0.05,0.049983745123537,2460,0.9857142857142858,0.786,0.795,0.7798977395762828,0.4775227010250091,17.752225165982964,119,200,results/v2/metadata/environment.json
v2_fixed_cora,c6cbaeb,2026-07-05T21:25:25.599909+00:00,Cora,fixed,training_time,Adam,45,1187633257,"{""dropout"": 0.5, ""hidden_channels"": 16, ""learning_rate"": 0.01, ""momentum"": 0.0, ""weight_decay"": 0.0005}",feature_masking,0.1,0.0999878088426527,4921,0.9928571428571428,0.756,0.78,0.77580484596959,0.388536274433136,13.24456249299692,190,200,results/v2/metadata/environment.json
v2_fixed_cora,c6cbaeb,2026-07-05T21:25:37.437439+00:00,Cora,fixed,training_time,Adam,45,1851382881,"{""dropout"": 0.5, ""hidden_channels"": 16, ""learning_rate"": 0.01, ""momentum"": 0.0, ""weight_decay"": 0.0005}",feature_masking,0.2,0.1999959362808842,9843,1.0,0.778,0.784,0.7710963409230331,0.3708058893680572,11.318838620005408,132,200,results/v2/metadata/environment.json
v2_fixed_cora,c6cbaeb,2026-07-05T21:25:46.933742+00:00,Cora,fixed,training_time,Adam,45,861721666,"{""dropout"": 0.5, ""hidden_channels"": 16, ""learning_rate"": 0.01, ""momentum"": 0.0, ""weight_decay"": 0.0005}",feature_masking,0.3,0.299983745123537,14764,0.9857142857142858,0.776,0.795,0.7857689487674814,0.4155876338481903,9.039295204012888,191,200,results/v2/metadata/environment.json
v2_fixed_cora,c6cbaeb,2026-07-05T21:25:59.687851+00:00,Cora,fixed,training_time,Adam,45,1526589526,"{""dropout"": 0.5, ""hidden_channels"": 16, ""learning_rate"": 0.01, ""momentum"": 0.0, ""weight_decay"": 0.0005}",edge_removal,0.05,0.0498294808639636,263,0.9928571428571428,0.79,0.797,0.7877694913256518,0.3150262832641601,12.26135835199966,118,200,results/v2/metadata/environment.json
v2_fixed_cora,c6cbaeb,2026-07-05T21:26:19.172555+00:00,Cora,fixed,training_time,Adam,45,1510115445,"{""dropout"": 0.5, ""hidden_channels"": 16, ""learning_rate"": 0.01, ""momentum"": 0.0, ""weight_decay"": 0.0005}",edge_removal,0.1,0.0998484274346343,527,1.0,0.788,0.793,0.7795701601927293,0.3223837018013,18.882042807992548,172,200,results/v2/metadata/environment.json
v2_fixed_cora,c6cbaeb,2026-07-05T21:26:29.589432+00:00,Cora,fixed,training_time,Adam,45,1023902573,"{""dropout"": 0.5, ""hidden_channels"": 16, ""learning_rate"": 0.01, ""momentum"": 0.0, ""weight_decay"": 0.0005}",edge_removal,0.2,0.1998863205759757,1055,1.0,0.772,0.776,0.7596641778851672,0.3255321979522705,9.869458442000903,100,200,results/v2/metadata/environment.json
v2_fixed_cora,c6cbaeb,2026-07-05T21:26:41.567022+00:00,Cora,fixed,training_time,Adam,45,1746422404,"{""dropout"": 0.5, ""hidden_channels"": 16, ""learning_rate"": 0.01, ""momentum"": 0.0, ""weight_decay"": 0.0005}",edge_removal,0.3,0.2999242137173171,1583,1.0,0.766,0.768,0.7586997269991287,0.2809300124645233,11.52539982899907,91,200,results/v2/metadata/environment.json
v2_fixed_cora,c6cbaeb,2026-07-05T21:27:22.619267+00:00,Cora,fixed,training_time,Adam,45,2012568638,"{""dropout"": 0.5, ""hidden_channels"": 16, ""learning_rate"": 0.01, ""momentum"": 0.0, ""weight_decay"": 0.0005}",fake_edge_addition,0.05,0.0498294808639636,263,1.0,0.79,0.796,0.7851486881856241,0.3736254274845123,9.659761342016282,93,200,results/v2/metadata/environment.json
v2_fixed_cora,c6cbaeb,2026-07-05T21:28:18.500247+00:00,Cora,fixed,training_time,Adam,45,1487317440,"{""dropout"": 0.5, ""hidden_channels"": 16, ""learning_rate"": 0.01, ""momentum"": 0.0, ""weight_decay"": 0.0005}",fake_edge_addition,0.1,0.0998484274346343,527,1.0,0.77,0.787,0.7788368424103869,0.4140200912952423,17.01456710000639,179,200,results/v2/metadata/environment.json
v2_fixed_cora,c6cbaeb,2026-07-05T21:29:23.693965+00:00,Cora,fixed,training_time,Adam,45,343863078,"{""dropout"": 0.5, ""hidden_channels"": 16, ""learning_rate"": 0.01, ""momentum"": 0.0, ""weight_decay"": 0.0005}",fake_edge_addition,0.2,0.1998863205759757,1055,1.0,0.76,0.771,0.7599527855230013,0.4040518403053283,29.64146990000154,122,200,results/v2/metadata/environment.json
v2_fixed_cora,c6cbaeb,2026-07-05T21:30:28.498264+00:00,Cora,fixed,training_time,Adam,45,1331569552,"{""dropout"": 0.5, ""hidden_channels"": 16, ""learning_rate"": 0.01, ""momentum"": 0.0, ""weight_decay"": 0.0005}",fake_edge_addition,0.3,0.2999242137173171,1583,0.9928571428571428,0.75,0.757,0.7431256802424357,0.4889780879020691,32.56078268299461,192,200,results/v2/metadata/environment.json
v2_fixed_cora,c6cbaeb,2026-07-05T21:30:54.678848+00:00,Cora,fixed,training_time,AdamW,45,2065125692,"{""dropout"": 0.5, ""hidden_channels"": 16, ""learning_rate"": 0.01, ""momentum"": 0.0, ""weight_decay"": 0.0005}",clean,0.0,0.0,0,1.0,0.778,0.779,0.7710974474052653,0.059201281517744,25.487212014006214,175,200,results/v2/metadata/environment.json
v2_fixed_cora,c6cbaeb,2026-07-05T21:31:26.545068+00:00,Cora,fixed,training_time,AdamW,45,1251778488,"{""dropout"": 0.5, ""hidden_channels"": 16, ""learning_rate"": 0.01, ""momentum"": 0.0, ""weight_decay"": 0.0005}",feature_masking,0.05,0.049983745123537,2460,1.0,0.778,0.772,0.7719920291082458,0.0658556967973709,30.82297058598488,89,200,results/v2/metadata/environment.json
v2_fixed_cora,c6cbaeb,2026-07-05T21:32:22.606920+00:00,Cora,fixed,training_time,AdamW,45,1391780483,"{""dropout"": 0.5, ""hidden_channels"": 16, ""learning_rate"": 0.01, ""momentum"": 0.0, ""weight_decay"": 0.0005}",feature_masking,0.1,0.0999878088426527,4921,1.0,0.778,0.77,0.7605730001287359,0.0569734871387481,55.27129956398858,103,200,results/v2/metadata/environment.json
v2_fixed_cora,c6cbaeb,2026-07-05T21:34:11.087238+00:00,Cora,fixed,training_time,AdamW,45,449659986,"{""dropout"": 0.5, ""hidden_channels"": 16, ""learning_rate"": 0.01, ""momentum"": 0.0, ""weight_decay"": 0.0005}",feature_masking,0.2,0.1999959362808842,9843,1.0,0.77,0.795,0.7872562256411122,0.072286769747734,107.12139699797262,172,200,results/v2/metadata/environment.json
v2_fixed_cora,c6cbaeb,2026-07-05T21:35:28.094833+00:00,Cora,fixed,training_time,AdamW,45,303429012,"{""dropout"": 0.5, ""hidden_channels"": 16, ""learning_rate"": 0.01, ""momentum"": 0.0, ""weight_decay"": 0.0005}",feature_masking,0.3,0.299983745123537,14764,1.0,0.752,0.779,0.7717834520659247,0.0846082121133804,75.85710935099632,141,200,results/v2/metadata/environment.json
v2_fixed_cora,c6cbaeb,2026-07-05T21:36:47.530075+00:00,Cora,fixed,training_time,AdamW,45,1541305587,"{""dropout"": 0.5, ""hidden_channels"": 16, ""learning_rate"": 0.01, ""momentum"": 0.0, ""weight_decay"": 0.0005}",edge_removal,0.05,0.0498294808639636,263,1.0,0.754,0.757,0.7582707797695113,0.050765011459589,78.54983048400027,136,200,results/v2/metadata/environment.json
v2_fixed_cora,c6cbaeb,2026-07-05T21:42:50.386172+00:00,Cora,fixed,training_time,AdamW,45,1256155715,"{""dropout"": 0.5, ""hidden_channels"": 16, ""learning_rate"": 0.01, ""momentum"": 0.0, ""weight_decay"": 0.0005}",edge_removal,0.1,0.0998484274346343,527,1.0,0.76,0.77,0.7682536444427506,0.0615044720470905,359.182097752986,90,200,results/v2/metadata/environment.json
v2_fixed_cora,c6cbaeb,2026-07-05T21:48:21.898210+00:00,Cora,fixed,training_time,AdamW,45,2108958842,"{""dropout"": 0.5, ""hidden_channels"": 16, ""learning_rate"": 0.01, ""momentum"": 0.0, ""weight_decay"": 0.0005}",edge_removal,0.2,0.1998863205759757,1055,1.0,0.758,0.763,0.7533716486054695,0.059693556278944,325.73770764798974,138,200,results/v2/metadata/environment.json
v2_fixed_cora,c6cbaeb,2026-07-05T21:54:21.205895+00:00,Cora,fixed,training_time,AdamW,45,154338299,"{""dropout"": 0.5, ""hidden_channels"": 16, ""learning_rate"": 0.01, ""momentum"": 0.0, ""weight_decay"": 0.0005}",edge_removal,0.3,0.2999242137173171,1583,1.0,0.756,0.746,0.7374917015915398,0.0620850026607513,353.4374536249961,112,200,results/v2/metadata/environment.json
v2_fixed_cora,c6cbaeb,2026-07-05T22:06:06.467912+00:00,Cora,fixed,training_time,AdamW,45,1151681283,"{""dropout"": 0.5, ""hidden_channels"": 16, ""learning_rate"": 0.01, ""momentum"": 0.0, ""weight_decay"": 0.0005}",fake_edge_addition,0.05,0.0498294808639636,263,1.0,0.746,0.756,0.7530246989302795,0.0523086227476596,437.3014527199848,129,200,results/v2/metadata/environment.json
v2_fixed_cora,c6cbaeb,2026-07-05T22:11:11.628738+00:00,Cora,fixed,training_time,AdamW,45,1573060711,"{""dropout"": 0.5, ""hidden_channels"": 16, ""learning_rate"": 0.01, ""momentum"": 0.0, ""weight_decay"": 0.0005}",fake_edge_addition,0.1,0.0998484274346343,527,1.0,0.74,0.775,0.764023225727228,0.0564726814627647,161.98504681701888,82,200,results/v2/metadata/environment.json
v2_fixed_cora,c6cbaeb,2026-07-05T22:13:12.032260+00:00,Cora,fixed,training_time,AdamW,45,1364309720,"{""dropout"": 0.5, ""hidden_channels"": 16, ""learning_rate"": 0.01, ""momentum"": 0.0, ""weight_decay"": 0.0005}",fake_edge_addition,0.2,0.1998863205759757,1055,1.0,0.73,0.709,0.6922043152943332,0.0814655423164367,53.73301044397522,57,200,results/v2/metadata/environment.json
v2_fixed_cora,c6cbaeb,2026-07-05T22:15:41.580207+00:00,Cora,fixed,training_time,AdamW,45,1571349101,"{""dropout"": 0.5, ""hidden_channels"": 16, ""learning_rate"": 0.01, ""momentum"": 0.0, ""weight_decay"": 0.0005}",fake_edge_addition,0.3,0.2999242137173171,1583,1.0,0.682,0.721,0.710177778859367,0.0763401687145233,67.64759407000383,66,200,results/v2/metadata/environment.json
v2_fixed_cora,c6cbaeb,2026-07-05T22:17:19.322816+00:00,Cora,fixed,training_time,RMSProp,45,2127280492,"{""dropout"": 0.5, ""hidden_channels"": 16, ""learning_rate"": 0.01, ""momentum"": 0.0, ""weight_decay"": 0.0005}",clean,0.0,0.0,0,1.0,0.794,0.818,0.8060586452618682,0.3445146679878235,96.64387847101898,54,200,results/v2/metadata/environment.json
v2_fixed_cora,c6cbaeb,2026-07-05T22:18:28.431540+00:00,Cora,fixed,training_time,RMSProp,45,688125335,"{""dropout"": 0.5, ""hidden_channels"": 16, ""learning_rate"": 0.01, ""momentum"": 0.0, ""weight_decay"": 0.0005}",feature_masking,0.05,0.049983745123537,2460,1.0,0.794,0.807,0.7953543200285891,0.2924416363239288,67.7587426060054,136,200,results/v2/metadata/environment.json
v2_fixed_cora,c6cbaeb,2026-07-05T22:19:37.701136+00:00,Cora,fixed,training_time,RMSProp,45,1355417685,"{""dropout"": 0.5, ""hidden_channels"": 16, ""learning_rate"": 0.01, ""momentum"": 0.0, ""weight_decay"": 0.0005}",feature_masking,0.1,0.0999878088426527,4921,0.9928571428571428,0.774,0.792,0.7859366740730485,0.4099590182304382,66.8065185600135,164,200,results/v2/metadata/environment.json
v2_fixed_cora,c6cbaeb,2026-07-05T22:19:56.535933+00:00,Cora,fixed,training_time,RMSProp,45,577272885,"{""dropout"": 0.5, ""hidden_channels"": 16, ""learning_rate"": 0.01, ""momentum"": 0.0, ""weight_decay"": 0.0005}",feature_masking,0.2,0.1999959362808842,9843,1.0,0.78,0.809,0.7997636323323334,0.371815025806427,17.83207244100049,46,200,results/v2/metadata/environment.json
v2_fixed_cora,c6cbaeb,2026-07-05T22:20:18.297213+00:00,Cora,fixed,training_time,RMSProp,45,410547086,"{""dropout"": 0.5, ""hidden_channels"": 16, ""learning_rate"": 0.01, ""momentum"": 0.0, ""weight_decay"": 0.0005}",feature_masking,0.3,0.299983745123537,14764,1.0,0.77,0.804,0.7877921530985583,0.3824434280395508,21.17354534502374,30,200,results/v2/metadata/environment.json
v2_fixed_cora,c6cbaeb,2026-07-05T22:20:30.499155+00:00,Cora,fixed,training_time,RMSProp,45,1391139151,"{""dropout"": 0.5, ""hidden_channels"": 16, ""learning_rate"": 0.01, ""momentum"": 0.0, ""weight_decay"": 0.0005}",edge_removal,0.05,0.0498294808639636,263,1.0,0.786,0.788,0.7772354421773624,0.3157564401626587,11.694201944977976,29,200,results/v2/metadata/environment.json
v2_fixed_cora,c6cbaeb,2026-07-05T22:20:44.299786+00:00,Cora,fixed,training_time,RMSProp,45,1908448468,"{""dropout"": 0.5, ""hidden_channels"": 16, ""learning_rate"": 0.01, ""momentum"": 0.0, ""weight_decay"": 0.0005}",edge_removal,0.1,0.0998484274346343,527,1.0,0.794,0.803,0.7939483895250795,0.3290348947048187,13.162180534010986,31,200,results/v2/metadata/environment.json
v2_fixed_cora,c6cbaeb,2026-07-05T22:20:59.799270+00:00,Cora,fixed,training_time,RMSProp,45,1994456832,"{""dropout"": 0.5, ""hidden_channels"": 16, ""learning_rate"": 0.01, ""momentum"": 0.0, ""weight_decay"": 0.0005}",edge_removal,0.2,0.1998863205759757,1055,0.9928571428571428,0.762,0.778,0.7745358868316875,0.4547699093818664,14.921430482005237,164,200,results/v2/metadata/environment.json
v2_fixed_cora,c6cbaeb,2026-07-05T22:21:21.691576+00:00,Cora,fixed,training_time,RMSProp,45,2064056277,"{""dropout"": 0.5, ""hidden_channels"": 16, ""learning_rate"": 0.01, ""momentum"": 0.0, ""weight_decay"": 0.0005}",edge_removal,0.3,0.2999242137173171,1583,1.0,0.776,0.782,0.7724781698568808,0.3053282797336578,20.993406330002472,77,200,results/v2/metadata/environment.json
v2_fixed_cora,c6cbaeb,2026-07-05T22:21:57.241674+00:00,Cora,fixed,training_time,RMSProp,45,2146968598,"{""dropout"": 0.5, ""hidden_channels"": 16, ""learning_rate"": 0.01, ""momentum"": 0.0, ""weight_decay"": 0.0005}",fake_edge_addition,0.05,0.0498294808639636,263,0.9928571428571428,0.772,0.792,0.7847228615928549,0.5966570377349854,11.19461204102845,155,200,results/v2/metadata/environment.json
v2_fixed_cora,c6cbaeb,2026-07-05T22:22:33.962949+00:00,Cora,fixed,training_time,RMSProp,45,593951552,"{""dropout"": 0.5, ""hidden_channels"": 16, ""learning_rate"": 0.01, ""momentum"": 0.0, ""weight_decay"": 0.0005}",fake_edge_addition,0.1,0.0998484274346343,527,1.0,0.774,0.791,0.7798966591646559,0.3376829028129577,10.4053973639966,151,200,results/v2/metadata/environment.json
v2_fixed_cora,c6cbaeb,2026-07-05T22:23:16.010604+00:00,Cora,fixed,training_time,RMSProp,45,297416806,"{""dropout"": 0.5, ""hidden_channels"": 16, ""learning_rate"": 0.01, ""momentum"": 0.0, ""weight_decay"": 0.0005}",fake_edge_addition,0.2,0.1998863205759757,1055,1.0,0.752,0.784,0.7746264934205074,0.4291888177394867,11.24281948400312,109,200,results/v2/metadata/environment.json
v2_fixed_cora,c6cbaeb,2026-07-05T22:23:49.007868+00:00,Cora,fixed,training_time,RMSProp,45,470465420,"{""dropout"": 0.5, ""hidden_channels"": 16, ""learning_rate"": 0.01, ""momentum"": 0.0, ""weight_decay"": 0.0005}",fake_edge_addition,0.3,0.2999242137173171,1583,1.0,0.744,0.761,0.7493312270112612,0.4463450312614441,10.51268205899396,118,200,results/v2/metadata/environment.json
v2_fixed_cora,c6cbaeb,2026-07-05T22:23:58.087012+00:00,Cora,fixed,training_time,AdaGrad,45,923389568,"{""dropout"": 0.5, ""hidden_channels"": 16, ""learning_rate"": 0.01, ""momentum"": 0.0, ""weight_decay"": 0.0005}",clean,0.0,0.0,0,0.95,0.754,0.779,0.7718598888251129,1.4135799407958984,8.703723395999987,50,200,results/v2/metadata/environment.json
v2_fixed_cora,c6cbaeb,2026-07-05T22:24:16.775988+00:00,Cora,fixed,training_time,AdaGrad,45,172758409,"{""dropout"": 0.5, ""hidden_channels"": 16, ""learning_rate"": 0.01, ""momentum"": 0.0, ""weight_decay"": 0.0005}",feature_masking,0.05,0.049983745123537,2460,0.9928571428571428,0.75,0.768,0.7596385172861996,1.4303213357925415,17.934932367003057,19,200,results/v2/metadata/environment.json
v2_fixed_cora,c6cbaeb,2026-07-05T22:24:26.015817+00:00,Cora,fixed,training_time,AdaGrad,45,1017584006,"{""dropout"": 0.5, ""hidden_channels"": 16, ""learning_rate"": 0.01, ""momentum"": 0.0, ""weight_decay"": 0.0005}",feature_masking,0.1,0.0999878088426527,4921,0.9642857142857144,0.766,0.786,0.7711076588319009,1.454714298248291,8.638557325000875,173,200,results/v2/metadata/environment.json
v2_fixed_cora,c6cbaeb,2026-07-05T22:24:34.322285+00:00,Cora,fixed,training_time,AdaGrad,45,1847292077,"{""dropout"": 0.5, ""hidden_channels"": 16, ""learning_rate"": 0.01, ""momentum"": 0.0, ""weight_decay"": 0.0005}",feature_masking,0.2,0.1999959362808842,9843,0.9642857142857144,0.736,0.757,0.742128379104723,1.508285403251648,7.84770360699622,19,200,results/v2/metadata/environment.json
v2_fixed_cora,c6cbaeb,2026-07-05T22:24:44.174441+00:00,Cora,fixed,training_time,AdaGrad,45,1658332615,"{""dropout"": 0.5, ""hidden_channels"": 16, ""learning_rate"": 0.01, ""momentum"": 0.0, ""weight_decay"": 0.0005}",feature_masking,0.3,0.299983745123537,14764,0.9285714285714286,0.7,0.748,0.7330416078870964,1.5768015384674072,9.297922800993549,132,200,results/v2/metadata/environment.json
v2_fixed_cora,c6cbaeb,2026-07-05T22:24:52.891230+00:00,Cora,fixed,training_time,AdaGrad,45,2012377936,"{""dropout"": 0.5, ""hidden_channels"": 16, ""learning_rate"": 0.01, ""momentum"": 0.0, ""weight_decay"": 0.0005}",edge_removal,0.05,0.0498294808639636,263,0.9357142857142856,0.708,0.724,0.7187410380102863,1.455283761024475,8.27702109600068,196,200,results/v2/metadata/environment.json
v2_fixed_cora,c6cbaeb,2026-07-05T22:25:01.116934+00:00,Cora,fixed,training_time,AdaGrad,45,1992006903,"{""dropout"": 0.5, ""hidden_channels"": 16, ""learning_rate"": 0.01, ""momentum"": 0.0, ""weight_decay"": 0.0005}",edge_removal,0.1,0.0998484274346343,527,0.9285714285714286,0.728,0.726,0.728651280698715,1.3670952320098877,7.744265357992845,196,200,results/v2/metadata/environment.json
v2_fixed_cora,c6cbaeb,2026-07-05T22:25:09.300836+00:00,Cora,fixed,training_time,AdaGrad,45,1674393740,"{""dropout"": 0.5, ""hidden_channels"": 16, ""learning_rate"": 0.01, ""momentum"": 0.0, ""weight_decay"": 0.0005}",edge_removal,0.2,0.1998863205759757,1055,0.9785714285714284,0.728,0.742,0.7356144043857883,1.3916162252426147,7.677045394986635,192,200,results/v2/metadata/environment.json
v2_fixed_cora,c6cbaeb,2026-07-05T22:25:16.303468+00:00,Cora,fixed,training_time,AdaGrad,45,1216865416,"{""dropout"": 0.5, ""hidden_channels"": 16, ""learning_rate"": 0.01, ""momentum"": 0.0, ""weight_decay"": 0.0005}",edge_removal,0.3,0.2999242137173171,1583,0.9642857142857144,0.746,0.765,0.7474839439226536,1.4281049966812134,6.652444920997368,131,200,results/v2/metadata/environment.json
v2_fixed_cora,c6cbaeb,2026-07-05T22:25:45.968700+00:00,Cora,fixed,training_time,AdaGrad,45,1910049146,"{""dropout"": 0.5, ""hidden_channels"": 16, ""learning_rate"": 0.01, ""momentum"": 0.0, ""weight_decay"": 0.0005}",fake_edge_addition,0.05,0.0498294808639636,263,0.95,0.684,0.7,0.6995855943154758,1.4461525678634644,11.273793428990755,152,200,results/v2/metadata/environment.json
v2_fixed_cora,c6cbaeb,2026-07-05T22:26:00.098826+00:00,Cora,fixed,training_time,AdaGrad,45,564844587,"{""dropout"": 0.5, ""hidden_channels"": 16, ""learning_rate"": 0.01, ""momentum"": 0.0, ""weight_decay"": 0.0005}",fake_edge_addition,0.1,0.0998484274346343,527,0.9571428571428572,0.738,0.77,0.758457559852396,1.471806883811951,4.031117370002903,25,200,results/v2/metadata/environment.json
v2_fixed_cora,c6cbaeb,2026-07-05T22:26:13.047730+00:00,Cora,fixed,training_time,AdaGrad,45,557544622,"{""dropout"": 0.5, ""hidden_channels"": 16, ""learning_rate"": 0.01, ""momentum"": 0.0, ""weight_decay"": 0.0005}",fake_edge_addition,0.2,0.1998863205759757,1055,0.9642857142857144,0.716,0.735,0.7277872186393468,1.558786392211914,3.2190889079938643,162,200,results/v2/metadata/environment.json
v2_fixed_cora,c6cbaeb,2026-07-05T22:26:25.831614+00:00,Cora,fixed,training_time,AdaGrad,45,2130215805,"{""dropout"": 0.5, ""hidden_channels"": 16, ""learning_rate"": 0.01, ""momentum"": 0.0, ""weight_decay"": 0.0005}",fake_edge_addition,0.3,0.2999242137173171,1583,0.9142857142857144,0.642,0.613,0.6242451334019485,1.6704984903335571,3.4864792599983048,190,200,results/v2/metadata/environment.json
v2_fixed_cora,c6cbaeb,2026-07-05T22:26:29.456737+00:00,Cora,fixed,training_time,SGD,45,946121008,"{""dropout"": 0.5, ""hidden_channels"": 16, ""learning_rate"": 0.01, ""momentum"": 0.0, ""weight_decay"": 0.0005}",clean,0.0,0.0,0,0.2285714285714285,0.176,0.172,0.0834791287023242,1.944770336151123,3.493802726996364,25,200,results/v2/metadata/environment.json
v2_fixed_cora,c6cbaeb,2026-07-05T22:26:33.127194+00:00,Cora,fixed,training_time,SGD,45,1923614206,"{""dropout"": 0.5, ""hidden_channels"": 16, ""learning_rate"": 0.01, ""momentum"": 0.0, ""weight_decay"": 0.0005}",feature_masking,0.05,0.049983745123537,2460,0.15,0.124,0.13,0.0397960392544649,1.944873929023743,3.514425390982069,26,200,results/v2/metadata/environment.json
v2_fixed_cora,c6cbaeb,2026-07-05T22:26:37.625901+00:00,Cora,fixed,training_time,SGD,45,922012842,"{""dropout"": 0.5, ""hidden_channels"": 16, ""learning_rate"": 0.01, ""momentum"": 0.0, ""weight_decay"": 0.0005}",feature_masking,0.1,0.0999878088426527,4921,0.1857142857142857,0.142,0.17,0.1006629169300437,1.9436724185943604,4.240313439018792,100,200,results/v2/metadata/environment.json
v2_fixed_cora,c6cbaeb,2026-07-05T22:26:41.340158+00:00,Cora,fixed,training_time,SGD,45,1152970322,"{""dropout"": 0.5, ""hidden_channels"": 16, ""learning_rate"": 0.01, ""momentum"": 0.0, ""weight_decay"": 0.0005}",feature_masking,0.2,0.1999959362808842,9843,0.1571428571428571,0.14,0.126,0.0665461927846115,1.9447234869003296,3.569706768990727,16,200,results/v2/metadata/environment.json
v2_fixed_cora,c6cbaeb,2026-07-05T22:26:45.076237+00:00,Cora,fixed,training_time,SGD,45,738051656,"{""dropout"": 0.5, ""hidden_channels"": 16, ""learning_rate"": 0.01, ""momentum"": 0.0, ""weight_decay"": 0.0005}",feature_masking,0.3,0.299983745123537,14764,0.15,0.058,0.069,0.0264735264735264,1.9455760717391968,3.573727153998334,6,200,results/v2/metadata/environment.json
v2_fixed_cora,c6cbaeb,2026-07-05T22:26:48.773149+00:00,Cora,fixed,training_time,SGD,45,1235829124,"{""dropout"": 0.5, ""hidden_channels"": 16, ""learning_rate"": 0.01, ""momentum"": 0.0, ""weight_decay"": 0.0005}",edge_removal,0.05,0.0498294808639636,263,0.2,0.17,0.132,0.0689212531664357,1.9451549053192136,3.547060532990145,54,200,results/v2/metadata/environment.json
v2_fixed_cora,c6cbaeb,2026-07-05T22:26:52.492127+00:00,Cora,fixed,training_time,SGD,45,1608368832,"{""dropout"": 0.5, ""hidden_channels"": 16, ""learning_rate"": 0.01, ""momentum"": 0.0, ""weight_decay"": 0.0005}",edge_removal,0.1,0.0998484274346343,527,0.1285714285714285,0.074,0.066,0.0275293482300889,1.944214105606079,3.5436438629985787,40,200,results/v2/metadata/environment.json
v2_fixed_cora,c6cbaeb,2026-07-05T22:26:56.163473+00:00,Cora,fixed,training_time,SGD,45,1981632176,"{""dropout"": 0.5, ""hidden_channels"": 16, ""learning_rate"": 0.01, ""momentum"": 0.0, ""weight_decay"": 0.0005}",edge_removal,0.2,0.1998863205759757,1055,0.1857142857142857,0.122,0.139,0.0860320533441301,1.94274377822876,3.523129234992666,72,200,results/v2/metadata/environment.json
v2_fixed_cora,c6cbaeb,2026-07-05T22:26:59.740516+00:00,Cora,fixed,training_time,SGD,45,1673450476,"{""dropout"": 0.5, ""hidden_channels"": 16, ""learning_rate"": 0.01, ""momentum"": 0.0, ""weight_decay"": 0.0005}",edge_removal,0.3,0.2999242137173171,1583,0.15,0.134,0.13,0.0468280335389969,1.9426746368408203,3.40840061797644,96,200,results/v2/metadata/environment.json
v2_fixed_cora,c6cbaeb,2026-07-05T22:27:15.664841+00:00,Cora,fixed,training_time,SGD,45,1580246210,"{""dropout"": 0.5, ""hidden_channels"": 16, ""learning_rate"": 0.01, ""momentum"": 0.0, ""weight_decay"": 0.0005}",fake_edge_addition,0.05,0.0498294808639636,263,0.15,0.084,0.093,0.0588748233557119,1.943286776542664,3.588028791011311,1,200,results/v2/metadata/environment.json
v2_fixed_cora,c6cbaeb,2026-07-05T22:27:28.364499+00:00,Cora,fixed,training_time,SGD,45,1233440570,"{""dropout"": 0.5, ""hidden_channels"": 16, ""learning_rate"": 0.01, ""momentum"": 0.0, ""weight_decay"": 0.0005}",fake_edge_addition,0.1,0.0998484274346343,527,0.1714285714285714,0.086,0.093,0.0456464546697672,1.9444580078125,3.1071288980019744,42,200,results/v2/metadata/environment.json
v2_fixed_cora,c6cbaeb,2026-07-05T22:27:41.338296+00:00,Cora,fixed,training_time,SGD,45,1401747434,"{""dropout"": 0.5, ""hidden_channels"": 16, ""learning_rate"": 0.01, ""momentum"": 0.0, ""weight_decay"": 0.0005}",fake_edge_addition,0.2,0.1998863205759757,1055,0.2,0.128,0.142,0.0678263284898356,1.9438668489456177,3.2443445039971266,51,200,results/v2/metadata/environment.json
v2_fixed_cora,c6cbaeb,2026-07-05T22:27:54.766207+00:00,Cora,fixed,training_time,SGD,45,1618111972,"{""dropout"": 0.5, ""hidden_channels"": 16, ""learning_rate"": 0.01, ""momentum"": 0.0, ""weight_decay"": 0.0005}",fake_edge_addition,0.3,0.2999242137173171,1583,0.1642857142857142,0.078,0.097,0.0372189060077258,1.9434795379638672,3.690354326012312,2,200,results/v2/metadata/environment.json
v2_fixed_cora,c6cbaeb,2026-07-05T22:27:58.582853+00:00,Cora,fixed,training_time,Adam,46,900853433,"{""dropout"": 0.5, ""hidden_channels"": 16, ""learning_rate"": 0.01, ""momentum"": 0.0, ""weight_decay"": 0.0005}",clean,0.0,0.0,0,1.0,0.786,0.813,0.801713432317442,0.3170036077499389,3.677627525990829,182,200,results/v2/metadata/environment.json
v2_fixed_cora,c6cbaeb,2026-07-05T22:28:02.983505+00:00,Cora,fixed,training_time,Adam,46,1429706788,"{""dropout"": 0.5, ""hidden_channels"": 16, ""learning_rate"": 0.01, ""momentum"": 0.0, ""weight_decay"": 0.0005}",feature_masking,0.05,0.049983745123537,2460,1.0,0.78,0.809,0.7970428620386416,0.3173192739486694,4.260258851980325,89,200,results/v2/metadata/environment.json
v2_fixed_cora,c6cbaeb,2026-07-05T22:28:06.958904+00:00,Cora,fixed,training_time,Adam,46,242503291,"{""dropout"": 0.5, ""hidden_channels"": 16, ""learning_rate"": 0.01, ""momentum"": 0.0, ""weight_decay"": 0.0005}",feature_masking,0.1,0.0999878088426527,4921,0.9928571428571428,0.794,0.809,0.7996526319484855,0.3272162973880768,3.801901156984968,165,200,results/v2/metadata/environment.json
v2_fixed_cora,c6cbaeb,2026-07-05T22:28:10.824620+00:00,Cora,fixed,training_time,Adam,46,699316510,"{""dropout"": 0.5, ""hidden_channels"": 16, ""learning_rate"": 0.01, ""momentum"": 0.0, ""weight_decay"": 0.0005}",feature_masking,0.2,0.1999959362808842,9843,1.0,0.78,0.797,0.7852855698578749,0.3741032481193542,3.697340578015428,151,200,results/v2/metadata/environment.json
v2_fixed_cora,c6cbaeb,2026-07-05T22:28:14.685439+00:00,Cora,fixed,training_time,Adam,46,2057386079,"{""dropout"": 0.5, ""hidden_channels"": 16, ""learning_rate"": 0.01, ""momentum"": 0.0, ""weight_decay"": 0.0005}",feature_masking,0.3,0.299983745123537,14764,0.9928571428571428,0.778,0.782,0.7713829038334519,0.4922811090946197,3.702444685011869,199,200,results/v2/metadata/environment.json
v2_fixed_cora,c6cbaeb,2026-07-05T22:28:18.484471+00:00,Cora,fixed,training_time,Adam,46,1557875209,"{""dropout"": 0.5, ""hidden_channels"": 16, ""learning_rate"": 0.01, ""momentum"": 0.0, ""weight_decay"": 0.0005}",edge_removal,0.05,0.0498294808639636,263,1.0,0.776,0.789,0.7780582474574611,0.3402185142040252,3.651448034011992,56,200,results/v2/metadata/environment.json
v2_fixed_cora,c6cbaeb,2026-07-05T22:28:22.247237+00:00,Cora,fixed,training_time,Adam,46,1552339463,"{""dropout"": 0.5, ""hidden_channels"": 16, ""learning_rate"": 0.01, ""momentum"": 0.0, ""weight_decay"": 0.0005}",edge_removal,0.1,0.0998484274346343,527,1.0,0.774,0.795,0.7878695507103968,0.3770495355129242,3.597588617994916,93,200,results/v2/metadata/environment.json
v2_fixed_cora,c6cbaeb,2026-07-05T22:28:26.752477+00:00,Cora,fixed,training_time,Adam,46,1915975409,"{""dropout"": 0.5, ""hidden_channels"": 16, ""learning_rate"": 0.01, ""momentum"": 0.0, ""weight_decay"": 0.0005}",edge_removal,0.2,0.1998863205759757,1055,1.0,0.796,0.793,0.786106507533317,0.3201822936534881,4.363802067004144,123,200,results/v2/metadata/environment.json
v2_fixed_cora,c6cbaeb,2026-07-05T22:28:30.500626+00:00,Cora,fixed,training_time,Adam,46,1721023429,"{""dropout"": 0.5, ""hidden_channels"": 16, ""learning_rate"": 0.01, ""momentum"": 0.0, ""weight_decay"": 0.0005}",edge_removal,0.3,0.2999242137173171,1583,1.0,0.79,0.763,0.7556609499349429,0.2830695211887359,3.58366837198264,149,200,results/v2/metadata/environment.json
v2_fixed_cora,c6cbaeb,2026-07-05T22:28:46.527086+00:00,Cora,fixed,training_time,Adam,46,1508531027,"{""dropout"": 0.5, ""hidden_channels"": 16, ""learning_rate"": 0.01, ""momentum"": 0.0, ""weight_decay"": 0.0005}",fake_edge_addition,0.05,0.0498294808639636,263,1.0,0.79,0.8,0.7899282142348155,0.3728341162204742,4.2418474050064106,170,200,results/v2/metadata/environment.json
v2_fixed_cora,c6cbaeb,2026-07-05T22:28:59.400343+00:00,Cora,fixed,training_time,Adam,46,1052401357,"{""dropout"": 0.5, ""hidden_channels"": 16, ""learning_rate"": 0.01, ""momentum"": 0.0, ""weight_decay"": 0.0005}",fake_edge_addition,0.1,0.0998484274346343,527,1.0,0.772,0.784,0.7749031491876712,0.3979938924312591,3.217475603014464,132,200,results/v2/metadata/environment.json
v2_fixed_cora,c6cbaeb,2026-07-05T22:29:13.179434+00:00,Cora,fixed,training_time,Adam,46,2090108888,"{""dropout"": 0.5, ""hidden_channels"": 16, ""learning_rate"": 0.01, ""momentum"": 0.0, ""weight_decay"": 0.0005}",fake_edge_addition,0.2,0.1998863205759757,1055,0.9928571428571428,0.748,0.772,0.7587021774114863,0.4385581016540527,3.242437269014772,130,200,results/v2/metadata/environment.json
v2_fixed_cora,c6cbaeb,2026-07-05T22:29:25.810442+00:00,Cora,fixed,training_time,Adam,46,652404526,"{""dropout"": 0.5, ""hidden_channels"": 16, ""learning_rate"": 0.01, ""momentum"": 0.0, ""weight_decay"": 0.0005}",fake_edge_addition,0.3,0.2999242137173171,1583,1.0,0.73,0.752,0.7400295110870792,0.4805112481117248,3.2498967660067137,80,200,results/v2/metadata/environment.json
v2_fixed_cora,c6cbaeb,2026-07-05T22:29:29.560441+00:00,Cora,fixed,training_time,AdamW,46,594573924,"{""dropout"": 0.5, ""hidden_channels"": 16, ""learning_rate"": 0.01, ""momentum"": 0.0, ""weight_decay"": 0.0005}",clean,0.0,0.0,0,1.0,0.784,0.802,0.7959044786492233,0.0652727708220481,3.5934329369920306,170,200,results/v2/metadata/environment.json
v2_fixed_cora,c6cbaeb,2026-07-05T22:29:33.669534+00:00,Cora,fixed,training_time,AdamW,46,1280631732,"{""dropout"": 0.5, ""hidden_channels"": 16, ""learning_rate"": 0.01, ""momentum"": 0.0, ""weight_decay"": 0.0005}",feature_masking,0.05,0.049983745123537,2460,1.0,0.766,0.771,0.7643505208471774,0.0868691802024841,3.9498706650047097,85,200,results/v2/metadata/environment.json
v2_fixed_cora,c6cbaeb,2026-07-05T22:29:38.329178+00:00,Cora,fixed,training_time,AdamW,46,6246715,"{""dropout"": 0.5, ""hidden_channels"": 16, ""learning_rate"": 0.01, ""momentum"": 0.0, ""weight_decay"": 0.0005}",feature_masking,0.1,0.0999878088426527,4921,1.0,0.76,0.768,0.7624429740283433,0.055262628942728,4.496963149023941,164,200,results/v2/metadata/environment.json
v2_fixed_cora,c6cbaeb,2026-07-05T22:29:42.117411+00:00,Cora,fixed,training_time,AdamW,46,1293559868,"{""dropout"": 0.5, ""hidden_channels"": 16, ""learning_rate"": 0.01, ""momentum"": 0.0, ""weight_decay"": 0.0005}",feature_masking,0.2,0.1999959362808842,9843,1.0,0.754,0.759,0.7507884437865272,0.068450704216957,3.645444479974685,66,200,results/v2/metadata/environment.json
v2_fixed_cora,c6cbaeb,2026-07-05T22:29:46.038053+00:00,Cora,fixed,training_time,AdamW,46,966246477,"{""dropout"": 0.5, ""hidden_channels"": 16, ""learning_rate"": 0.01, ""momentum"": 0.0, ""weight_decay"": 0.0005}",feature_masking,0.3,0.299983745123537,14764,1.0,0.752,0.751,0.7407302086303175,0.0847531557083129,3.754782233008882,85,200,results/v2/metadata/environment.json
v2_fixed_cora,c6cbaeb,2026-07-05T22:29:49.842016+00:00,Cora,fixed,training_time,AdamW,46,320552671,"{""dropout"": 0.5, ""hidden_channels"": 16, ""learning_rate"": 0.01, ""momentum"": 0.0, ""weight_decay"": 0.0005}",edge_removal,0.05,0.0498294808639636,263,1.0,0.79,0.793,0.7833981592424821,0.0757022947072982,3.6502447410020977,90,200,results/v2/metadata/environment.json
v2_fixed_cora,c6cbaeb,2026-07-05T22:29:53.867432+00:00,Cora,fixed,training_time,AdamW,46,1527953556,"{""dropout"": 0.5, ""hidden_channels"": 16, ""learning_rate"": 0.01, ""momentum"": 0.0, ""weight_decay"": 0.0005}",edge_removal,0.1,0.0998484274346343,527,1.0,0.758,0.777,0.7645025379802524,0.0386114418506622,3.856510709010763,89,200,results/v2/metadata/environment.json
v2_fixed_cora,c6cbaeb,2026-07-05T22:29:57.640197+00:00,Cora,fixed,training_time,AdamW,46,898440789,"{""dropout"": 0.5, ""hidden_channels"": 16, ""learning_rate"": 0.01, ""momentum"": 0.0, ""weight_decay"": 0.0005}",edge_removal,0.2,0.1998863205759757,1055,1.0,0.738,0.75,0.7498281582794589,0.0752695053815841,3.625984471000265,73,200,results/v2/metadata/environment.json
v2_fixed_cora,c6cbaeb,2026-07-05T22:30:02.206755+00:00,Cora,fixed,training_time,AdamW,46,720594002,"{""dropout"": 0.5, ""hidden_channels"": 16, ""learning_rate"": 0.01, ""momentum"": 0.0, ""weight_decay"": 0.0005}",edge_removal,0.3,0.2999242137173171,1583,1.0,0.73,0.733,0.7316685182070068,0.0833297967910766,4.39247275100206,63,200,results/v2/metadata/environment.json
v2_fixed_cora,c6cbaeb,2026-07-05T22:30:17.971211+00:00,Cora,fixed,training_time,AdamW,46,48702128,"{""dropout"": 0.5, ""hidden_channels"": 16, ""learning_rate"": 0.01, ""momentum"": 0.0, ""weight_decay"": 0.0005}",fake_edge_addition,0.05,0.0498294808639636,263,1.0,0.788,0.76,0.7485558494524301,0.0645843893289566,4.027841811999679,106,200,results/v2/metadata/environment.json
v2_fixed_cora,c6cbaeb,2026-07-05T22:30:30.673844+00:00,Cora,fixed,training_time,AdamW,46,1736286133,"{""dropout"": 0.5, ""hidden_channels"": 16, ""learning_rate"": 0.01, ""momentum"": 0.0, ""weight_decay"": 0.0005}",fake_edge_addition,0.1,0.0998484274346343,527,1.0,0.752,0.76,0.7537932827670433,0.0430448055267334,3.149253677984234,83,200,results/v2/metadata/environment.json
v2_fixed_cora,c6cbaeb,2026-07-05T22:30:43.266704+00:00,Cora,fixed,training_time,AdamW,46,404713369,"{""dropout"": 0.5, ""hidden_channels"": 16, ""learning_rate"": 0.01, ""momentum"": 0.0, ""weight_decay"": 0.0005}",fake_edge_addition,0.2,0.1998863205759757,1055,1.0,0.72,0.735,0.7279634470284755,0.082235962152481,3.273918051010696,85,200,results/v2/metadata/environment.json
v2_fixed_cora,c6cbaeb,2026-07-05T22:30:56.615630+00:00,Cora,fixed,training_time,AdamW,46,520282495,"{""dropout"": 0.5, ""hidden_channels"": 16, ""learning_rate"": 0.01, ""momentum"": 0.0, ""weight_decay"": 0.0005}",fake_edge_addition,0.3,0.2999242137173171,1583,1.0,0.724,0.725,0.7204838659630655,0.089854285120964,3.963236917014001,141,200,results/v2/metadata/environment.json
v2_fixed_cora,c6cbaeb,2026-07-05T22:31:01.389068+00:00,Cora,fixed,training_time,RMSProp,46,1871524317,"{""dropout"": 0.5, ""hidden_channels"": 16, ""learning_rate"": 0.01, ""momentum"": 0.0, ""weight_decay"": 0.0005}",clean,0.0,0.0,0,0.9928571428571428,0.798,0.827,0.8140067561010298,0.3775402009487152,4.648286783980439,145,200,results/v2/metadata/environment.json
v2_fixed_cora,c6cbaeb,2026-07-05T22:31:06.284973+00:00,Cora,fixed,training_time,RMSProp,46,447699644,"{""dropout"": 0.5, ""hidden_channels"": 16, ""learning_rate"": 0.01, ""momentum"": 0.0, ""weight_decay"": 0.0005}",feature_masking,0.05,0.049983745123537,2460,1.0,0.784,0.801,0.7897817103955127,0.4068706929683685,4.724393165990477,83,200,results/v2/metadata/environment.json
v2_fixed_cora,c6cbaeb,2026-07-05T22:31:10.945579+00:00,Cora,fixed,training_time,RMSProp,46,728499574,"{""dropout"": 0.5, ""hidden_channels"": 16, ""learning_rate"": 0.01, ""momentum"": 0.0, ""weight_decay"": 0.0005}",feature_masking,0.1,0.0999878088426527,4921,1.0,0.766,0.801,0.7897389618188598,0.479567289352417,4.51422589001595,51,200,results/v2/metadata/environment.json
v2_fixed_cora,c6cbaeb,2026-07-05T22:31:15.420167+00:00,Cora,fixed,training_time,RMSProp,46,233655520,"{""dropout"": 0.5, ""hidden_channels"": 16, ""learning_rate"": 0.01, ""momentum"": 0.0, ""weight_decay"": 0.0005}",feature_masking,0.2,0.1999959362808842,9843,0.9928571428571428,0.77,0.793,0.7845865598132901,0.4395856261253357,4.317950799013488,191,200,results/v2/metadata/environment.json
v2_fixed_cora,c6cbaeb,2026-07-05T22:31:19.988425+00:00,Cora,fixed,training_time,RMSProp,46,1300521119,"{""dropout"": 0.5, ""hidden_channels"": 16, ""learning_rate"": 0.01, ""momentum"": 0.0, ""weight_decay"": 0.0005}",feature_masking,0.3,0.299983745123537,14764,1.0,0.776,0.786,0.7826800586108523,0.5257754325866699,4.422170928999549,168,200,results/v2/metadata/environment.json
v2_fixed_cora,c6cbaeb,2026-07-05T22:31:24.261316+00:00,Cora,fixed,training_time,RMSProp,46,339119793,"{""dropout"": 0.5, ""hidden_channels"": 16, ""learning_rate"": 0.01, ""momentum"": 0.0, ""weight_decay"": 0.0005}",edge_removal,0.05,0.0498294808639636,263,1.0,0.786,0.799,0.7903745822857582,0.288821816444397,3.99048140400555,97,200,results/v2/metadata/environment.json
v2_fixed_cora,c6cbaeb,2026-07-05T22:31:28.668198+00:00,Cora,fixed,training_time,RMSProp,46,1486509317,"{""dropout"": 0.5, ""hidden_channels"": 16, ""learning_rate"": 0.01, ""momentum"": 0.0, ""weight_decay"": 0.0005}",edge_removal,0.1,0.0998484274346343,527,1.0,0.772,0.776,0.7675522091811978,0.3313905596733093,4.254803177987924,197,200,results/v2/metadata/environment.json
v2_fixed_cora,c6cbaeb,2026-07-05T22:31:33.733487+00:00,Cora,fixed,training_time,RMSProp,46,1962820054,"{""dropout"": 0.5, ""hidden_channels"": 16, ""learning_rate"": 0.01, ""momentum"": 0.0, ""weight_decay"": 0.0005}",edge_removal,0.2,0.1998863205759757,1055,1.0,0.782,0.792,0.775975514108852,0.2990172803401947,4.891559021983994,92,200,results/v2/metadata/environment.json
v2_fixed_cora,c6cbaeb,2026-07-05T22:31:41.117720+00:00,Cora,fixed,training_time,RMSProp,46,388330015,"{""dropout"": 0.5, ""hidden_channels"": 16, ""learning_rate"": 0.01, ""momentum"": 0.0, ""weight_decay"": 0.0005}",edge_removal,0.3,0.2999242137173171,1583,1.0,0.742,0.78,0.7683206056355542,0.2677326500415802,6.998773102008272,25,200,results/v2/metadata/environment.json
v2_fixed_cora,c6cbaeb,2026-07-05T22:31:54.585149+00:00,Cora,fixed,training_time,RMSProp,46,1853765928,"{""dropout"": 0.5, ""hidden_channels"": 16, ""learning_rate"": 0.01, ""momentum"": 0.0, ""weight_decay"": 0.0005}",fake_edge_addition,0.05,0.0498294808639636,263,0.9928571428571428,0.788,0.804,0.7923168084039858,0.4653490483760834,3.8948951170023065,159,200,results/v2/metadata/environment.json
v2_fixed_cora,c6cbaeb,2026-07-05T22:32:08.716984+00:00,Cora,fixed,training_time,RMSProp,46,605813169,"{""dropout"": 0.5, ""hidden_channels"": 16, ""learning_rate"": 0.01, ""momentum"": 0.0, ""weight_decay"": 0.0005}",fake_edge_addition,0.1,0.0998484274346343,527,1.0,0.766,0.782,0.775959179833843,0.3177758753299713,4.582698874000926,71,200,results/v2/metadata/environment.json
v2_fixed_cora,c6cbaeb,2026-07-05T22:32:22.140384+00:00,Cora,fixed,training_time,RMSProp,46,685004488,"{""dropout"": 0.5, ""hidden_channels"": 16, ""learning_rate"": 0.01, ""momentum"": 0.0, ""weight_decay"": 0.0005}",fake_edge_addition,0.2,0.1998863205759757,1055,1.0,0.752,0.764,0.7536997205198263,0.488403856754303,4.092523569008336,147,200,results/v2/metadata/environment.json
v2_fixed_cora,c6cbaeb,2026-07-05T22:32:35.838059+00:00,Cora,fixed,training_time,RMSProp,46,819128701,"{""dropout"": 0.5, ""hidden_channels"": 16, ""learning_rate"": 0.01, ""momentum"": 0.0, ""weight_decay"": 0.0005}",fake_edge_addition,0.3,0.2999242137173171,1583,0.9714285714285714,0.692,0.71,0.6927808459718134,0.7167285084724426,4.435255799005972,197,200,results/v2/metadata/environment.json
v2_fixed_cora,c6cbaeb,2026-07-05T22:32:39.703895+00:00,Cora,fixed,training_time,AdaGrad,46,1261674089,"{""dropout"": 0.5, ""hidden_channels"": 16, ""learning_rate"": 0.01, ""momentum"": 0.0, ""weight_decay"": 0.0005}",clean,0.0,0.0,0,0.9642857142857144,0.736,0.764,0.755758870366787,1.4680323600769043,3.737821040995186,103,200,results/v2/metadata/environment.json
v2_fixed_cora,c6cbaeb,2026-07-05T22:32:43.408089+00:00,Cora,fixed,training_time,AdaGrad,46,178840096,"{""dropout"": 0.5, ""hidden_channels"": 16, ""learning_rate"": 0.01, ""momentum"": 0.0, ""weight_decay"": 0.0005}",feature_masking,0.05,0.049983745123537,2460,0.9714285714285714,0.75,0.787,0.7767222703664911,1.4454596042633057,3.5589118780044373,181,200,results/v2/metadata/environment.json
v2_fixed_cora,c6cbaeb,2026-07-05T22:32:47.866907+00:00,Cora,fixed,training_time,AdaGrad,46,2017894998,"{""dropout"": 0.5, ""hidden_channels"": 16, ""learning_rate"": 0.01, ""momentum"": 0.0, ""weight_decay"": 0.0005}",feature_masking,0.1,0.0999878088426527,4921,0.9571428571428572,0.718,0.742,0.7451566220217373,1.497189164161682,4.303362375998404,189,200,results/v2/metadata/environment.json
v2_fixed_cora,c6cbaeb,2026-07-05T22:32:51.665941+00:00,Cora,fixed,training_time,AdaGrad,46,689187480,"{""dropout"": 0.5, ""hidden_channels"": 16, ""learning_rate"": 0.01, ""momentum"": 0.0, ""weight_decay"": 0.0005}",feature_masking,0.2,0.1999959362808842,9843,0.9571428571428572,0.72,0.744,0.7444365928639166,1.518618941307068,3.6543067219899967,181,200,results/v2/metadata/environment.json
v2_fixed_cora,c6cbaeb,2026-07-05T22:32:55.538402+00:00,Cora,fixed,training_time,AdaGrad,46,1567669385,"{""dropout"": 0.5, ""hidden_channels"": 16, ""learning_rate"": 0.01, ""momentum"": 0.0, ""weight_decay"": 0.0005}",feature_masking,0.3,0.299983745123537,14764,0.9357142857142856,0.726,0.738,0.7359151126463451,1.5626142024993896,3.709971703006886,168,200,results/v2/metadata/environment.json
v2_fixed_cora,c6cbaeb,2026-07-05T22:32:59.200202+00:00,Cora,fixed,training_time,AdaGrad,46,1525583254,"{""dropout"": 0.5, ""hidden_channels"": 16, ""learning_rate"": 0.01, ""momentum"": 0.0, ""weight_decay"": 0.0005}",edge_removal,0.05,0.0498294808639636,263,0.9571428571428572,0.754,0.77,0.765877879842524,1.393369436264038,3.5127017830091063,12,200,results/v2/metadata/environment.json
v2_fixed_cora,c6cbaeb,2026-07-05T22:33:03.475970+00:00,Cora,fixed,training_time,AdaGrad,46,801995301,"{""dropout"": 0.5, ""hidden_channels"": 16, ""learning_rate"": 0.01, ""momentum"": 0.0, ""weight_decay"": 0.0005}",edge_removal,0.1,0.0998484274346343,527,0.95,0.734,0.757,0.752378141148621,1.4440898895263672,4.11275689402828,81,200,results/v2/metadata/environment.json
v2_fixed_cora,c6cbaeb,2026-07-05T22:33:09.444215+00:00,Cora,fixed,training_time,AdaGrad,46,1979433760,"{""dropout"": 0.5, ""hidden_channels"": 16, ""learning_rate"": 0.01, ""momentum"": 0.0, ""weight_decay"": 0.0005}",edge_removal,0.2,0.1998863205759757,1055,0.9857142857142858,0.718,0.742,0.7400535993646653,1.404152750968933,5.8047581010032445,168,200,results/v2/metadata/environment.json
v2_fixed_cora,c6cbaeb,2026-07-05T22:33:14.033812+00:00,Cora,fixed,training_time,AdaGrad,46,1745267082,"{""dropout"": 0.5, ""hidden_channels"": 16, ""learning_rate"": 0.01, ""momentum"": 0.0, ""weight_decay"": 0.0005}",edge_removal,0.3,0.2999242137173171,1583,0.9285714285714286,0.734,0.747,0.7409569595820794,1.3888453245162964,4.359765796980355,175,200,results/v2/metadata/environment.json
v2_fixed_cora,c6cbaeb,2026-07-05T22:33:27.149346+00:00,Cora,fixed,training_time,AdaGrad,46,54015035,"{""dropout"": 0.5, ""hidden_channels"": 16, ""learning_rate"": 0.01, ""momentum"": 0.0, ""weight_decay"": 0.0005}",fake_edge_addition,0.05,0.0498294808639636,263,0.95,0.778,0.767,0.755909443771233,1.4639863967895508,3.179063160001533,191,200,results/v2/metadata/environment.json
v2_fixed_cora,c6cbaeb,2026-07-05T22:33:39.809463+00:00,Cora,fixed,training_time,AdaGrad,46,1501624281,"{""dropout"": 0.5, ""hidden_channels"": 16, ""learning_rate"": 0.01, ""momentum"": 0.0, ""weight_decay"": 0.0005}",fake_edge_addition,0.1,0.0998484274346343,527,0.9428571428571428,0.734,0.755,0.7509536138105302,1.4952828884124756,3.232571503001964,118,200,results/v2/metadata/environment.json
v2_fixed_cora,c6cbaeb,2026-07-05T22:33:51.977136+00:00,Cora,fixed,training_time,AdaGrad,46,688504516,"{""dropout"": 0.5, ""hidden_channels"": 16, ""learning_rate"": 0.01, ""momentum"": 0.0, ""weight_decay"": 0.0005}",fake_edge_addition,0.2,0.1998863205759757,1055,0.9428571428571428,0.724,0.717,0.709392501283351,1.5550345182418823,3.1131697929813527,191,200,results/v2/metadata/environment.json
v2_fixed_cora,c6cbaeb,2026-07-05T22:34:05.433219+00:00,Cora,fixed,training_time,AdaGrad,46,368902358,"{""dropout"": 0.5, ""hidden_channels"": 16, ""learning_rate"": 0.01, ""momentum"": 0.0, ""weight_decay"": 0.0005}",fake_edge_addition,0.3,0.2999242137173171,1583,0.9214285714285714,0.668,0.687,0.6885753708130552,1.577644944190979,3.619886539003346,177,200,results/v2/metadata/environment.json
v2_fixed_cora,c6cbaeb,2026-07-05T22:34:08.980961+00:00,Cora,fixed,training_time,SGD,46,1873666344,"{""dropout"": 0.5, ""hidden_channels"": 16, ""learning_rate"": 0.01, ""momentum"": 0.0, ""weight_decay"": 0.0005}",clean,0.0,0.0,0,0.1428571428571428,0.124,0.13,0.0371705980119738,1.9448734521865845,3.414475125988247,128,200,results/v2/metadata/environment.json
v2_fixed_cora,c6cbaeb,2026-07-05T22:34:12.519344+00:00,Cora,fixed,training_time,SGD,46,454344165,"{""dropout"": 0.5, ""hidden_channels"": 16, ""learning_rate"": 0.01, ""momentum"": 0.0, ""weight_decay"": 0.0005}",feature_masking,0.05,0.049983745123537,2460,0.1428571428571428,0.076,0.093,0.0300986691657562,1.9454177618026731,3.399871184985386,79,200,results/v2/metadata/environment.json
v2_fixed_cora,c6cbaeb,2026-07-05T22:34:16.234889+00:00,Cora,fixed,training_time,SGD,46,583765988,"{""dropout"": 0.5, ""hidden_channels"": 16, ""learning_rate"": 0.01, ""momentum"": 0.0, ""weight_decay"": 0.0005}",feature_masking,0.1,0.0999878088426527,4921,0.1428571428571428,0.11,0.099,0.0284885140699094,1.945408821105957,3.561317143001361,79,200,results/v2/metadata/environment.json
v2_fixed_cora,c6cbaeb,2026-07-05T22:34:19.934071+00:00,Cora,fixed,training_time,SGD,46,579244041,"{""dropout"": 0.5, ""hidden_channels"": 16, ""learning_rate"": 0.01, ""momentum"": 0.0, ""weight_decay"": 0.0005}",feature_masking,0.2,0.1999959362808842,9843,0.1857142857142857,0.074,0.103,0.0480566056949376,1.9436242580413816,3.5552898129972164,1,200,results/v2/metadata/environment.json
v2_fixed_cora,c6cbaeb,2026-07-05T22:34:23.644473+00:00,Cora,fixed,training_time,SGD,46,1196642179,"{""dropout"": 0.5, ""hidden_channels"": 16, ""learning_rate"": 0.01, ""momentum"": 0.0, ""weight_decay"": 0.0005}",feature_masking,0.3,0.299983745123537,14764,0.2,0.126,0.136,0.0538738404077741,1.9437674283981323,3.54296402898035,190,200,results/v2/metadata/environment.json
v2_fixed_cora,c6cbaeb,2026-07-05T22:34:27.194270+00:00,Cora,fixed,training_time,SGD,46,1208566225,"{""dropout"": 0.5, ""hidden_channels"": 16, ""learning_rate"": 0.01, ""momentum"": 0.0, ""weight_decay"": 0.0005}",edge_removal,0.05,0.0498294808639636,263,0.1857142857142857,0.23,0.208,0.1197976250590652,1.9444911479949951,3.405618627002696,55,200,results/v2/metadata/environment.json
v2_fixed_cora,c6cbaeb,2026-07-05T22:34:30.837120+00:00,Cora,fixed,training_time,SGD,46,1697890532,"{""dropout"": 0.5, ""hidden_channels"": 16, ""learning_rate"": 0.01, ""momentum"": 0.0, ""weight_decay"": 0.0005}",edge_removal,0.1,0.0998484274346343,527,0.1785714285714285,0.14,0.149,0.0680810505805328,1.943441390991211,3.4745303470117506,2,200,results/v2/metadata/environment.json
v2_fixed_cora,c6cbaeb,2026-07-05T22:34:35.020619+00:00,Cora,fixed,training_time,SGD,46,391216922,"{""dropout"": 0.5, ""hidden_channels"": 16, ""learning_rate"": 0.01, ""momentum"": 0.0, ""weight_decay"": 0.0005}",edge_removal,0.2,0.1998863205759757,1055,0.2357142857142857,0.138,0.158,0.1299846604689115,1.9437273740768437,4.006453737005359,144,200,results/v2/metadata/environment.json
v2_fixed_cora,c6cbaeb,2026-07-05T22:34:42.382650+00:00,Cora,fixed,training_time,SGD,46,1979948337,"{""dropout"": 0.5, ""hidden_channels"": 16, ""learning_rate"": 0.01, ""momentum"": 0.0, ""weight_decay"": 0.0005}",edge_removal,0.3,0.2999242137173171,1583,0.2071428571428571,0.194,0.197,0.0922458301868207,1.9444597959518437,7.165972473012516,161,200,results/v2/metadata/environment.json
v2_fixed_cora,c6cbaeb,2026-07-05T22:34:54.892537+00:00,Cora,fixed,training_time,SGD,46,1491778182,"{""dropout"": 0.5, ""hidden_channels"": 16, ""learning_rate"": 0.01, ""momentum"": 0.0, ""weight_decay"": 0.0005}",fake_edge_addition,0.05,0.0498294808639636,263,0.1428571428571428,0.12,0.131,0.0361874479521538,1.9447444677352903,3.090324360004161,1,200,results/v2/metadata/environment.json
v2_fixed_cora,c6cbaeb,2026-07-05T22:35:07.421624+00:00,Cora,fixed,training_time,SGD,46,1301430744,"{""dropout"": 0.5, ""hidden_channels"": 16, ""learning_rate"": 0.01, ""momentum"": 0.0, ""weight_decay"": 0.0005}",fake_edge_addition,0.1,0.0998484274346343,527,0.1428571428571428,0.124,0.131,0.0352538972506613,1.9439831972122192,3.1019305580121,141,200,results/v2/metadata/environment.json
v2_fixed_cora,c6cbaeb,2026-07-05T22:35:19.754610+00:00,Cora,fixed,training_time,SGD,46,1402234597,"{""dropout"": 0.5, ""hidden_channels"": 16, ""learning_rate"": 0.01, ""momentum"": 0.0, ""weight_decay"": 0.0005}",fake_edge_addition,0.2,0.1998863205759757,1055,0.1571428571428571,0.16,0.145,0.0463331894654102,1.945217251777649,3.166783418011619,101,200,results/v2/metadata/environment.json
v2_fixed_cora,c6cbaeb,2026-07-05T22:35:32.669978+00:00,Cora,fixed,training_time,SGD,46,1571763973,"{""dropout"": 0.5, ""hidden_channels"": 16, ""learning_rate"": 0.01, ""momentum"": 0.0, ""weight_decay"": 0.0005}",fake_edge_addition,0.3,0.2999242137173171,1583,0.2,0.14,0.125,0.0600052824237362,1.94458532333374,3.203683133004233,1,200,results/v2/metadata/environment.json
v2_fixed_cora,c6cbaeb,2026-07-05T22:35:36.232965+00:00,Cora,fixed,training_time,Adam,47,1604778945,"{""dropout"": 0.5, ""hidden_channels"": 16, ""learning_rate"": 0.01, ""momentum"": 0.0, ""weight_decay"": 0.0005}",clean,0.0,0.0,0,1.0,0.794,0.813,0.801453380023444,0.3215285241603851,3.4194094199920078,120,200,results/v2/metadata/environment.json
v2_fixed_cora,c6cbaeb,2026-07-05T22:35:39.955820+00:00,Cora,fixed,training_time,Adam,47,965732309,"{""dropout"": 0.5, ""hidden_channels"": 16, ""learning_rate"": 0.01, ""momentum"": 0.0, ""weight_decay"": 0.0005}",feature_masking,0.05,0.049983745123537,2460,1.0,0.784,0.803,0.7947727371811827,0.3284062147140503,3.572320141014643,157,200,results/v2/metadata/environment.json
v2_fixed_cora,c6cbaeb,2026-07-05T22:35:43.687490+00:00,Cora,fixed,training_time,Adam,47,1755974157,"{""dropout"": 0.5, ""hidden_channels"": 16, ""learning_rate"": 0.01, ""momentum"": 0.0, ""weight_decay"": 0.0005}",feature_masking,0.1,0.0999878088426527,4921,0.9928571428571428,0.8,0.804,0.790594197961048,0.3608810305595398,3.5757074690191075,174,200,results/v2/metadata/environment.json
v2_fixed_cora,c6cbaeb,2026-07-05T22:35:47.372202+00:00,Cora,fixed,training_time,Adam,47,102460777,"{""dropout"": 0.5, ""hidden_channels"": 16, ""learning_rate"": 0.01, ""momentum"": 0.0, ""weight_decay"": 0.0005}",feature_masking,0.2,0.1999959362808842,9843,0.9857142857142858,0.812,0.807,0.7878976068592725,0.4359138011932373,3.546770421002293,126,200,results/v2/metadata/environment.json
v2_fixed_cora,c6cbaeb,2026-07-05T22:35:51.102927+00:00,Cora,fixed,training_time,Adam,47,18340773,"{""dropout"": 0.5, ""hidden_channels"": 16, ""learning_rate"": 0.01, ""momentum"": 0.0, ""weight_decay"": 0.0005}",feature_masking,0.3,0.299983745123537,14764,0.9928571428571428,0.756,0.779,0.7671008283076469,0.4926824271678924,3.577273620001506,190,200,results/v2/metadata/environment.json
v2_fixed_cora,c6cbaeb,2026-07-05T22:35:54.765832+00:00,Cora,fixed,training_time,Adam,47,1855916324,"{""dropout"": 0.5, ""hidden_channels"": 16, ""learning_rate"": 0.01, ""momentum"": 0.0, ""weight_decay"": 0.0005}",edge_removal,0.05,0.0498294808639636,263,1.0,0.796,0.807,0.8018562243004397,0.3156193196773529,3.519621001993073,197,200,results/v2/metadata/environment.json
v2_fixed_cora,c6cbaeb,2026-07-05T22:35:58.401435+00:00,Cora,fixed,training_time,Adam,47,800457289,"{""dropout"": 0.5, ""hidden_channels"": 16, ""learning_rate"": 0.01, ""momentum"": 0.0, ""weight_decay"": 0.0005}",edge_removal,0.1,0.0998484274346343,527,1.0,0.798,0.812,0.8025533098702475,0.3073226809501648,3.474859273992479,126,200,results/v2/metadata/environment.json
v2_fixed_cora,c6cbaeb,2026-07-05T22:36:03.440206+00:00,Cora,fixed,training_time,Adam,47,1947546184,"{""dropout"": 0.5, ""hidden_channels"": 16, ""learning_rate"": 0.01, ""momentum"": 0.0, ""weight_decay"": 0.0005}",edge_removal,0.2,0.1998863205759757,1055,1.0,0.776,0.779,0.7668910238436811,0.3279099762439728,4.90001964502153,95,200,results/v2/metadata/environment.json
v2_fixed_cora,c6cbaeb,2026-07-05T22:36:09.150403+00:00,Cora,fixed,training_time,Adam,47,26886059,"{""dropout"": 0.5, ""hidden_channels"": 16, ""learning_rate"": 0.01, ""momentum"": 0.0, ""weight_decay"": 0.0005}",edge_removal,0.3,0.2999242137173171,1583,1.0,0.754,0.765,0.7546848746062691,0.342523843050003,5.534717713017017,130,200,results/v2/metadata/environment.json
v2_fixed_cora,c6cbaeb,2026-07-05T22:36:22.229055+00:00,Cora,fixed,training_time,Adam,47,689207766,"{""dropout"": 0.5, ""hidden_channels"": 16, ""learning_rate"": 0.01, ""momentum"": 0.0, ""weight_decay"": 0.0005}",fake_edge_addition,0.05,0.0498294808639636,263,1.0,0.764,0.8,0.7919545411527281,0.4319847226142883,3.0355996070138644,185,200,results/v2/metadata/environment.json
v2_fixed_cora,c6cbaeb,2026-07-05T22:36:34.885050+00:00,Cora,fixed,training_time,Adam,47,471635122,"{""dropout"": 0.5, ""hidden_channels"": 16, ""learning_rate"": 0.01, ""momentum"": 0.0, ""weight_decay"": 0.0005}",fake_edge_addition,0.1,0.0998484274346343,527,0.9928571428571428,0.778,0.804,0.7949269276771096,0.3569636046886444,3.711483966995729,162,200,results/v2/metadata/environment.json
v2_fixed_cora,c6cbaeb,2026-07-05T22:36:47.724111+00:00,Cora,fixed,training_time,Adam,47,1649799627,"{""dropout"": 0.5, ""hidden_channels"": 16, ""learning_rate"": 0.01, ""momentum"": 0.0, ""weight_decay"": 0.0005}",fake_edge_addition,0.2,0.1998863205759757,1055,0.9928571428571428,0.728,0.771,0.7556958217709162,0.4017287194728851,3.1193494700128213,107,200,results/v2/metadata/environment.json
v2_fixed_cora,c6cbaeb,2026-07-05T22:36:59.835948+00:00,Cora,fixed,training_time,Adam,47,1209214691,"{""dropout"": 0.5, ""hidden_channels"": 16, ""learning_rate"": 0.01, ""momentum"": 0.0, ""weight_decay"": 0.0005}",fake_edge_addition,0.3,0.2999242137173171,1583,0.9857142857142858,0.74,0.753,0.7484110069052987,0.5044530630111694,3.1431541880010627,176,200,results/v2/metadata/environment.json
v2_fixed_cora,c6cbaeb,2026-07-05T22:37:03.562345+00:00,Cora,fixed,training_time,AdamW,47,373860932,"{""dropout"": 0.5, ""hidden_channels"": 16, ""learning_rate"": 0.01, ""momentum"": 0.0, ""weight_decay"": 0.0005}",clean,0.0,0.0,0,1.0,0.78,0.775,0.7709259753353978,0.0681773647665977,3.6066374520014506,80,200,results/v2/metadata/environment.json
v2_fixed_cora,c6cbaeb,2026-07-05T22:37:07.258905+00:00,Cora,fixed,training_time,AdamW,47,864155217,"{""dropout"": 0.5, ""hidden_channels"": 16, ""learning_rate"": 0.01, ""momentum"": 0.0, ""weight_decay"": 0.0005}",feature_masking,0.05,0.049983745123537,2460,1.0,0.774,0.795,0.7888203418214994,0.0497090891003608,3.5607129039999563,81,200,results/v2/metadata/environment.json
v2_fixed_cora,c6cbaeb,2026-07-05T22:37:11.047124+00:00,Cora,fixed,training_time,AdamW,47,1650019642,"{""dropout"": 0.5, ""hidden_channels"": 16, ""learning_rate"": 0.01, ""momentum"": 0.0, ""weight_decay"": 0.0005}",feature_masking,0.1,0.0999878088426527,4921,1.0,0.77,0.775,0.7704935018775368,0.0616156235337257,3.629233376006596,79,200,results/v2/metadata/environment.json
v2_fixed_cora,c6cbaeb,2026-07-05T22:37:14.734822+00:00,Cora,fixed,training_time,AdamW,47,1216567402,"{""dropout"": 0.5, ""hidden_channels"": 16, ""learning_rate"": 0.01, ""momentum"": 0.0, ""weight_decay"": 0.0005}",feature_masking,0.2,0.1999959362808842,9843,1.0,0.73,0.763,0.7576000721758922,0.0921534672379493,3.549200567998924,52,200,results/v2/metadata/environment.json
v2_fixed_cora,c6cbaeb,2026-07-05T22:37:19.230462+00:00,Cora,fixed,training_time,AdamW,47,1324133310,"{""dropout"": 0.5, ""hidden_channels"": 16, ""learning_rate"": 0.01, ""momentum"": 0.0, ""weight_decay"": 0.0005}",feature_masking,0.3,0.299983745123537,14764,1.0,0.756,0.776,0.7689032406827294,0.0941249504685401,4.341761672025314,32,200,results/v2/metadata/environment.json
v2_fixed_cora,c6cbaeb,2026-07-05T22:37:22.933228+00:00,Cora,fixed,training_time,AdamW,47,931329584,"{""dropout"": 0.5, ""hidden_channels"": 16, ""learning_rate"": 0.01, ""momentum"": 0.0, ""weight_decay"": 0.0005}",edge_removal,0.05,0.0498294808639636,263,1.0,0.756,0.772,0.7668430184758906,0.0623528473079204,3.551807520998409,96,200,results/v2/metadata/environment.json
v2_fixed_cora,c6cbaeb,2026-07-05T22:37:26.676461+00:00,Cora,fixed,training_time,AdamW,47,98159289,"{""dropout"": 0.5, ""hidden_channels"": 16, ""learning_rate"": 0.01, ""momentum"": 0.0, ""weight_decay"": 0.0005}",edge_removal,0.1,0.0998484274346343,527,1.0,0.778,0.774,0.7607201318037414,0.0541657991707325,3.569402792985784,95,200,results/v2/metadata/environment.json
v2_fixed_cora,c6cbaeb,2026-07-05T22:37:30.308257+00:00,Cora,fixed,training_time,AdamW,47,1871373576,"{""dropout"": 0.5, ""hidden_channels"": 16, ""learning_rate"": 0.01, ""momentum"": 0.0, ""weight_decay"": 0.0005}",edge_removal,0.2,0.1998863205759757,1055,1.0,0.75,0.765,0.7607508413751451,0.0638242289423942,3.489621278975392,53,200,results/v2/metadata/environment.json
v2_fixed_cora,c6cbaeb,2026-07-05T22:37:34.683332+00:00,Cora,fixed,training_time,AdamW,47,161403082,"{""dropout"": 0.5, ""hidden_channels"": 16, ""learning_rate"": 0.01, ""momentum"": 0.0, ""weight_decay"": 0.0005}",edge_removal,0.3,0.2999242137173171,1583,1.0,0.746,0.756,0.7463586570069319,0.0838681310415268,4.188132909010164,24,200,results/v2/metadata/environment.json
v2_fixed_cora,c6cbaeb,2026-07-05T22:37:49.443934+00:00,Cora,fixed,training_time,AdamW,47,1314933832,"{""dropout"": 0.5, ""hidden_channels"": 16, ""learning_rate"": 0.01, ""momentum"": 0.0, ""weight_decay"": 0.0005}",fake_edge_addition,0.05,0.0498294808639636,263,1.0,0.768,0.778,0.7720761274486847,0.093619130551815,3.1513806759903678,91,200,results/v2/metadata/environment.json
v2_fixed_cora,c6cbaeb,2026-07-05T22:38:02.731405+00:00,Cora,fixed,training_time,AdamW,47,360095162,"{""dropout"": 0.5, ""hidden_channels"": 16, ""learning_rate"": 0.01, ""momentum"": 0.0, ""weight_decay"": 0.0005}",fake_edge_addition,0.1,0.0998484274346343,527,1.0,0.752,0.783,0.7739755505483039,0.0691554918885231,3.555251557991141,148,200,results/v2/metadata/environment.json
v2_fixed_cora,c6cbaeb,2026-07-05T22:38:15.195318+00:00,Cora,fixed,training_time,AdamW,47,506029908,"{""dropout"": 0.5, ""hidden_channels"": 16, ""learning_rate"": 0.01, ""momentum"": 0.0, ""weight_decay"": 0.0005}",fake_edge_addition,0.2,0.1998863205759757,1055,1.0,0.722,0.735,0.7254724984331383,0.0918353945016861,3.1412240749923512,101,200,results/v2/metadata/environment.json
v2_fixed_cora,c6cbaeb,2026-07-05T22:38:27.580882+00:00,Cora,fixed,training_time,AdamW,47,166392995,"{""dropout"": 0.5, ""hidden_channels"": 16, ""learning_rate"": 0.01, ""momentum"": 0.0, ""weight_decay"": 0.0005}",fake_edge_addition,0.3,0.2999242137173171,1583,1.0,0.704,0.728,0.7171553995138036,0.0682943016290664,3.217387684999266,91,200,results/v2/metadata/environment.json
v2_fixed_cora,c6cbaeb,2026-07-05T22:38:32.631775+00:00,Cora,fixed,training_time,RMSProp,47,1255707067,"{""dropout"": 0.5, ""hidden_channels"": 16, ""learning_rate"": 0.01, ""momentum"": 0.0, ""weight_decay"": 0.0005}",clean,0.0,0.0,0,1.0,0.788,0.797,0.7870789241280575,0.3667270839214325,4.924037185002817,183,200,results/v2/metadata/environment.json
v2_fixed_cora,c6cbaeb,2026-07-05T22:38:37.209293+00:00,Cora,fixed,training_time,RMSProp,47,1167013083,"{""dropout"": 0.5, ""hidden_channels"": 16, ""learning_rate"": 0.01, ""momentum"": 0.0, ""weight_decay"": 0.0005}",feature_masking,0.05,0.049983745123537,2460,1.0,0.792,0.794,0.7803591717252694,0.3118472397327423,4.4103909929981455,177,200,results/v2/metadata/environment.json
v2_fixed_cora,c6cbaeb,2026-07-05T22:38:41.743794+00:00,Cora,fixed,training_time,RMSProp,47,1653852568,"{""dropout"": 0.5, ""hidden_channels"": 16, ""learning_rate"": 0.01, ""momentum"": 0.0, ""weight_decay"": 0.0005}",feature_masking,0.1,0.0999878088426527,4921,0.9928571428571428,0.79,0.801,0.7924506502934416,0.4273033142089844,4.391503418009961,149,200,results/v2/metadata/environment.json
v2_fixed_cora,c6cbaeb,2026-07-05T22:38:46.131369+00:00,Cora,fixed,training_time,RMSProp,47,1023928967,"{""dropout"": 0.5, ""hidden_channels"": 16, ""learning_rate"": 0.01, ""momentum"": 0.0, ""weight_decay"": 0.0005}",feature_masking,0.2,0.1999959362808842,9843,0.9928571428571428,0.776,0.792,0.7795897991845023,0.4268655180931091,4.229055406001862,32,200,results/v2/metadata/environment.json
v2_fixed_cora,c6cbaeb,2026-07-05T22:38:50.272484+00:00,Cora,fixed,training_time,RMSProp,47,1468622961,"{""dropout"": 0.5, ""hidden_channels"": 16, ""learning_rate"": 0.01, ""momentum"": 0.0, ""weight_decay"": 0.0005}",feature_masking,0.3,0.299983745123537,14764,0.9928571428571428,0.778,0.79,0.7742324592924569,0.3756886720657348,3.9973161480156714,186,200,results/v2/metadata/environment.json
v2_fixed_cora,c6cbaeb,2026-07-05T22:38:54.724478+00:00,Cora,fixed,training_time,RMSProp,47,869063419,"{""dropout"": 0.5, ""hidden_channels"": 16, ""learning_rate"": 0.01, ""momentum"": 0.0, ""weight_decay"": 0.0005}",edge_removal,0.05,0.0498294808639636,263,0.9928571428571428,0.792,0.81,0.7955079519690995,0.3359290659427643,4.289025238977047,32,200,results/v2/metadata/environment.json
v2_fixed_cora,c6cbaeb,2026-07-05T22:38:58.912940+00:00,Cora,fixed,training_time,RMSProp,47,1406208064,"{""dropout"": 0.5, ""hidden_channels"": 16, ""learning_rate"": 0.01, ""momentum"": 0.0, ""weight_decay"": 0.0005}",edge_removal,0.1,0.0998484274346343,527,1.0,0.79,0.784,0.767387639915534,0.2954981327056885,4.042338364000898,49,200,results/v2/metadata/environment.json
v2_fixed_cora,c6cbaeb,2026-07-05T22:39:03.772433+00:00,Cora,fixed,training_time,RMSProp,47,120049470,"{""dropout"": 0.5, ""hidden_channels"": 16, ""learning_rate"": 0.01, ""momentum"": 0.0, ""weight_decay"": 0.0005}",edge_removal,0.2,0.1998863205759757,1055,1.0,0.766,0.784,0.7772267970057808,0.3413935601711273,4.698808139015455,67,200,results/v2/metadata/environment.json
v2_fixed_cora,c6cbaeb,2026-07-05T22:39:12.166983+00:00,Cora,fixed,training_time,RMSProp,47,1963378760,"{""dropout"": 0.5, ""hidden_channels"": 16, ""learning_rate"": 0.01, ""momentum"": 0.0, ""weight_decay"": 0.0005}",edge_removal,0.3,0.2999242137173171,1583,1.0,0.748,0.782,0.7726594048773708,0.279035359621048,8.24750727499486,43,200,results/v2/metadata/environment.json
v2_fixed_cora,c6cbaeb,2026-07-05T22:39:25.357369+00:00,Cora,fixed,training_time,RMSProp,47,777560067,"{""dropout"": 0.5, ""hidden_channels"": 16, ""learning_rate"": 0.01, ""momentum"": 0.0, ""weight_decay"": 0.0005}",fake_edge_addition,0.05,0.0498294808639636,263,1.0,0.78,0.779,0.7710847621207092,0.4838637709617615,3.774900429008994,148,200,results/v2/metadata/environment.json
v2_fixed_cora,c6cbaeb,2026-07-05T22:39:38.497219+00:00,Cora,fixed,training_time,RMSProp,47,864814930,"{""dropout"": 0.5, ""hidden_channels"": 16, ""learning_rate"": 0.01, ""momentum"": 0.0, ""weight_decay"": 0.0005}",fake_edge_addition,0.1,0.0998484274346343,527,0.9928571428571428,0.744,0.786,0.770253521245136,0.6530351638793945,4.072325075016124,154,200,results/v2/metadata/environment.json
v2_fixed_cora,c6cbaeb,2026-07-05T22:39:52.055395+00:00,Cora,fixed,training_time,RMSProp,47,1641932633,"{""dropout"": 0.5, ""hidden_channels"": 16, ""learning_rate"": 0.01, ""momentum"": 0.0, ""weight_decay"": 0.0005}",fake_edge_addition,0.2,0.1998863205759757,1055,0.9928571428571428,0.736,0.756,0.7485175536419355,0.4900718629360199,3.9920554510026713,121,200,results/v2/metadata/environment.json
v2_fixed_cora,c6cbaeb,2026-07-05T22:40:05.357961+00:00,Cora,fixed,training_time,RMSProp,47,1300208178,"{""dropout"": 0.5, ""hidden_channels"": 16, ""learning_rate"": 0.01, ""momentum"": 0.0, ""weight_decay"": 0.0005}",fake_edge_addition,0.3,0.2999242137173171,1583,0.9928571428571428,0.728,0.743,0.726385429068943,0.5552043914794922,4.101429848000407,53,200,results/v2/metadata/environment.json
v2_fixed_cora,c6cbaeb,2026-07-05T22:40:08.808924+00:00,Cora,fixed,training_time,AdaGrad,47,1590913918,"{""dropout"": 0.5, ""hidden_channels"": 16, ""learning_rate"": 0.01, ""momentum"": 0.0, ""weight_decay"": 0.0005}",clean,0.0,0.0,0,0.9714285714285714,0.746,0.762,0.7585213569524448,1.404910445213318,3.320299490005709,191,200,results/v2/metadata/environment.json
v2_fixed_cora,c6cbaeb,2026-07-05T22:40:12.324658+00:00,Cora,fixed,training_time,AdaGrad,47,2010136284,"{""dropout"": 0.5, ""hidden_channels"": 16, ""learning_rate"": 0.01, ""momentum"": 0.0, ""weight_decay"": 0.0005}",feature_masking,0.05,0.049983745123537,2460,0.9571428571428572,0.764,0.789,0.780875317221336,1.445582628250122,3.380459776002681,136,200,results/v2/metadata/environment.json
v2_fixed_cora,c6cbaeb,2026-07-05T22:40:16.017107+00:00,Cora,fixed,training_time,AdaGrad,47,150820993,"{""dropout"": 0.5, ""hidden_channels"": 16, ""learning_rate"": 0.01, ""momentum"": 0.0, ""weight_decay"": 0.0005}",feature_masking,0.1,0.0999878088426527,4921,0.9642857142857144,0.732,0.745,0.7408406270661976,1.454154372215271,3.54396002102294,196,200,results/v2/metadata/environment.json
v2_fixed_cora,c6cbaeb,2026-07-05T22:40:19.721915+00:00,Cora,fixed,training_time,AdaGrad,47,1650041070,"{""dropout"": 0.5, ""hidden_channels"": 16, ""learning_rate"": 0.01, ""momentum"": 0.0, ""weight_decay"": 0.0005}",feature_masking,0.2,0.1999959362808842,9843,0.9642857142857144,0.782,0.752,0.7495766734776675,1.4979403018951416,3.566730355989421,179,200,results/v2/metadata/environment.json
v2_fixed_cora,c6cbaeb,2026-07-05T22:40:24.184470+00:00,Cora,fixed,training_time,AdaGrad,47,1479048451,"{""dropout"": 0.5, ""hidden_channels"": 16, ""learning_rate"": 0.01, ""momentum"": 0.0, ""weight_decay"": 0.0005}",feature_masking,0.3,0.299983745123537,14764,0.9714285714285714,0.694,0.709,0.71445582160625,1.528849959373474,4.301729970000451,180,200,results/v2/metadata/environment.json
v2_fixed_cora,c6cbaeb,2026-07-05T22:40:27.794700+00:00,Cora,fixed,training_time,AdaGrad,47,1842051351,"{""dropout"": 0.5, ""hidden_channels"": 16, ""learning_rate"": 0.01, ""momentum"": 0.0, ""weight_decay"": 0.0005}",edge_removal,0.05,0.0498294808639636,263,0.9357142857142856,0.722,0.771,0.7674178672694673,1.4480282068252563,3.46621710297768,191,200,results/v2/metadata/environment.json
v2_fixed_cora,c6cbaeb,2026-07-05T22:40:31.321792+00:00,Cora,fixed,training_time,AdaGrad,47,2104862075,"{""dropout"": 0.5, ""hidden_channels"": 16, ""learning_rate"": 0.01, ""momentum"": 0.0, ""weight_decay"": 0.0005}",edge_removal,0.1,0.0998484274346343,527,0.9642857142857144,0.77,0.789,0.7765743975580397,1.406415939331055,3.3665513900050428,20,200,results/v2/metadata/environment.json
v2_fixed_cora,c6cbaeb,2026-07-05T22:40:35.890967+00:00,Cora,fixed,training_time,AdaGrad,47,1409412318,"{""dropout"": 0.5, ""hidden_channels"": 16, ""learning_rate"": 0.01, ""momentum"": 0.0, ""weight_decay"": 0.0005}",edge_removal,0.2,0.1998863205759757,1055,0.9857142857142858,0.734,0.727,0.7152136724606982,1.435220718383789,4.393426891008858,191,200,results/v2/metadata/environment.json
v2_fixed_cora,c6cbaeb,2026-07-05T22:40:42.003198+00:00,Cora,fixed,training_time,AdaGrad,47,1343684251,"{""dropout"": 0.5, ""hidden_channels"": 16, ""learning_rate"": 0.01, ""momentum"": 0.0, ""weight_decay"": 0.0005}",edge_removal,0.3,0.2999242137173171,1583,0.9428571428571428,0.734,0.739,0.7341793308168184,1.36910080909729,5.894882160006091,40,200,results/v2/metadata/environment.json
v2_fixed_cora,c6cbaeb,2026-07-05T22:40:55.463252+00:00,Cora,fixed,training_time,AdaGrad,47,829439021,"{""dropout"": 0.5, ""hidden_channels"": 16, ""learning_rate"": 0.01, ""momentum"": 0.0, ""weight_decay"": 0.0005}",fake_edge_addition,0.05,0.0498294808639636,263,0.9642857142857144,0.742,0.771,0.7624806532803918,1.459226131439209,3.1897894330031704,189,200,results/v2/metadata/environment.json
v2_fixed_cora,c6cbaeb,2026-07-05T22:41:08.736105+00:00,Cora,fixed,training_time,AdaGrad,47,1733135006,"{""dropout"": 0.5, ""hidden_channels"": 16, ""learning_rate"": 0.01, ""momentum"": 0.0, ""weight_decay"": 0.0005}",fake_edge_addition,0.1,0.0998484274346343,527,0.95,0.742,0.751,0.7481287737527349,1.5159119367599487,3.2086883400043007,134,200,results/v2/metadata/environment.json
v2_fixed_cora,c6cbaeb,2026-07-05T22:41:21.119454+00:00,Cora,fixed,training_time,AdaGrad,47,197534233,"{""dropout"": 0.5, ""hidden_channels"": 16, ""learning_rate"": 0.01, ""momentum"": 0.0, ""weight_decay"": 0.0005}",fake_edge_addition,0.2,0.1998863205759757,1055,0.9785714285714284,0.698,0.724,0.7158175904208478,1.5247377157211304,3.14258481800789,166,200,results/v2/metadata/environment.json
v2_fixed_cora,c6cbaeb,2026-07-05T22:41:34.141852+00:00,Cora,fixed,training_time,AdaGrad,47,1280204548,"{""dropout"": 0.5, ""hidden_channels"": 16, ""learning_rate"": 0.01, ""momentum"": 0.0, ""weight_decay"": 0.0005}",fake_edge_addition,0.3,0.2999242137173171,1583,0.9142857142857144,0.658,0.66,0.6614947990748484,1.5715038776397705,3.8619899799814448,177,200,results/v2/metadata/environment.json
v2_fixed_cora,c6cbaeb,2026-07-05T22:41:37.761989+00:00,Cora,fixed,training_time,SGD,47,1170013970,"{""dropout"": 0.5, ""hidden_channels"": 16, ""learning_rate"": 0.01, ""momentum"": 0.0, ""weight_decay"": 0.0005}",clean,0.0,0.0,0,0.2357142857142857,0.178,0.155,0.1236263030062622,1.9444200992584229,3.483901858999161,170,200,results/v2/metadata/environment.json
v2_fixed_cora,c6cbaeb,2026-07-05T22:41:41.867999+00:00,Cora,fixed,training_time,SGD,47,1294710131,"{""dropout"": 0.5, ""hidden_channels"": 16, ""learning_rate"": 0.01, ""momentum"": 0.0, ""weight_decay"": 0.0005}",feature_masking,0.05,0.049983745123537,2460,0.1428571428571428,0.072,0.091,0.0239631336405529,1.9442849159240725,3.9656914489751216,9,200,results/v2/metadata/environment.json
v2_fixed_cora,c6cbaeb,2026-07-05T22:41:45.835439+00:00,Cora,fixed,training_time,SGD,47,849586055,"{""dropout"": 0.5, ""hidden_channels"": 16, ""learning_rate"": 0.01, ""momentum"": 0.0, ""weight_decay"": 0.0005}",feature_masking,0.1,0.0999878088426527,4921,0.1928571428571428,0.082,0.097,0.0518017421225328,1.9434309005737305,3.8030436169938175,7,200,results/v2/metadata/environment.json
v2_fixed_cora,c6cbaeb,2026-07-05T22:41:49.407874+00:00,Cora,fixed,training_time,SGD,47,655669215,"{""dropout"": 0.5, ""hidden_channels"": 16, ""learning_rate"": 0.01, ""momentum"": 0.0, ""weight_decay"": 0.0005}",feature_masking,0.2,0.1999959362808842,9843,0.1642857142857142,0.12,0.128,0.0597097943571126,1.944912552833557,3.434113207011251,1,200,results/v2/metadata/environment.json
v2_fixed_cora,c6cbaeb,2026-07-05T22:41:53.041181+00:00,Cora,fixed,training_time,SGD,47,380520015,"{""dropout"": 0.5, ""hidden_channels"": 16, ""learning_rate"": 0.01, ""momentum"": 0.0, ""weight_decay"": 0.0005}",feature_masking,0.3,0.299983745123537,14764,0.1785714285714285,0.152,0.167,0.0752595155709342,1.9442638158798216,3.478784298000392,12,200,results/v2/metadata/environment.json
v2_fixed_cora,c6cbaeb,2026-07-05T22:41:56.758276+00:00,Cora,fixed,training_time,SGD,47,2094564923,"{""dropout"": 0.5, ""hidden_channels"": 16, ""learning_rate"": 0.01, ""momentum"": 0.0, ""weight_decay"": 0.0005}",edge_removal,0.05,0.0498294808639636,263,0.1714285714285714,0.138,0.152,0.0760848786396184,1.9437897205352783,3.528532614989672,123,200,results/v2/metadata/environment.json
v2_fixed_cora,c6cbaeb,2026-07-05T22:42:00.810632+00:00,Cora,fixed,training_time,SGD,47,500528244,"{""dropout"": 0.5, ""hidden_channels"": 16, ""learning_rate"": 0.01, ""momentum"": 0.0, ""weight_decay"": 0.0005}",edge_removal,0.1,0.0998484274346343,527,0.15,0.126,0.132,0.0397431079729004,1.9437414407730105,3.8621171450067777,3,200,results/v2/metadata/environment.json
v2_fixed_cora,c6cbaeb,2026-07-05T22:42:05.524529+00:00,Cora,fixed,training_time,SGD,47,1767965998,"{""dropout"": 0.5, ""hidden_channels"": 16, ""learning_rate"": 0.01, ""momentum"": 0.0, ""weight_decay"": 0.0005}",edge_removal,0.2,0.1998863205759757,1055,0.1714285714285714,0.166,0.147,0.0594404890520255,1.9425395727157595,4.510945180983981,61,200,results/v2/metadata/environment.json
v2_fixed_cora,c6cbaeb,2026-07-05T22:42:12.555445+00:00,Cora,fixed,training_time,SGD,47,1169379717,"{""dropout"": 0.5, ""hidden_channels"": 16, ""learning_rate"": 0.01, ""momentum"": 0.0, ""weight_decay"": 0.0005}",edge_removal,0.3,0.2999242137173171,1583,0.1928571428571428,0.136,0.117,0.0712972550616627,1.9446545839309688,6.841060231003212,149,200,results/v2/metadata/environment.json
v2_fixed_cora,c6cbaeb,2026-07-05T22:42:25.168317+00:00,Cora,fixed,training_time,SGD,47,475253369,"{""dropout"": 0.5, ""hidden_channels"": 16, ""learning_rate"": 0.01, ""momentum"": 0.0, ""weight_decay"": 0.0005}",fake_edge_addition,0.05,0.0498294808639636,263,0.1428571428571428,0.076,0.095,0.0335762073416379,1.944703459739685,3.013267389003886,1,200,results/v2/metadata/environment.json
v2_fixed_cora,c6cbaeb,2026-07-05T22:42:38.715657+00:00,Cora,fixed,training_time,SGD,47,1263479120,"{""dropout"": 0.5, ""hidden_channels"": 16, ""learning_rate"": 0.01, ""momentum"": 0.0, ""weight_decay"": 0.0005}",fake_edge_addition,0.1,0.0998484274346343,527,0.1428571428571428,0.122,0.127,0.0324269117834801,1.9451985359191892,3.6867215759994,108,200,results/v2/metadata/environment.json
v2_fixed_cora,c6cbaeb,2026-07-05T22:42:52.595571+00:00,Cora,fixed,training_time,SGD,47,1647518585,"{""dropout"": 0.5, ""hidden_channels"": 16, ""learning_rate"": 0.01, ""momentum"": 0.0, ""weight_decay"": 0.0005}",fake_edge_addition,0.2,0.1998863205759757,1055,0.15,0.122,0.134,0.0569741866610343,1.9444619417190552,4.031835761008551,1,200,results/v2/metadata/environment.json
v2_fixed_cora,c6cbaeb,2026-07-05T22:43:05.408069+00:00,Cora,fixed,training_time,SGD,47,174288371,"{""dropout"": 0.5, ""hidden_channels"": 16, ""learning_rate"": 0.01, ""momentum"": 0.0, ""weight_decay"": 0.0005}",fake_edge_addition,0.3,0.2999242137173171,1583,0.15,0.122,0.134,0.0517932574727567,1.945421934127808,3.309714892006013,104,200,results/v2/metadata/environment.json
v2_fixed_cora,c6cbaeb,2026-07-05T22:43:08.940710+00:00,Cora,fixed,training_time,Adam,48,1995686836,"{""dropout"": 0.5, ""hidden_channels"": 16, ""learning_rate"": 0.01, ""momentum"": 0.0, ""weight_decay"": 0.0005}",clean,0.0,0.0,0,0.9928571428571428,0.784,0.804,0.7952743834806247,0.3177193403244018,3.405986579018645,191,200,results/v2/metadata/environment.json
v2_fixed_cora,c6cbaeb,2026-07-05T22:43:12.591094+00:00,Cora,fixed,training_time,Adam,48,823376507,"{""dropout"": 0.5, ""hidden_channels"": 16, ""learning_rate"": 0.01, ""momentum"": 0.0, ""weight_decay"": 0.0005}",feature_masking,0.05,0.049983745123537,2460,1.0,0.788,0.801,0.7931206077296823,0.3691649436950683,3.510690450988477,200,200,results/v2/metadata/environment.json
v2_fixed_cora,c6cbaeb,2026-07-05T22:43:16.344661+00:00,Cora,fixed,training_time,Adam,48,808703469,"{""dropout"": 0.5, ""hidden_channels"": 16, ""learning_rate"": 0.01, ""momentum"": 0.0, ""weight_decay"": 0.0005}",feature_masking,0.1,0.0999878088426527,4921,1.0,0.784,0.801,0.793535016045808,0.3525951206684112,3.5974074410041794,190,200,results/v2/metadata/environment.json
v2_fixed_cora,c6cbaeb,2026-07-05T22:43:20.310000+00:00,Cora,fixed,training_time,Adam,48,299292753,"{""dropout"": 0.5, ""hidden_channels"": 16, ""learning_rate"": 0.01, ""momentum"": 0.0, ""weight_decay"": 0.0005}",feature_masking,0.2,0.1999959362808842,9843,0.9928571428571428,0.778,0.809,0.7959297600024088,0.3962650001049042,3.8239905679947697,121,200,results/v2/metadata/environment.json
v2_fixed_cora,c6cbaeb,2026-07-05T22:43:24.494563+00:00,Cora,fixed,training_time,Adam,48,2089991585,"{""dropout"": 0.5, ""hidden_channels"": 16, ""learning_rate"": 0.01, ""momentum"": 0.0, ""weight_decay"": 0.0005}",feature_masking,0.3,0.299983745123537,14764,0.9928571428571428,0.766,0.779,0.7678236903535943,0.4014046490192413,3.997716407990083,150,200,results/v2/metadata/environment.json
v2_fixed_cora,c6cbaeb,2026-07-05T22:43:28.608466+00:00,Cora,fixed,training_time,Adam,48,113685829,"{""dropout"": 0.5, ""hidden_channels"": 16, ""learning_rate"": 0.01, ""momentum"": 0.0, ""weight_decay"": 0.0005}",edge_removal,0.05,0.0498294808639636,263,0.9928571428571428,0.788,0.797,0.7847897504694564,0.3364540040493011,3.903654591005761,163,200,results/v2/metadata/environment.json
v2_fixed_cora,c6cbaeb,2026-07-05T22:43:32.421315+00:00,Cora,fixed,training_time,Adam,48,687836715,"{""dropout"": 0.5, ""hidden_channels"": 16, ""learning_rate"": 0.01, ""momentum"": 0.0, ""weight_decay"": 0.0005}",edge_removal,0.1,0.0998484274346343,527,0.9928571428571428,0.79,0.799,0.7875073615821618,0.3017105758190155,3.6289813320036046,72,200,results/v2/metadata/environment.json
v2_fixed_cora,c6cbaeb,2026-07-05T22:43:38.217050+00:00,Cora,fixed,training_time,Adam,48,1869221460,"{""dropout"": 0.5, ""hidden_channels"": 16, ""learning_rate"": 0.01, ""momentum"": 0.0, ""weight_decay"": 0.0005}",edge_removal,0.2,0.1998863205759757,1055,1.0,0.768,0.791,0.7797896264930942,0.3552793562412262,5.589203538023867,165,200,results/v2/metadata/environment.json
v2_fixed_cora,c6cbaeb,2026-07-05T22:43:43.497065+00:00,Cora,fixed,training_time,Adam,48,1490493168,"{""dropout"": 0.5, ""hidden_channels"": 16, ""learning_rate"": 0.01, ""momentum"": 0.0, ""weight_decay"": 0.0005}",edge_removal,0.3,0.2999242137173171,1583,1.0,0.776,0.781,0.766665509304031,0.3053466975688934,4.97188883900526,174,200,results/v2/metadata/environment.json
v2_fixed_cora,c6cbaeb,2026-07-05T22:43:55.972161+00:00,Cora,fixed,training_time,Adam,48,1848213573,"{""dropout"": 0.5, ""hidden_channels"": 16, ""learning_rate"": 0.01, ""momentum"": 0.0, ""weight_decay"": 0.0005}",fake_edge_addition,0.05,0.0498294808639636,263,1.0,0.772,0.803,0.793322529051036,0.3249964416027069,3.07516270497581,196,200,results/v2/metadata/environment.json
v2_fixed_cora,c6cbaeb,2026-07-05T22:44:09.388211+00:00,Cora,fixed,training_time,Adam,48,846105087,"{""dropout"": 0.5, ""hidden_channels"": 16, ""learning_rate"": 0.01, ""momentum"": 0.0, ""weight_decay"": 0.0005}",fake_edge_addition,0.1,0.0998484274346343,527,0.9928571428571428,0.77,0.782,0.7726052990841829,0.3310960531234741,3.3294731799978763,114,200,results/v2/metadata/environment.json
v2_fixed_cora,c6cbaeb,2026-07-05T22:44:21.687321+00:00,Cora,fixed,training_time,Adam,48,1537372007,"{""dropout"": 0.5, ""hidden_channels"": 16, ""learning_rate"": 0.01, ""momentum"": 0.0, ""weight_decay"": 0.0005}",fake_edge_addition,0.2,0.1998863205759757,1055,0.9857142857142858,0.76,0.766,0.7542165337269875,0.4276775419712066,3.127258652995806,134,200,results/v2/metadata/environment.json
v2_fixed_cora,c6cbaeb,2026-07-05T22:44:36.055725+00:00,Cora,fixed,training_time,Adam,48,226155287,"{""dropout"": 0.5, ""hidden_channels"": 16, ""learning_rate"": 0.01, ""momentum"": 0.0, ""weight_decay"": 0.0005}",fake_edge_addition,0.3,0.2999242137173171,1583,0.9785714285714284,0.712,0.761,0.7510205553200139,0.4770933985710144,3.755414112005383,197,200,results/v2/metadata/environment.json
v2_fixed_cora,c6cbaeb,2026-07-05T22:44:40.524105+00:00,Cora,fixed,training_time,AdamW,48,1735884156,"{""dropout"": 0.5, ""hidden_channels"": 16, ""learning_rate"": 0.01, ""momentum"": 0.0, ""weight_decay"": 0.0005}",clean,0.0,0.0,0,1.0,0.776,0.79,0.782703165437158,0.0428545996546745,4.318016264005564,70,200,results/v2/metadata/environment.json
v2_fixed_cora,c6cbaeb,2026-07-05T22:44:44.483843+00:00,Cora,fixed,training_time,AdamW,48,400173543,"{""dropout"": 0.5, ""hidden_channels"": 16, ""learning_rate"": 0.01, ""momentum"": 0.0, ""weight_decay"": 0.0005}",feature_masking,0.05,0.049983745123537,2460,1.0,0.78,0.786,0.7776647582107693,0.0665130391716957,3.818163324001944,72,200,results/v2/metadata/environment.json
v2_fixed_cora,c6cbaeb,2026-07-05T22:44:51.099825+00:00,Cora,fixed,training_time,AdamW,48,1879416303,"{""dropout"": 0.5, ""hidden_channels"": 16, ""learning_rate"": 0.01, ""momentum"": 0.0, ""weight_decay"": 0.0005}",feature_masking,0.1,0.0999878088426527,4921,1.0,0.754,0.768,0.7630787906031237,0.0752905681729316,6.415346525987843,61,200,results/v2/metadata/environment.json
v2_fixed_cora,c6cbaeb,2026-07-05T22:44:58.237040+00:00,Cora,fixed,training_time,AdamW,48,1907490878,"{""dropout"": 0.5, ""hidden_channels"": 16, ""learning_rate"": 0.01, ""momentum"": 0.0, ""weight_decay"": 0.0005}",feature_masking,0.2,0.1999959362808842,9843,1.0,0.778,0.788,0.7829793412004042,0.0531198605895042,6.730704054993112,45,200,results/v2/metadata/environment.json
v2_fixed_cora,c6cbaeb,2026-07-05T22:45:06.496932+00:00,Cora,fixed,training_time,AdamW,48,277085816,"{""dropout"": 0.5, ""hidden_channels"": 16, ""learning_rate"": 0.01, ""momentum"": 0.0, ""weight_decay"": 0.0005}",feature_masking,0.3,0.299983745123537,14764,1.0,0.744,0.764,0.7579863937032119,0.1203866377472877,7.895778201986104,92,200,results/v2/metadata/environment.json
v2_fixed_cora,c6cbaeb,2026-07-05T22:45:13.291423+00:00,Cora,fixed,training_time,AdamW,48,1021326686,"{""dropout"": 0.5, ""hidden_channels"": 16, ""learning_rate"": 0.01, ""momentum"": 0.0, ""weight_decay"": 0.0005}",edge_removal,0.05,0.0498294808639636,263,1.0,0.778,0.776,0.7714404901616797,0.0593961253762245,6.4323323590215296,154,200,results/v2/metadata/environment.json
v2_fixed_cora,c6cbaeb,2026-07-05T22:45:22.069882+00:00,Cora,fixed,training_time,AdamW,48,867199926,"{""dropout"": 0.5, ""hidden_channels"": 16, ""learning_rate"": 0.01, ""momentum"": 0.0, ""weight_decay"": 0.0005}",edge_removal,0.1,0.0998484274346343,527,1.0,0.752,0.762,0.763294285544828,0.0557649321854114,8.441884522006148,79,200,results/v2/metadata/environment.json
v2_fixed_cora,c6cbaeb,2026-07-05T22:45:28.289202+00:00,Cora,fixed,training_time,AdamW,48,380661713,"{""dropout"": 0.5, ""hidden_channels"": 16, ""learning_rate"": 0.01, ""momentum"": 0.0, ""weight_decay"": 0.0005}",edge_removal,0.2,0.1998863205759757,1055,1.0,0.75,0.755,0.7475578931933452,0.0556868277490139,5.8515231650089845,67,200,results/v2/metadata/environment.json
v2_fixed_cora,c6cbaeb,2026-07-05T22:45:34.854187+00:00,Cora,fixed,training_time,AdamW,48,1345843887,"{""dropout"": 0.5, ""hidden_channels"": 16, ""learning_rate"": 0.01, ""momentum"": 0.0, ""weight_decay"": 0.0005}",edge_removal,0.3,0.2999242137173171,1583,1.0,0.7,0.71,0.7059105018244595,0.0953225716948509,6.142964111000765,81,200,results/v2/metadata/environment.json
v2_fixed_cora,c6cbaeb,2026-07-05T22:45:58.870864+00:00,Cora,fixed,training_time,AdamW,48,1044726165,"{""dropout"": 0.5, ""hidden_channels"": 16, ""learning_rate"": 0.01, ""momentum"": 0.0, ""weight_decay"": 0.0005}",fake_edge_addition,0.05,0.0498294808639636,263,1.0,0.75,0.777,0.7750963412900791,0.0749220997095108,6.864315626997268,90,200,results/v2/metadata/environment.json
v2_fixed_cora,c6cbaeb,2026-07-05T22:46:18.676988+00:00,Cora,fixed,training_time,AdamW,48,1515886871,"{""dropout"": 0.5, ""hidden_channels"": 16, ""learning_rate"": 0.01, ""momentum"": 0.0, ""weight_decay"": 0.0005}",fake_edge_addition,0.1,0.0998484274346343,527,1.0,0.738,0.767,0.7557058295526974,0.0613988265395164,5.162779161997605,96,200,results/v2/metadata/environment.json
v2_fixed_cora,c6cbaeb,2026-07-05T22:46:38.716167+00:00,Cora,fixed,training_time,AdamW,48,1064968752,"{""dropout"": 0.5, ""hidden_channels"": 16, ""learning_rate"": 0.01, ""momentum"": 0.0, ""weight_decay"": 0.0005}",fake_edge_addition,0.2,0.1998863205759757,1055,1.0,0.726,0.741,0.7280935881733374,0.0624302439391613,5.340543179976521,106,200,results/v2/metadata/environment.json
v2_fixed_cora,c6cbaeb,2026-07-05T22:46:57.491721+00:00,Cora,fixed,training_time,AdamW,48,1116538844,"{""dropout"": 0.5, ""hidden_channels"": 16, ""learning_rate"": 0.01, ""momentum"": 0.0, ""weight_decay"": 0.0005}",fake_edge_addition,0.3,0.2999242137173171,1583,1.0,0.704,0.719,0.7131842778660197,0.0769722983241081,5.052509283006657,84,200,results/v2/metadata/environment.json
v2_fixed_cora,c6cbaeb,2026-07-05T22:47:06.035051+00:00,Cora,fixed,training_time,RMSProp,48,1705379299,"{""dropout"": 0.5, ""hidden_channels"": 16, ""learning_rate"": 0.01, ""momentum"": 0.0, ""weight_decay"": 0.0005}",clean,0.0,0.0,0,1.0,0.774,0.789,0.7870726567893461,0.4832871556282043,8.290790773986373,149,200,results/v2/metadata/environment.json
v2_fixed_cora,c6cbaeb,2026-07-05T22:47:14.320501+00:00,Cora,fixed,training_time,RMSProp,48,632392726,"{""dropout"": 0.5, ""hidden_channels"": 16, ""learning_rate"": 0.01, ""momentum"": 0.0, ""weight_decay"": 0.0005}",feature_masking,0.05,0.049983745123537,2460,1.0,0.786,0.801,0.7930540741251662,0.2858881056308746,7.9309918120270595,76,200,results/v2/metadata/environment.json
v2_fixed_cora,c6cbaeb,2026-07-05T22:47:21.480889+00:00,Cora,fixed,training_time,RMSProp,48,717192671,"{""dropout"": 0.5, ""hidden_channels"": 16, ""learning_rate"": 0.01, ""momentum"": 0.0, ""weight_decay"": 0.0005}",feature_masking,0.1,0.0999878088426527,4921,1.0,0.784,0.801,0.7905241272893734,0.3808358907699585,6.834200390992919,131,200,results/v2/metadata/environment.json
v2_fixed_cora,c6cbaeb,2026-07-05T22:47:28.231180+00:00,Cora,fixed,training_time,RMSProp,48,580732550,"{""dropout"": 0.5, ""hidden_channels"": 16, ""learning_rate"": 0.01, ""momentum"": 0.0, ""weight_decay"": 0.0005}",feature_masking,0.2,0.1999959362808842,9843,0.9928571428571428,0.792,0.805,0.7898565840654762,0.3534344136714935,6.4366939370229375,48,200,results/v2/metadata/environment.json
v2_fixed_cora,c6cbaeb,2026-07-05T22:47:37.552733+00:00,Cora,fixed,training_time,RMSProp,48,1204840247,"{""dropout"": 0.5, ""hidden_channels"": 16, ""learning_rate"": 0.01, ""momentum"": 0.0, ""weight_decay"": 0.0005}",feature_masking,0.3,0.299983745123537,14764,1.0,0.778,0.797,0.7881861077032042,0.4500794410705566,8.99128531498718,167,200,results/v2/metadata/environment.json
v2_fixed_cora,c6cbaeb,2026-07-05T22:47:44.952851+00:00,Cora,fixed,training_time,RMSProp,48,1678900599,"{""dropout"": 0.5, ""hidden_channels"": 16, ""learning_rate"": 0.01, ""momentum"": 0.0, ""weight_decay"": 0.0005}",edge_removal,0.05,0.0498294808639636,263,1.0,0.792,0.81,0.7999052167761285,0.3017315864562988,6.951985047984636,76,200,results/v2/metadata/environment.json
v2_fixed_cora,c6cbaeb,2026-07-05T22:47:53.240087+00:00,Cora,fixed,training_time,RMSProp,48,1317574056,"{""dropout"": 0.5, ""hidden_channels"": 16, ""learning_rate"": 0.01, ""momentum"": 0.0, ""weight_decay"": 0.0005}",edge_removal,0.1,0.0998484274346343,527,1.0,0.768,0.795,0.7873123532726002,0.2763695418834686,7.939340470009483,56,200,results/v2/metadata/environment.json
v2_fixed_cora,c6cbaeb,2026-07-05T22:48:00.861945+00:00,Cora,fixed,training_time,RMSProp,48,985631127,"{""dropout"": 0.5, ""hidden_channels"": 16, ""learning_rate"": 0.01, ""momentum"": 0.0, ""weight_decay"": 0.0005}",edge_removal,0.2,0.1998863205759757,1055,1.0,0.772,0.778,0.7611853180664511,0.3318880498409271,7.280678868992254,44,200,results/v2/metadata/environment.json
v2_fixed_cora,c6cbaeb,2026-07-05T22:48:08.912590+00:00,Cora,fixed,training_time,RMSProp,48,1882079675,"{""dropout"": 0.5, ""hidden_channels"": 16, ""learning_rate"": 0.01, ""momentum"": 0.0, ""weight_decay"": 0.0005}",edge_removal,0.3,0.2999242137173171,1583,1.0,0.742,0.766,0.7544960223628453,0.3995011746883392,7.644881657994119,104,200,results/v2/metadata/environment.json
v2_fixed_cora,c6cbaeb,2026-07-05T22:48:31.928540+00:00,Cora,fixed,training_time,RMSProp,48,670325685,"{""dropout"": 0.5, ""hidden_channels"": 16, ""learning_rate"": 0.01, ""momentum"": 0.0, ""weight_decay"": 0.0005}",fake_edge_addition,0.05,0.0498294808639636,263,0.9928571428571428,0.77,0.79,0.7837187547362038,0.3684805333614349,7.319865150988335,66,200,results/v2/metadata/environment.json
v2_fixed_cora,c6cbaeb,2026-07-05T22:49:03.623549+00:00,Cora,fixed,training_time,RMSProp,48,219637923,"{""dropout"": 0.5, ""hidden_channels"": 16, ""learning_rate"": 0.01, ""momentum"": 0.0, ""weight_decay"": 0.0005}",fake_edge_addition,0.1,0.0998484274346343,527,1.0,0.752,0.781,0.7730364800635853,0.4077255427837372,12.88493816900882,143,200,results/v2/metadata/environment.json
v2_fixed_cora,c6cbaeb,2026-07-05T22:49:30.408997+00:00,Cora,fixed,training_time,RMSProp,48,814835381,"{""dropout"": 0.5, ""hidden_channels"": 16, ""learning_rate"": 0.01, ""momentum"": 0.0, ""weight_decay"": 0.0005}",fake_edge_addition,0.2,0.1998863205759757,1055,0.9928571428571428,0.744,0.76,0.7539038597013973,0.405710369348526,8.289419746986823,54,200,results/v2/metadata/environment.json
v2_fixed_cora,c6cbaeb,2026-07-05T22:49:58.573113+00:00,Cora,fixed,training_time,RMSProp,48,236293678,"{""dropout"": 0.5, ""hidden_channels"": 16, ""learning_rate"": 0.01, ""momentum"": 0.0, ""weight_decay"": 0.0005}",fake_edge_addition,0.3,0.2999242137173171,1583,0.9857142857142858,0.736,0.74,0.7289209867147289,0.4830349385738373,8.774953888001619,179,200,results/v2/metadata/environment.json
v2_fixed_cora,c6cbaeb,2026-07-05T22:50:08.226093+00:00,Cora,fixed,training_time,AdaGrad,48,560038260,"{""dropout"": 0.5, ""hidden_channels"": 16, ""learning_rate"": 0.01, ""momentum"": 0.0, ""weight_decay"": 0.0005}",clean,0.0,0.0,0,0.9428571428571428,0.736,0.758,0.7522458506388404,1.4780406951904297,9.318095461989287,178,200,results/v2/metadata/environment.json
v2_fixed_cora,c6cbaeb,2026-07-05T22:50:23.867462+00:00,Cora,fixed,training_time,AdaGrad,48,1650349295,"{""dropout"": 0.5, ""hidden_channels"": 16, ""learning_rate"": 0.01, ""momentum"": 0.0, ""weight_decay"": 0.0005}",feature_masking,0.05,0.049983745123537,2460,0.95,0.75,0.79,0.7724779539059099,1.4523706436157229,15.240370746003464,194,200,results/v2/metadata/environment.json
v2_fixed_cora,c6cbaeb,2026-07-05T22:50:32.493441+00:00,Cora,fixed,training_time,AdaGrad,48,1003671997,"{""dropout"": 0.5, ""hidden_channels"": 16, ""learning_rate"": 0.01, ""momentum"": 0.0, ""weight_decay"": 0.0005}",feature_masking,0.1,0.0999878088426527,4921,0.9571428571428572,0.772,0.773,0.7645159063891167,1.477155089378357,8.335733195999637,195,200,results/v2/metadata/environment.json
v2_fixed_cora,c6cbaeb,2026-07-05T22:51:20.011336+00:00,Cora,fixed,training_time,AdaGrad,48,909587133,"{""dropout"": 0.5, ""hidden_channels"": 16, ""learning_rate"": 0.01, ""momentum"": 0.0, ""weight_decay"": 0.0005}",feature_masking,0.2,0.1999959362808842,9843,0.95,0.726,0.755,0.7424471557363196,1.5408979654312134,46.8085839599953,156,200,results/v2/metadata/environment.json
v2_fixed_cora,c6cbaeb,2026-07-05T22:52:53.624222+00:00,Cora,fixed,training_time,AdaGrad,48,254629130,"{""dropout"": 0.5, ""hidden_channels"": 16, ""learning_rate"": 0.01, ""momentum"": 0.0, ""weight_decay"": 0.0005}",feature_masking,0.3,0.299983745123537,14764,0.9285714285714286,0.668,0.727,0.7235454321572095,1.5861896276474,91.93884869798784,24,200,results/v2/metadata/environment.json
v2_fixed_cora,c6cbaeb,2026-07-05T22:53:41.134908+00:00,Cora,fixed,training_time,AdaGrad,48,251997395,"{""dropout"": 0.5, ""hidden_channels"": 16, ""learning_rate"": 0.01, ""momentum"": 0.0, ""weight_decay"": 0.0005}",edge_removal,0.05,0.0498294808639636,263,0.9357142857142856,0.752,0.775,0.7655123854766422,1.368899703025818,46.65889240201796,188,200,results/v2/metadata/environment.json
v2_fixed_cora,c6cbaeb,2026-07-05T22:54:18.136214+00:00,Cora,fixed,training_time,AdaGrad,48,1332486023,"{""dropout"": 0.5, ""hidden_channels"": 16, ""learning_rate"": 0.01, ""momentum"": 0.0, ""weight_decay"": 0.0005}",edge_removal,0.1,0.0998484274346343,527,0.9642857142857144,0.778,0.787,0.7796279829270508,1.394234299659729,35.81818026400288,144,200,results/v2/metadata/environment.json
v2_fixed_cora,c6cbaeb,2026-07-05T22:55:43.457943+00:00,Cora,fixed,training_time,AdaGrad,48,1244438025,"{""dropout"": 0.5, ""hidden_channels"": 16, ""learning_rate"": 0.01, ""momentum"": 0.0, ""weight_decay"": 0.0005}",edge_removal,0.2,0.1998863205759757,1055,0.9928571428571428,0.768,0.773,0.7603824830211003,1.4019172191619873,83.67113615499693,195,200,results/v2/metadata/environment.json
v2_fixed_cora,c6cbaeb,2026-07-05T22:56:53.902965+00:00,Cora,fixed,training_time,AdaGrad,48,1338578914,"{""dropout"": 0.5, ""hidden_channels"": 16, ""learning_rate"": 0.01, ""momentum"": 0.0, ""weight_decay"": 0.0005}",edge_removal,0.3,0.2999242137173171,1583,0.9642857142857144,0.732,0.749,0.7464640084280242,1.4046658277511597,69.12212713900954,187,200,results/v2/metadata/environment.json
v2_fixed_cora,c6cbaeb,2026-07-05T22:58:49.991684+00:00,Cora,fixed,training_time,AdaGrad,48,1569559740,"{""dropout"": 0.5, ""hidden_channels"": 16, ""learning_rate"": 0.01, ""momentum"": 0.0, ""weight_decay"": 0.0005}",fake_edge_addition,0.05,0.0498294808639636,263,0.9642857142857144,0.726,0.754,0.7465909096072382,1.419840931892395,42.8730559439864,8,200,results/v2/metadata/environment.json
v2_fixed_cora,c6cbaeb,2026-07-05T23:02:33.359524+00:00,Cora,fixed,training_time,AdaGrad,48,77440963,"{""dropout"": 0.5, ""hidden_channels"": 16, ""learning_rate"": 0.01, ""momentum"": 0.0, ""weight_decay"": 0.0005}",fake_edge_addition,0.1,0.0998484274346343,527,0.9428571428571428,0.702,0.737,0.7360450756219497,1.4759629964828491,126.44563690698124,195,200,results/v2/metadata/environment.json
v2_fixed_cora,c6cbaeb,2026-07-05T23:04:21.534300+00:00,Cora,fixed,training_time,AdaGrad,48,559588154,"{""dropout"": 0.5, ""hidden_channels"": 16, ""learning_rate"": 0.01, ""momentum"": 0.0, ""weight_decay"": 0.0005}",fake_edge_addition,0.2,0.1998863205759757,1055,0.9642857142857144,0.742,0.734,0.7243676531464366,1.542605757713318,46.28341092701885,181,200,results/v2/metadata/environment.json
v2_fixed_cora,c6cbaeb,2026-07-05T23:05:56.664623+00:00,Cora,fixed,training_time,AdaGrad,48,677274239,"{""dropout"": 0.5, ""hidden_channels"": 16, ""learning_rate"": 0.01, ""momentum"": 0.0, ""weight_decay"": 0.0005}",fake_edge_addition,0.3,0.2999242137173171,1583,0.9357142857142856,0.692,0.688,0.6702447770256831,1.5820186138153076,19.4248676779971,142,200,results/v2/metadata/environment.json
v2_fixed_cora,c6cbaeb,2026-07-05T23:06:26.089776+00:00,Cora,fixed,training_time,SGD,48,945679100,"{""dropout"": 0.5, ""hidden_channels"": 16, ""learning_rate"": 0.01, ""momentum"": 0.0, ""weight_decay"": 0.0005}",clean,0.0,0.0,0,0.1428571428571428,0.122,0.13,0.0329865516366404,1.944985032081604,28.80328034298145,155,200,results/v2/metadata/environment.json
v2_fixed_cora,c6cbaeb,2026-07-05T23:06:39.156492+00:00,Cora,fixed,training_time,SGD,48,915124424,"{""dropout"": 0.5, ""hidden_channels"": 16, ""learning_rate"": 0.01, ""momentum"": 0.0, ""weight_decay"": 0.0005}",feature_masking,0.05,0.049983745123537,2460,0.2357142857142857,0.188,0.17,0.0942565266831594,1.943819999694824,12.452424011018593,1,200,results/v2/metadata/environment.json
v2_fixed_cora,c6cbaeb,2026-07-05T23:06:49.549005+00:00,Cora,fixed,training_time,SGD,48,1616001338,"{""dropout"": 0.5, ""hidden_channels"": 16, ""learning_rate"": 0.01, ""momentum"": 0.0, ""weight_decay"": 0.0005}",feature_masking,0.1,0.0999878088426527,4921,0.1357142857142857,0.074,0.07,0.0320765561850996,1.945082783699036,9.93967294500908,29,200,results/v2/metadata/environment.json
v2_fixed_cora,c6cbaeb,2026-07-05T23:06:58.239514+00:00,Cora,fixed,training_time,SGD,48,2129185095,"{""dropout"": 0.5, ""hidden_channels"": 16, ""learning_rate"": 0.01, ""momentum"": 0.0, ""weight_decay"": 0.0005}",feature_masking,0.2,0.1999959362808842,9843,0.1714285714285714,0.164,0.157,0.0693307487218114,1.9452959299087524,8.194186799984891,188,200,results/v2/metadata/environment.json
v2_fixed_cora,c6cbaeb,2026-07-05T23:07:07.461056+00:00,Cora,fixed,training_time,SGD,48,1658117017,"{""dropout"": 0.5, ""hidden_channels"": 16, ""learning_rate"": 0.01, ""momentum"": 0.0, ""weight_decay"": 0.0005}",feature_masking,0.3,0.299983745123537,14764,0.1571428571428571,0.148,0.099,0.0785015246387501,1.944624781608581,8.795715776999714,198,200,results/v2/metadata/environment.json
v2_fixed_cora,c6cbaeb,2026-07-05T23:07:16.146120+00:00,Cora,fixed,training_time,SGD,48,1496931591,"{""dropout"": 0.5, ""hidden_channels"": 16, ""learning_rate"": 0.01, ""momentum"": 0.0, ""weight_decay"": 0.0005}",edge_removal,0.05,0.0498294808639636,263,0.2428571428571428,0.118,0.138,0.0983874822807421,1.944614291191101,7.978236744005699,168,200,results/v2/metadata/environment.json
v2_fixed_cora,c6cbaeb,2026-07-05T23:07:26.595913+00:00,Cora,fixed,training_time,SGD,48,562330205,"{""dropout"": 0.5, ""hidden_channels"": 16, ""learning_rate"": 0.01, ""momentum"": 0.0, ""weight_decay"": 0.0005}",edge_removal,0.1,0.0998484274346343,527,0.1571428571428571,0.126,0.131,0.0409021272882765,1.94265878200531,10.041939394024666,2,200,results/v2/metadata/environment.json
v2_fixed_cora,c6cbaeb,2026-07-05T23:07:35.065338+00:00,Cora,fixed,training_time,SGD,48,1654603443,"{""dropout"": 0.5, ""hidden_channels"": 16, ""learning_rate"": 0.01, ""momentum"": 0.0, ""weight_decay"": 0.0005}",edge_removal,0.2,0.1998863205759757,1055,0.2071428571428571,0.148,0.15,0.0904494252791715,1.9428845643997192,7.627780228009215,1,200,results/v2/metadata/environment.json
v2_fixed_cora,c6cbaeb,2026-07-05T23:07:53.297195+00:00,Cora,fixed,training_time,SGD,48,550711749,"{""dropout"": 0.5, ""hidden_channels"": 16, ""learning_rate"": 0.01, ""momentum"": 0.0, ""weight_decay"": 0.0005}",edge_removal,0.3,0.2999242137173171,1583,0.2571428571428571,0.176,0.175,0.1498864375670132,1.94520115852356,17.689785536989802,194,200,results/v2/metadata/environment.json
v2_fixed_cora,c6cbaeb,2026-07-05T23:08:24.247693+00:00,Cora,fixed,training_time,SGD,48,1649729099,"{""dropout"": 0.5, ""hidden_channels"": 16, ""learning_rate"": 0.01, ""momentum"": 0.0, ""weight_decay"": 0.0005}",fake_edge_addition,0.05,0.0498294808639636,263,0.2428571428571428,0.116,0.124,0.1043467065731055,1.944962859153748,7.371080046985298,28,200,results/v2/metadata/environment.json
v2_fixed_cora,c6cbaeb,2026-07-05T23:08:57.396497+00:00,Cora,fixed,training_time,SGD,48,487063707,"{""dropout"": 0.5, ""hidden_channels"": 16, ""learning_rate"": 0.01, ""momentum"": 0.0, ""weight_decay"": 0.0005}",fake_edge_addition,0.1,0.0998484274346343,527,0.2071428571428571,0.146,0.134,0.085561671655435,1.9436442852020264,7.633409194007982,200,200,results/v2/metadata/environment.json
v2_fixed_cora,c6cbaeb,2026-07-05T23:09:40.639700+00:00,Cora,fixed,training_time,SGD,48,1261317606,"{""dropout"": 0.5, ""hidden_channels"": 16, ""learning_rate"": 0.01, ""momentum"": 0.0, ""weight_decay"": 0.0005}",fake_edge_addition,0.2,0.1998863205759757,1055,0.15,0.17,0.165,0.0747648715816048,1.9454598426818848,8.301024679007242,34,200,results/v2/metadata/environment.json
v2_fixed_cora,c6cbaeb,2026-07-05T23:10:35.791845+00:00,Cora,fixed,training_time,SGD,48,428027891,"{""dropout"": 0.5, ""hidden_channels"": 16, ""learning_rate"": 0.01, ""momentum"": 0.0, ""weight_decay"": 0.0005}",fake_edge_addition,0.3,0.2999242137173171,1583,0.1357142857142857,0.124,0.136,0.0570987199094529,1.9450057744979856,22.864259069989203,43,200,results/v2/metadata/environment.json
v2_fixed_cora,c6cbaeb,2026-07-05T23:11:14.998251+00:00,Cora,fixed,training_time,Adam,49,1488625979,"{""dropout"": 0.5, ""hidden_channels"": 16, ""learning_rate"": 0.01, ""momentum"": 0.0, ""weight_decay"": 0.0005}",clean,0.0,0.0,0,1.0,0.786,0.813,0.8062588218694451,0.2700200974941253,38.54938572397805,138,200,results/v2/metadata/environment.json
v2_fixed_cora,c6cbaeb,2026-07-05T23:11:32.693221+00:00,Cora,fixed,training_time,Adam,49,131241370,"{""dropout"": 0.5, ""hidden_channels"": 16, ""learning_rate"": 0.01, ""momentum"": 0.0, ""weight_decay"": 0.0005}",feature_masking,0.05,0.049983745123537,2460,1.0,0.772,0.814,0.8033402443305036,0.3191573023796081,17.160833374015056,188,200,results/v2/metadata/environment.json
v2_fixed_cora,c6cbaeb,2026-07-05T23:11:54.746679+00:00,Cora,fixed,training_time,Adam,49,1403326160,"{""dropout"": 0.5, ""hidden_channels"": 16, ""learning_rate"": 0.01, ""momentum"": 0.0, ""weight_decay"": 0.0005}",feature_masking,0.1,0.0999878088426527,4921,0.9928571428571428,0.776,0.798,0.7873920176392689,0.3690457344055176,21.45623070001602,103,200,results/v2/metadata/environment.json
v2_fixed_cora,c6cbaeb,2026-07-05T23:12:08.651558+00:00,Cora,fixed,training_time,Adam,49,952419831,"{""dropout"": 0.5, ""hidden_channels"": 16, ""learning_rate"": 0.01, ""momentum"": 0.0, ""weight_decay"": 0.0005}",feature_masking,0.2,0.1999959362808842,9843,1.0,0.77,0.797,0.7853451974085992,0.316726416349411,13.447894152021036,136,200,results/v2/metadata/environment.json
v2_fixed_cora,c6cbaeb,2026-07-05T23:12:16.974933+00:00,Cora,fixed,training_time,Adam,49,1955545375,"{""dropout"": 0.5, ""hidden_channels"": 16, ""learning_rate"": 0.01, ""momentum"": 0.0, ""weight_decay"": 0.0005}",feature_masking,0.3,0.299983745123537,14764,0.9928571428571428,0.758,0.767,0.755617111297188,0.3702435195446014,7.946945313975448,155,200,results/v2/metadata/environment.json
v2_fixed_cora,c6cbaeb,2026-07-05T23:12:25.865598+00:00,Cora,fixed,training_time,Adam,49,1374969059,"{""dropout"": 0.5, ""hidden_channels"": 16, ""learning_rate"": 0.01, ""momentum"": 0.0, ""weight_decay"": 0.0005}",edge_removal,0.05,0.0498294808639636,263,0.9928571428571428,0.784,0.807,0.7903503847157473,0.3388881981372833,8.392545979993884,121,200,results/v2/metadata/environment.json
v2_fixed_cora,c6cbaeb,2026-07-05T23:12:35.107388+00:00,Cora,fixed,training_time,Adam,49,458683013,"{""dropout"": 0.5, ""hidden_channels"": 16, ""learning_rate"": 0.01, ""momentum"": 0.0, ""weight_decay"": 0.0005}",edge_removal,0.1,0.0998484274346343,527,1.0,0.794,0.797,0.7827978726069801,0.3200754523277282,8.681213285017293,61,200,results/v2/metadata/environment.json
v2_fixed_cora,c6cbaeb,2026-07-05T23:12:47.228623+00:00,Cora,fixed,training_time,Adam,49,1128178433,"{""dropout"": 0.5, ""hidden_channels"": 16, ""learning_rate"": 0.01, ""momentum"": 0.0, ""weight_decay"": 0.0005}",edge_removal,0.2,0.1998863205759757,1055,1.0,0.754,0.776,0.767096991203438,0.2661559879779815,11.617587296990678,101,200,results/v2/metadata/environment.json
v2_fixed_cora,c6cbaeb,2026-07-05T23:12:55.303547+00:00,Cora,fixed,training_time,Adam,49,1599738237,"{""dropout"": 0.5, ""hidden_channels"": 16, ""learning_rate"": 0.01, ""momentum"": 0.0, ""weight_decay"": 0.0005}",edge_removal,0.3,0.2999242137173171,1583,1.0,0.756,0.767,0.752877009646922,0.3652331233024597,7.641168981994269,60,200,results/v2/metadata/environment.json
v2_fixed_cora,c6cbaeb,2026-07-05T23:13:37.120040+00:00,Cora,fixed,training_time,Adam,49,121371383,"{""dropout"": 0.5, ""hidden_channels"": 16, ""learning_rate"": 0.01, ""momentum"": 0.0, ""weight_decay"": 0.0005}",fake_edge_addition,0.05,0.0498294808639636,263,1.0,0.78,0.799,0.7915313128123717,0.3033449947834015,8.250064799009124,172,200,results/v2/metadata/environment.json
v2_fixed_cora,c6cbaeb,2026-07-05T23:14:14.031514+00:00,Cora,fixed,training_time,Adam,49,728126085,"{""dropout"": 0.5, ""hidden_channels"": 16, ""learning_rate"": 0.01, ""momentum"": 0.0, ""weight_decay"": 0.0005}",fake_edge_addition,0.1,0.0998484274346343,527,1.0,0.76,0.79,0.7791170873366854,0.3329014182090759,8.65889224098646,190,200,results/v2/metadata/environment.json
v2_fixed_cora,c6cbaeb,2026-07-05T23:14:56.366115+00:00,Cora,fixed,training_time,Adam,49,1228205324,"{""dropout"": 0.5, ""hidden_channels"": 16, ""learning_rate"": 0.01, ""momentum"": 0.0, ""weight_decay"": 0.0005}",fake_edge_addition,0.2,0.1998863205759757,1055,0.9928571428571428,0.724,0.754,0.7464259161923482,0.4571031033992767,12.347637936996762,176,200,results/v2/metadata/environment.json
v2_fixed_cora,c6cbaeb,2026-07-05T23:15:35.265239+00:00,Cora,fixed,training_time,Adam,49,1522556614,"{""dropout"": 0.5, ""hidden_channels"": 16, ""learning_rate"": 0.01, ""momentum"": 0.0, ""weight_decay"": 0.0005}",fake_edge_addition,0.3,0.2999242137173171,1583,1.0,0.744,0.77,0.759850515632528,0.4507270157337188,8.29900811801781,165,200,results/v2/metadata/environment.json
v2_fixed_cora,c6cbaeb,2026-07-05T23:15:44.177941+00:00,Cora,fixed,training_time,AdamW,49,1357146464,"{""dropout"": 0.5, ""hidden_channels"": 16, ""learning_rate"": 0.01, ""momentum"": 0.0, ""weight_decay"": 0.0005}",clean,0.0,0.0,0,1.0,0.774,0.78,0.7726649296651329,0.0884818285703659,8.51948155197897,69,200,results/v2/metadata/environment.json
v2_fixed_cora,c6cbaeb,2026-07-05T23:15:55.466712+00:00,Cora,fixed,training_time,AdamW,49,1706207888,"{""dropout"": 0.5, ""hidden_channels"": 16, ""learning_rate"": 0.01, ""momentum"": 0.0, ""weight_decay"": 0.0005}",feature_masking,0.05,0.049983745123537,2460,1.0,0.79,0.794,0.7842814067545356,0.0566847398877143,10.911142892000498,156,200,results/v2/metadata/environment.json
v2_fixed_cora,c6cbaeb,2026-07-05T23:16:06.611367+00:00,Cora,fixed,training_time,AdamW,49,1809993213,"{""dropout"": 0.5, ""hidden_channels"": 16, ""learning_rate"": 0.01, ""momentum"": 0.0, ""weight_decay"": 0.0005}",feature_masking,0.1,0.0999878088426527,4921,1.0,0.784,0.78,0.7706851453659362,0.0528523251414299,10.595398475008553,185,200,results/v2/metadata/environment.json
v2_fixed_cora,c6cbaeb,2026-07-05T23:16:33.319305+00:00,Cora,fixed,training_time,AdamW,49,1901305627,"{""dropout"": 0.5, ""hidden_channels"": 16, ""learning_rate"": 0.01, ""momentum"": 0.0, ""weight_decay"": 0.0005}",feature_masking,0.2,0.1999959362808842,9843,1.0,0.756,0.789,0.7770803813587107,0.0705261901021003,25.95368789799977,72,200,results/v2/metadata/environment.json
v2_fixed_cora,c6cbaeb,2026-07-05T23:16:44.057453+00:00,Cora,fixed,training_time,AdamW,49,1391687604,"{""dropout"": 0.5, ""hidden_channels"": 16, ""learning_rate"": 0.01, ""momentum"": 0.0, ""weight_decay"": 0.0005}",feature_masking,0.3,0.299983745123537,14764,1.0,0.728,0.765,0.7586341426983353,0.0848558098077774,10.144795779022388,44,200,results/v2/metadata/environment.json
v2_fixed_cora,c6cbaeb,2026-07-05T23:16:53.529734+00:00,Cora,fixed,training_time,AdamW,49,2072431451,"{""dropout"": 0.5, ""hidden_channels"": 16, ""learning_rate"": 0.01, ""momentum"": 0.0, ""weight_decay"": 0.0005}",edge_removal,0.05,0.0498294808639636,263,1.0,0.756,0.778,0.773170653967041,0.0640840530395507,9.0122732000018,70,200,results/v2/metadata/environment.json
v2_fixed_cora,c6cbaeb,2026-07-05T23:17:05.478183+00:00,Cora,fixed,training_time,AdamW,49,1994999946,"{""dropout"": 0.5, ""hidden_channels"": 16, ""learning_rate"": 0.01, ""momentum"": 0.0, ""weight_decay"": 0.0005}",edge_removal,0.1,0.0998484274346343,527,1.0,0.79,0.781,0.774751396185576,0.0661617070436477,11.521649239002729,127,200,results/v2/metadata/environment.json
v2_fixed_cora,c6cbaeb,2026-07-05T23:17:09.136982+00:00,Cora,fixed,training_time,AdamW,49,1599418668,"{""dropout"": 0.5, ""hidden_channels"": 16, ""learning_rate"": 0.01, ""momentum"": 0.0, ""weight_decay"": 0.0005}",edge_removal,0.2,0.1998863205759757,1055,1.0,0.774,0.771,0.7638331921630088,0.0862455368041992,3.5154779389849864,136,200,results/v2/metadata/environment.json
v2_fixed_cora,c6cbaeb,2026-07-05T23:17:12.720487+00:00,Cora,fixed,training_time,AdamW,49,1564706098,"{""dropout"": 0.5, ""hidden_channels"": 16, ""learning_rate"": 0.01, ""momentum"": 0.0, ""weight_decay"": 0.0005}",edge_removal,0.3,0.2999242137173171,1583,1.0,0.74,0.732,0.7228218675037571,0.0714563876390457,3.413121553981909,160,200,results/v2/metadata/environment.json
v2_fixed_cora,c6cbaeb,2026-07-05T23:17:24.530433+00:00,Cora,fixed,training_time,AdamW,49,357136351,"{""dropout"": 0.5, ""hidden_channels"": 16, ""learning_rate"": 0.01, ""momentum"": 0.0, ""weight_decay"": 0.0005}",fake_edge_addition,0.05,0.0498294808639636,263,1.0,0.774,0.771,0.7604545437892228,0.0730425715446472,3.034364723978797,26,200,results/v2/metadata/environment.json
v2_fixed_cora,c6cbaeb,2026-07-05T23:17:40.470517+00:00,Cora,fixed,training_time,AdamW,49,756272569,"{""dropout"": 0.5, ""hidden_channels"": 16, ""learning_rate"": 0.01, ""momentum"": 0.0, ""weight_decay"": 0.0005}",fake_edge_addition,0.1,0.0998484274346343,527,1.0,0.742,0.77,0.7562300095206019,0.0745139420032501,7.287308369996026,104,200,results/v2/metadata/environment.json
v2_fixed_cora,c6cbaeb,2026-07-05T23:17:52.860036+00:00,Cora,fixed,training_time,AdamW,49,1369154859,"{""dropout"": 0.5, ""hidden_channels"": 16, ""learning_rate"": 0.01, ""momentum"": 0.0, ""weight_decay"": 0.0005}",fake_edge_addition,0.2,0.1998863205759757,1055,1.0,0.722,0.751,0.7449803373438143,0.0914200320839881,3.230968410003697,62,200,results/v2/metadata/environment.json
v2_fixed_cora,c6cbaeb,2026-07-05T23:18:04.975746+00:00,Cora,fixed,training_time,AdamW,49,2041125229,"{""dropout"": 0.5, ""hidden_channels"": 16, ""learning_rate"": 0.01, ""momentum"": 0.0, ""weight_decay"": 0.0005}",fake_edge_addition,0.3,0.2999242137173171,1583,1.0,0.694,0.723,0.7104730593566696,0.0785075053572654,3.2889032480015885,114,200,results/v2/metadata/environment.json
v2_fixed_cora,c6cbaeb,2026-07-05T23:18:09.108877+00:00,Cora,fixed,training_time,RMSProp,49,405112013,"{""dropout"": 0.5, ""hidden_channels"": 16, ""learning_rate"": 0.01, ""momentum"": 0.0, ""weight_decay"": 0.0005}",clean,0.0,0.0,0,1.0,0.784,0.8,0.7924217607410637,0.3800603449344635,3.998405852005817,92,200,results/v2/metadata/environment.json
v2_fixed_cora,c6cbaeb,2026-07-05T23:18:13.420396+00:00,Cora,fixed,training_time,RMSProp,49,323415906,"{""dropout"": 0.5, ""hidden_channels"": 16, ""learning_rate"": 0.01, ""momentum"": 0.0, ""weight_decay"": 0.0005}",feature_masking,0.05,0.049983745123537,2460,1.0,0.79,0.8,0.7896243723260774,0.3595186769962311,4.176785232004477,58,200,results/v2/metadata/environment.json
v2_fixed_cora,c6cbaeb,2026-07-05T23:18:18.372908+00:00,Cora,fixed,training_time,RMSProp,49,655214592,"{""dropout"": 0.5, ""hidden_channels"": 16, ""learning_rate"": 0.01, ""momentum"": 0.0, ""weight_decay"": 0.0005}",feature_masking,0.1,0.0999878088426527,4921,1.0,0.782,0.804,0.8029106167884111,0.3341895341873169,4.798560243973043,181,200,results/v2/metadata/environment.json
v2_fixed_cora,c6cbaeb,2026-07-05T23:18:22.603454+00:00,Cora,fixed,training_time,RMSProp,49,1227751400,"{""dropout"": 0.5, ""hidden_channels"": 16, ""learning_rate"": 0.01, ""momentum"": 0.0, ""weight_decay"": 0.0005}",feature_masking,0.2,0.1999959362808842,9843,0.9928571428571428,0.772,0.783,0.7729895792048921,0.4522530734539032,4.096664352982771,150,200,results/v2/metadata/environment.json
v2_fixed_cora,c6cbaeb,2026-07-05T23:18:26.488296+00:00,Cora,fixed,training_time,RMSProp,49,817673410,"{""dropout"": 0.5, ""hidden_channels"": 16, ""learning_rate"": 0.01, ""momentum"": 0.0, ""weight_decay"": 0.0005}",feature_masking,0.3,0.299983745123537,14764,1.0,0.782,0.78,0.7696604586597191,0.3728347420692444,3.7440549090097193,101,200,results/v2/metadata/environment.json
v2_fixed_cora,c6cbaeb,2026-07-05T23:18:30.405814+00:00,Cora,fixed,training_time,RMSProp,49,2127478641,"{""dropout"": 0.5, ""hidden_channels"": 16, ""learning_rate"": 0.01, ""momentum"": 0.0, ""weight_decay"": 0.0005}",edge_removal,0.05,0.0498294808639636,263,1.0,0.796,0.8,0.7910252032354477,0.2829737365245819,3.779042381007457,22,200,results/v2/metadata/environment.json
v2_fixed_cora,c6cbaeb,2026-07-05T23:18:34.658265+00:00,Cora,fixed,training_time,RMSProp,49,1305864656,"{""dropout"": 0.5, ""hidden_channels"": 16, ""learning_rate"": 0.01, ""momentum"": 0.0, ""weight_decay"": 0.0005}",edge_removal,0.1,0.0998484274346343,527,1.0,0.784,0.794,0.7779884195806913,0.324312299489975,4.093643094995059,70,200,results/v2/metadata/environment.json
v2_fixed_cora,c6cbaeb,2026-07-05T23:18:38.764178+00:00,Cora,fixed,training_time,RMSProp,49,1979004668,"{""dropout"": 0.5, ""hidden_channels"": 16, ""learning_rate"": 0.01, ""momentum"": 0.0, ""weight_decay"": 0.0005}",edge_removal,0.2,0.1998863205759757,1055,1.0,0.792,0.801,0.7952805217047209,0.3633593022823334,3.9693325550179,78,200,results/v2/metadata/environment.json
v2_fixed_cora,c6cbaeb,2026-07-05T23:18:42.668461+00:00,Cora,fixed,training_time,RMSProp,49,253094033,"{""dropout"": 0.5, ""hidden_channels"": 16, ""learning_rate"": 0.01, ""momentum"": 0.0, ""weight_decay"": 0.0005}",edge_removal,0.3,0.2999242137173171,1583,1.0,0.766,0.776,0.7598683011787913,0.3369342982769012,3.755655223008944,47,200,results/v2/metadata/environment.json
v2_fixed_cora,c6cbaeb,2026-07-05T23:18:55.500764+00:00,Cora,fixed,training_time,RMSProp,49,1087943298,"{""dropout"": 0.5, ""hidden_channels"": 16, ""learning_rate"": 0.01, ""momentum"": 0.0, ""weight_decay"": 0.0005}",fake_edge_addition,0.05,0.0498294808639636,263,1.0,0.792,0.796,0.7845383630288085,0.3862828314304352,4.147109079000074,146,200,results/v2/metadata/environment.json
v2_fixed_cora,c6cbaeb,2026-07-05T23:19:10.399040+00:00,Cora,fixed,training_time,RMSProp,49,1875023275,"{""dropout"": 0.5, ""hidden_channels"": 16, ""learning_rate"": 0.01, ""momentum"": 0.0, ""weight_decay"": 0.0005}",fake_edge_addition,0.1,0.0998484274346343,527,0.9928571428571428,0.758,0.786,0.7730862601364029,0.367818146944046,6.1791396949847694,174,200,results/v2/metadata/environment.json
v2_fixed_cora,c6cbaeb,2026-07-05T23:19:22.582874+00:00,Cora,fixed,training_time,RMSProp,49,2120387713,"{""dropout"": 0.5, ""hidden_channels"": 16, ""learning_rate"": 0.01, ""momentum"": 0.0, ""weight_decay"": 0.0005}",fake_edge_addition,0.2,0.1998863205759757,1055,1.0,0.782,0.767,0.7578487992395272,0.3814859688282013,3.57432900799904,153,200,results/v2/metadata/environment.json
v2_fixed_cora,c6cbaeb,2026-07-05T23:19:35.297752+00:00,Cora,fixed,training_time,RMSProp,49,484171206,"{""dropout"": 0.5, ""hidden_channels"": 16, ""learning_rate"": 0.01, ""momentum"": 0.0, ""weight_decay"": 0.0005}",fake_edge_addition,0.3,0.2999242137173171,1583,0.9571428571428572,0.712,0.729,0.7241769293365465,0.6351200938224792,4.026883288985118,182,200,results/v2/metadata/environment.json
v2_fixed_cora,c6cbaeb,2026-07-05T23:19:38.634446+00:00,Cora,fixed,training_time,AdaGrad,49,627965296,"{""dropout"": 0.5, ""hidden_channels"": 16, ""learning_rate"": 0.01, ""momentum"": 0.0, ""weight_decay"": 0.0005}",clean,0.0,0.0,0,0.9571428571428572,0.748,0.779,0.7677635954028398,1.4372135400772097,3.223488001007354,20,200,results/v2/metadata/environment.json
v2_fixed_cora,c6cbaeb,2026-07-05T23:19:42.317168+00:00,Cora,fixed,training_time,AdaGrad,49,457514171,"{""dropout"": 0.5, ""hidden_channels"": 16, ""learning_rate"": 0.01, ""momentum"": 0.0, ""weight_decay"": 0.0005}",feature_masking,0.05,0.049983745123537,2460,0.9571428571428572,0.748,0.769,0.7621170628056684,1.4687520265579224,3.368580884009134,200,200,results/v2/metadata/environment.json
v2_fixed_cora,c6cbaeb,2026-07-05T23:19:45.575331+00:00,Cora,fixed,training_time,AdaGrad,49,1588495448,"{""dropout"": 0.5, ""hidden_channels"": 16, ""learning_rate"": 0.01, ""momentum"": 0.0, ""weight_decay"": 0.0005}",feature_masking,0.1,0.0999878088426527,4921,0.95,0.76,0.785,0.7727778608829465,1.4602949619293213,3.093794396991143,150,200,results/v2/metadata/environment.json
v2_fixed_cora,c6cbaeb,2026-07-05T23:19:48.819836+00:00,Cora,fixed,training_time,AdaGrad,49,24084535,"{""dropout"": 0.5, ""hidden_channels"": 16, ""learning_rate"": 0.01, ""momentum"": 0.0, ""weight_decay"": 0.0005}",feature_masking,0.2,0.1999959362808842,9843,0.9642857142857144,0.708,0.726,0.7223573785534496,1.5053977966308594,3.116042153007584,30,200,results/v2/metadata/environment.json
v2_fixed_cora,c6cbaeb,2026-07-05T23:19:52.106395+00:00,Cora,fixed,training_time,AdaGrad,49,323957429,"{""dropout"": 0.5, ""hidden_channels"": 16, ""learning_rate"": 0.01, ""momentum"": 0.0, ""weight_decay"": 0.0005}",feature_masking,0.3,0.299983745123537,14764,0.95,0.738,0.725,0.7240575869230552,1.5537117719650269,3.1513978599978145,175,200,results/v2/metadata/environment.json
v2_fixed_cora,c6cbaeb,2026-07-05T23:19:55.327240+00:00,Cora,fixed,training_time,AdaGrad,49,621734073,"{""dropout"": 0.5, ""hidden_channels"": 16, ""learning_rate"": 0.01, ""momentum"": 0.0, ""weight_decay"": 0.0005}",edge_removal,0.05,0.0498294808639636,263,0.95,0.738,0.752,0.7487528396352998,1.438612699508667,3.092494505021022,174,200,results/v2/metadata/environment.json
v2_fixed_cora,c6cbaeb,2026-07-05T23:19:58.564546+00:00,Cora,fixed,training_time,AdaGrad,49,1468124818,"{""dropout"": 0.5, ""hidden_channels"": 16, ""learning_rate"": 0.01, ""momentum"": 0.0, ""weight_decay"": 0.0005}",edge_removal,0.1,0.0998484274346343,527,0.9785714285714284,0.752,0.764,0.7560588859804904,1.398390293121338,3.100197945983382,198,200,results/v2/metadata/environment.json
v2_fixed_cora,c6cbaeb,2026-07-05T23:20:04.244909+00:00,Cora,fixed,training_time,AdaGrad,49,1713786048,"{""dropout"": 0.5, ""hidden_channels"": 16, ""learning_rate"": 0.01, ""momentum"": 0.0, ""weight_decay"": 0.0005}",edge_removal,0.2,0.1998863205759757,1055,0.9571428571428572,0.738,0.76,0.7514087050201834,1.441167950630188,5.555769881000742,186,200,results/v2/metadata/environment.json
v2_fixed_cora,c6cbaeb,2026-07-05T23:20:08.054307+00:00,Cora,fixed,training_time,AdaGrad,49,1027155345,"{""dropout"": 0.5, ""hidden_channels"": 16, ""learning_rate"": 0.01, ""momentum"": 0.0, ""weight_decay"": 0.0005}",edge_removal,0.3,0.2999242137173171,1583,0.9928571428571428,0.75,0.754,0.7445581893580305,1.4050217866897583,3.6737196299945936,89,200,results/v2/metadata/environment.json
v2_fixed_cora,c6cbaeb,2026-07-05T23:20:19.204966+00:00,Cora,fixed,training_time,AdaGrad,49,1405446239,"{""dropout"": 0.5, ""hidden_channels"": 16, ""learning_rate"": 0.01, ""momentum"": 0.0, ""weight_decay"": 0.0005}",fake_edge_addition,0.05,0.0498294808639636,263,0.9642857142857144,0.712,0.739,0.7444679109263552,1.4249759912490845,2.698796123993816,177,200,results/v2/metadata/environment.json
v2_fixed_cora,c6cbaeb,2026-07-05T23:20:30.158689+00:00,Cora,fixed,training_time,AdaGrad,49,1017138578,"{""dropout"": 0.5, ""hidden_channels"": 16, ""learning_rate"": 0.01, ""momentum"": 0.0, ""weight_decay"": 0.0005}",fake_edge_addition,0.1,0.0998484274346343,527,0.9571428571428572,0.75,0.77,0.7608948913391422,1.4270504713058472,2.7631689879926853,149,200,results/v2/metadata/environment.json
v2_fixed_cora,c6cbaeb,2026-07-05T23:20:43.575766+00:00,Cora,fixed,training_time,AdaGrad,49,1653727756,"{""dropout"": 0.5, ""hidden_channels"": 16, ""learning_rate"": 0.01, ""momentum"": 0.0, ""weight_decay"": 0.0005}",fake_edge_addition,0.2,0.1998863205759757,1055,0.95,0.698,0.729,0.7272097924066051,1.5426000356674194,5.0786016340134665,187,200,results/v2/metadata/environment.json
v2_fixed_cora,c6cbaeb,2026-07-05T23:20:54.910903+00:00,Cora,fixed,training_time,AdaGrad,49,93284202,"{""dropout"": 0.5, ""hidden_channels"": 16, ""learning_rate"": 0.01, ""momentum"": 0.0, ""weight_decay"": 0.0005}",fake_edge_addition,0.3,0.2999242137173171,1583,0.9571428571428572,0.72,0.735,0.7278123781891525,1.5734413862228394,2.89568146399688,195,200,results/v2/metadata/environment.json
v2_fixed_cora,c6cbaeb,2026-07-05T23:20:57.924131+00:00,Cora,fixed,training_time,SGD,49,204708001,"{""dropout"": 0.5, ""hidden_channels"": 16, ""learning_rate"": 0.01, ""momentum"": 0.0, ""weight_decay"": 0.0005}",clean,0.0,0.0,0,0.1785714285714285,0.172,0.169,0.0950975789685467,1.944888710975647,2.9030468230193947,62,200,results/v2/metadata/environment.json
v2_fixed_cora,c6cbaeb,2026-07-05T23:21:01.623596+00:00,Cora,fixed,training_time,SGD,49,1178307715,"{""dropout"": 0.5, ""hidden_channels"": 16, ""learning_rate"": 0.01, ""momentum"": 0.0, ""weight_decay"": 0.0005}",feature_masking,0.05,0.049983745123537,2460,0.1428571428571428,0.134,0.131,0.0511620607495969,1.9445332288742063,3.554724086017813,63,200,results/v2/metadata/environment.json
v2_fixed_cora,c6cbaeb,2026-07-05T23:21:05.067627+00:00,Cora,fixed,training_time,SGD,49,1614848338,"{""dropout"": 0.5, ""hidden_channels"": 16, ""learning_rate"": 0.01, ""momentum"": 0.0, ""weight_decay"": 0.0005}",feature_masking,0.1,0.0999878088426527,4921,0.15,0.162,0.172,0.0819130632710933,1.9445809125900269,3.3062898860080168,1,200,results/v2/metadata/environment.json
v2_fixed_cora,c6cbaeb,2026-07-05T23:21:08.342503+00:00,Cora,fixed,training_time,SGD,49,641398211,"{""dropout"": 0.5, ""hidden_channels"": 16, ""learning_rate"": 0.01, ""momentum"": 0.0, ""weight_decay"": 0.0005}",feature_masking,0.2,0.1999959362808842,9843,0.1428571428571428,0.124,0.133,0.0413044990723562,1.9418145418167116,3.1478547060105484,16,200,results/v2/metadata/environment.json
v2_fixed_cora,c6cbaeb,2026-07-05T23:21:11.722207+00:00,Cora,fixed,training_time,SGD,49,498974109,"{""dropout"": 0.5, ""hidden_channels"": 16, ""learning_rate"": 0.01, ""momentum"": 0.0, ""weight_decay"": 0.0005}",feature_masking,0.3,0.299983745123537,14764,0.15,0.168,0.152,0.0423664984280863,1.9445548057556152,3.238914704998024,3,200,results/v2/metadata/environment.json
v2_fixed_cora,c6cbaeb,2026-07-05T23:21:14.945959+00:00,Cora,fixed,training_time,SGD,49,1506991980,"{""dropout"": 0.5, ""hidden_channels"": 16, ""learning_rate"": 0.01, ""momentum"": 0.0, ""weight_decay"": 0.0005}",edge_removal,0.05,0.0498294808639636,263,0.1571428571428571,0.172,0.17,0.0799896760266205,1.944234848022461,3.0957029900164343,10,200,results/v2/metadata/environment.json
v2_fixed_cora,c6cbaeb,2026-07-05T23:21:18.290940+00:00,Cora,fixed,training_time,SGD,49,298920273,"{""dropout"": 0.5, ""hidden_channels"": 16, ""learning_rate"": 0.01, ""momentum"": 0.0, ""weight_decay"": 0.0005}",edge_removal,0.1,0.0998484274346343,527,0.1214285714285714,0.102,0.123,0.048265205069034,1.9443440437316892,3.2013698279915843,1,200,results/v2/metadata/environment.json
v2_fixed_cora,c6cbaeb,2026-07-05T23:21:21.595098+00:00,Cora,fixed,training_time,SGD,49,1271751143,"{""dropout"": 0.5, ""hidden_channels"": 16, ""learning_rate"": 0.01, ""momentum"": 0.0, ""weight_decay"": 0.0005}",edge_removal,0.2,0.1998863205759757,1055,0.1428571428571428,0.162,0.149,0.0403925451869953,1.9431781768798828,3.170288185006939,80,200,results/v2/metadata/environment.json
v2_fixed_cora,c6cbaeb,2026-07-05T23:21:24.874866+00:00,Cora,fixed,training_time,SGD,49,1959297882,"{""dropout"": 0.5, ""hidden_channels"": 16, ""learning_rate"": 0.01, ""momentum"": 0.0, ""weight_decay"": 0.0005}",edge_removal,0.3,0.2999242137173171,1583,0.1428571428571428,0.146,0.145,0.0763531271493237,1.94312596321106,3.1327258640085347,147,200,results/v2/metadata/environment.json
v2_fixed_cora,c6cbaeb,2026-07-05T23:21:36.885688+00:00,Cora,fixed,training_time,SGD,49,921348529,"{""dropout"": 0.5, ""hidden_channels"": 16, ""learning_rate"": 0.01, ""momentum"": 0.0, ""weight_decay"": 0.0005}",fake_edge_addition,0.05,0.0498294808639636,263,0.2071428571428571,0.196,0.191,0.1194858787103866,1.9440715312957764,2.8210819240193814,114,200,results/v2/metadata/environment.json
v2_fixed_cora,c6cbaeb,2026-07-05T23:21:48.034879+00:00,Cora,fixed,training_time,SGD,49,912229734,"{""dropout"": 0.5, ""hidden_channels"": 16, ""learning_rate"": 0.01, ""momentum"": 0.0, ""weight_decay"": 0.0005}",fake_edge_addition,0.1,0.0998484274346343,527,0.1785714285714285,0.206,0.204,0.1161311597326412,1.944392204284668,2.8278027909982484,74,200,results/v2/metadata/environment.json
v2_fixed_cora,c6cbaeb,2026-07-05T23:21:59.172428+00:00,Cora,fixed,training_time,SGD,49,1633187148,"{""dropout"": 0.5, ""hidden_channels"": 16, ""learning_rate"": 0.01, ""momentum"": 0.0, ""weight_decay"": 0.0005}",fake_edge_addition,0.2,0.1998863205759757,1055,0.1357142857142857,0.064,0.07,0.0305449994796741,1.9459730386734009,2.9037042740092147,15,200,results/v2/metadata/environment.json
v2_fixed_cora,c6cbaeb,2026-07-05T23:22:13.483804+00:00,Cora,fixed,training_time,SGD,49,393360192,"{""dropout"": 0.5, ""hidden_channels"": 16, ""learning_rate"": 0.01, ""momentum"": 0.0, ""weight_decay"": 0.0005}",fake_edge_addition,0.3,0.2999242137173171,1583,0.1571428571428571,0.13,0.147,0.0702291826018034,1.9450193643569944,3.368714741984149,105,200,results/v2/metadata/environment.json
v2_fixed_cora,c6cbaeb,2026-07-05T23:22:16.830634+00:00,Cora,fixed,training_time,Adam,50,713987860,"{""dropout"": 0.5, ""hidden_channels"": 16, ""learning_rate"": 0.01, ""momentum"": 0.0, ""weight_decay"": 0.0005}",clean,0.0,0.0,0,1.0,0.792,0.8,0.7926297368981431,0.3186162114143371,3.2275389889837243,71,200,results/v2/metadata/environment.json
v2_fixed_cora,c6cbaeb,2026-07-05T23:22:20.259656+00:00,Cora,fixed,training_time,Adam,50,1483094292,"{""dropout"": 0.5, ""hidden_channels"": 16, ""learning_rate"": 0.01, ""momentum"": 0.0, ""weight_decay"": 0.0005}",feature_masking,0.05,0.049983745123537,2460,1.0,0.796,0.81,0.7997109926817573,0.3090739846229553,3.2615012239839416,89,200,results/v2/metadata/environment.json
v2_fixed_cora,c6cbaeb,2026-07-05T23:22:23.681449+00:00,Cora,fixed,training_time,Adam,50,1166590609,"{""dropout"": 0.5, ""hidden_channels"": 16, ""learning_rate"": 0.01, ""momentum"": 0.0, ""weight_decay"": 0.0005}",feature_masking,0.1,0.0999878088426527,4921,0.9928571428571428,0.776,0.8,0.7886530483900289,0.3466918170452118,3.280695517983986,157,200,results/v2/metadata/environment.json
v2_fixed_cora,c6cbaeb,2026-07-05T23:22:27.031868+00:00,Cora,fixed,training_time,Adam,50,600152687,"{""dropout"": 0.5, ""hidden_channels"": 16, ""learning_rate"": 0.01, ""momentum"": 0.0, ""weight_decay"": 0.0005}",feature_masking,0.2,0.1999959362808842,9843,1.0,0.77,0.784,0.7729089480173895,0.3840266764163971,3.2257535469834693,77,200,results/v2/metadata/environment.json
v2_fixed_cora,c6cbaeb,2026-07-05T23:22:30.389580+00:00,Cora,fixed,training_time,Adam,50,1226944084,"{""dropout"": 0.5, ""hidden_channels"": 16, ""learning_rate"": 0.01, ""momentum"": 0.0, ""weight_decay"": 0.0005}",feature_masking,0.3,0.299983745123537,14764,1.0,0.778,0.776,0.7637607344042071,0.3972298800945282,3.2165493339998648,167,200,results/v2/metadata/environment.json
v2_fixed_cora,c6cbaeb,2026-07-05T23:22:34.366391+00:00,Cora,fixed,training_time,Adam,50,50891214,"{""dropout"": 0.5, ""hidden_channels"": 16, ""learning_rate"": 0.01, ""momentum"": 0.0, ""weight_decay"": 0.0005}",edge_removal,0.05,0.0498294808639636,263,1.0,0.778,0.815,0.7989194128086735,0.3145111203193664,3.841173396009253,76,200,results/v2/metadata/environment.json
v2_fixed_cora,c6cbaeb,2026-07-05T23:22:38.835832+00:00,Cora,fixed,training_time,Adam,50,1485423826,"{""dropout"": 0.5, ""hidden_channels"": 16, ""learning_rate"": 0.01, ""momentum"": 0.0, ""weight_decay"": 0.0005}",edge_removal,0.1,0.0998484274346343,527,1.0,0.77,0.803,0.7968274048439543,0.3327902257442474,4.274771584983682,193,200,results/v2/metadata/environment.json
v2_fixed_cora,c6cbaeb,2026-07-05T23:22:42.852829+00:00,Cora,fixed,training_time,Adam,50,238598620,"{""dropout"": 0.5, ""hidden_channels"": 16, ""learning_rate"": 0.01, ""momentum"": 0.0, ""weight_decay"": 0.0005}",edge_removal,0.2,0.1998863205759757,1055,0.9928571428571428,0.768,0.789,0.77714219225202,0.3191238045692444,3.851249895989895,117,200,results/v2/metadata/environment.json
v2_fixed_cora,c6cbaeb,2026-07-05T23:22:46.099072+00:00,Cora,fixed,training_time,Adam,50,984618146,"{""dropout"": 0.5, ""hidden_channels"": 16, ""learning_rate"": 0.01, ""momentum"": 0.0, ""weight_decay"": 0.0005}",edge_removal,0.3,0.2999242137173171,1583,1.0,0.752,0.772,0.7534365154395065,0.2947971224784851,3.1170725809934083,129,200,results/v2/metadata/environment.json
v2_fixed_cora,c6cbaeb,2026-07-05T23:22:57.621358+00:00,Cora,fixed,training_time,Adam,50,1931709819,"{""dropout"": 0.5, ""hidden_channels"": 16, ""learning_rate"": 0.01, ""momentum"": 0.0, ""weight_decay"": 0.0005}",fake_edge_addition,0.05,0.0498294808639636,263,1.0,0.778,0.792,0.780637750618352,0.3196184635162353,2.843532772996696,86,200,results/v2/metadata/environment.json
v2_fixed_cora,c6cbaeb,2026-07-05T23:23:09.258075+00:00,Cora,fixed,training_time,Adam,50,708768224,"{""dropout"": 0.5, ""hidden_channels"": 16, ""learning_rate"": 0.01, ""momentum"": 0.0, ""weight_decay"": 0.0005}",fake_edge_addition,0.1,0.0998484274346343,527,0.9928571428571428,0.766,0.778,0.7645561078972981,0.3969356417655945,3.027192485984415,117,200,results/v2/metadata/environment.json
v2_fixed_cora,c6cbaeb,2026-07-05T23:23:21.291198+00:00,Cora,fixed,training_time,Adam,50,170586018,"{""dropout"": 0.5, ""hidden_channels"": 16, ""learning_rate"": 0.01, ""momentum"": 0.0, ""weight_decay"": 0.0005}",fake_edge_addition,0.2,0.1998863205759757,1055,1.0,0.758,0.754,0.7435791174737982,0.4571844339370727,3.10434459199314,193,200,results/v2/metadata/environment.json
v2_fixed_cora,c6cbaeb,2026-07-05T23:23:32.888275+00:00,Cora,fixed,training_time,Adam,50,1915778289,"{""dropout"": 0.5, ""hidden_channels"": 16, ""learning_rate"": 0.01, ""momentum"": 0.0, ""weight_decay"": 0.0005}",fake_edge_addition,0.3,0.2999242137173171,1583,0.9928571428571428,0.726,0.741,0.7319222960232246,0.4589211046695709,3.0869198860018514,182,200,results/v2/metadata/environment.json
v2_fixed_cora,c6cbaeb,2026-07-05T23:23:37.632755+00:00,Cora,fixed,training_time,AdamW,50,1038195238,"{""dropout"": 0.5, ""hidden_channels"": 16, ""learning_rate"": 0.01, ""momentum"": 0.0, ""weight_decay"": 0.0005}",clean,0.0,0.0,0,1.0,0.788,0.798,0.7887907980023396,0.0406995601952075,4.612872275989503,138,200,results/v2/metadata/environment.json
v2_fixed_cora,c6cbaeb,2026-07-05T23:23:42.600260+00:00,Cora,fixed,training_time,AdamW,50,1884213147,"{""dropout"": 0.5, ""hidden_channels"": 16, ""learning_rate"": 0.01, ""momentum"": 0.0, ""weight_decay"": 0.0005}",feature_masking,0.05,0.049983745123537,2460,1.0,0.774,0.773,0.768896375480305,0.065113753080368,4.819578690017806,93,200,results/v2/metadata/environment.json
v2_fixed_cora,c6cbaeb,2026-07-05T23:23:46.038422+00:00,Cora,fixed,training_time,AdamW,50,1689336404,"{""dropout"": 0.5, ""hidden_channels"": 16, ""learning_rate"": 0.01, ""momentum"": 0.0, ""weight_decay"": 0.0005}",feature_masking,0.1,0.0999878088426527,4921,1.0,0.788,0.78,0.77143059522287,0.0747614204883575,3.298379678017227,139,200,results/v2/metadata/environment.json
v2_fixed_cora,c6cbaeb,2026-07-05T23:23:49.464890+00:00,Cora,fixed,training_time,AdamW,50,868232870,"{""dropout"": 0.5, ""hidden_channels"": 16, ""learning_rate"": 0.01, ""momentum"": 0.0, ""weight_decay"": 0.0005}",feature_masking,0.2,0.1999959362808842,9843,1.0,0.764,0.763,0.7525345344417523,0.063211053609848,3.2982446480018552,79,200,results/v2/metadata/environment.json
v2_fixed_cora,c6cbaeb,2026-07-05T23:23:53.470856+00:00,Cora,fixed,training_time,AdamW,50,1658447151,"{""dropout"": 0.5, ""hidden_channels"": 16, ""learning_rate"": 0.01, ""momentum"": 0.0, ""weight_decay"": 0.0005}",feature_masking,0.3,0.299983745123537,14764,1.0,0.73,0.78,0.7684054895498684,0.0940568819642067,3.8648368880094495,150,200,results/v2/metadata/environment.json
v2_fixed_cora,c6cbaeb,2026-07-05T23:23:56.971782+00:00,Cora,fixed,training_time,AdamW,50,1107404083,"{""dropout"": 0.5, ""hidden_channels"": 16, ""learning_rate"": 0.01, ""momentum"": 0.0, ""weight_decay"": 0.0005}",edge_removal,0.05,0.0498294808639636,263,1.0,0.782,0.788,0.7832156886923501,0.0693036019802093,3.3576588589930907,51,200,results/v2/metadata/environment.json
v2_fixed_cora,c6cbaeb,2026-07-05T23:24:00.529118+00:00,Cora,fixed,training_time,AdamW,50,829592281,"{""dropout"": 0.5, ""hidden_channels"": 16, ""learning_rate"": 0.01, ""momentum"": 0.0, ""weight_decay"": 0.0005}",edge_removal,0.1,0.0998484274346343,527,1.0,0.774,0.772,0.7647962380893139,0.0610335618257522,3.407060581987025,106,200,results/v2/metadata/environment.json
v2_fixed_cora,c6cbaeb,2026-07-05T23:24:04.265596+00:00,Cora,fixed,training_time,AdamW,50,1459569192,"{""dropout"": 0.5, ""hidden_channels"": 16, ""learning_rate"": 0.01, ""momentum"": 0.0, ""weight_decay"": 0.0005}",edge_removal,0.2,0.1998863205759757,1055,1.0,0.728,0.751,0.732020006248888,0.0482341088354587,3.560186913004145,92,200,results/v2/metadata/environment.json
v2_fixed_cora,c6cbaeb,2026-07-05T23:24:07.790188+00:00,Cora,fixed,training_time,AdamW,50,1330298828,"{""dropout"": 0.5, ""hidden_channels"": 16, ""learning_rate"": 0.01, ""momentum"": 0.0, ""weight_decay"": 0.0005}",edge_removal,0.3,0.2999242137173171,1583,0.9928571428571428,0.718,0.711,0.7153102502189629,0.068217396736145,3.3668076710018795,48,200,results/v2/metadata/environment.json
v2_fixed_cora,c6cbaeb,2026-07-05T23:24:19.306449+00:00,Cora,fixed,training_time,AdamW,50,409403560,"{""dropout"": 0.5, ""hidden_channels"": 16, ""learning_rate"": 0.01, ""momentum"": 0.0, ""weight_decay"": 0.0005}",fake_edge_addition,0.05,0.0498294808639636,263,1.0,0.778,0.782,0.7736113333883562,0.0501084923744201,2.844179225008702,100,200,results/v2/metadata/environment.json
v2_fixed_cora,c6cbaeb,2026-07-05T23:24:30.630593+00:00,Cora,fixed,training_time,AdamW,50,1695481922,"{""dropout"": 0.5, ""hidden_channels"": 16, ""learning_rate"": 0.01, ""momentum"": 0.0, ""weight_decay"": 0.0005}",fake_edge_addition,0.1,0.0998484274346343,527,1.0,0.738,0.744,0.7397493001235195,0.0682212933897972,2.895365953008877,70,200,results/v2/metadata/environment.json
v2_fixed_cora,c6cbaeb,2026-07-05T23:24:42.529382+00:00,Cora,fixed,training_time,AdamW,50,1205263057,"{""dropout"": 0.5, ""hidden_channels"": 16, ""learning_rate"": 0.01, ""momentum"": 0.0, ""weight_decay"": 0.0005}",fake_edge_addition,0.2,0.1998863205759757,1055,1.0,0.742,0.746,0.7352136440302728,0.0683025121688842,2.939692502986873,92,200,results/v2/metadata/environment.json
v2_fixed_cora,c6cbaeb,2026-07-05T23:24:53.867826+00:00,Cora,fixed,training_time,AdamW,50,811393581,"{""dropout"": 0.5, ""hidden_channels"": 16, ""learning_rate"": 0.01, ""momentum"": 0.0, ""weight_decay"": 0.0005}",fake_edge_addition,0.3,0.2999242137173171,1583,1.0,0.698,0.745,0.7307675387962931,0.1120779514312744,3.008024933980778,61,200,results/v2/metadata/environment.json
v2_fixed_cora,c6cbaeb,2026-07-05T23:24:57.657171+00:00,Cora,fixed,training_time,RMSProp,50,1854691331,"{""dropout"": 0.5, ""hidden_channels"": 16, ""learning_rate"": 0.01, ""momentum"": 0.0, ""weight_decay"": 0.0005}",clean,0.0,0.0,0,1.0,0.786,0.807,0.7963200535016478,0.3843092024326324,3.6716890390089247,135,200,results/v2/metadata/environment.json
v2_fixed_cora,c6cbaeb,2026-07-05T23:25:05.302214+00:00,Cora,fixed,training_time,RMSProp,50,644952941,"{""dropout"": 0.5, ""hidden_channels"": 16, ""learning_rate"": 0.01, ""momentum"": 0.0, ""weight_decay"": 0.0005}",feature_masking,0.05,0.049983745123537,2460,1.0,0.792,0.796,0.7853559543928316,0.4039788246154785,7.416644949989859,96,200,results/v2/metadata/environment.json
v2_fixed_cora,c6cbaeb,2026-07-05T23:25:18.103030+00:00,Cora,fixed,training_time,RMSProp,50,1473838012,"{""dropout"": 0.5, ""hidden_channels"": 16, ""learning_rate"": 0.01, ""momentum"": 0.0, ""weight_decay"": 0.0005}",feature_masking,0.1,0.0999878088426527,4921,1.0,0.782,0.814,0.8010985674046839,0.3772937357425689,12.327475714002505,52,200,results/v2/metadata/environment.json
v2_fixed_cora,c6cbaeb,2026-07-05T23:25:24.835892+00:00,Cora,fixed,training_time,RMSProp,50,1823285048,"{""dropout"": 0.5, ""hidden_channels"": 16, ""learning_rate"": 0.01, ""momentum"": 0.0, ""weight_decay"": 0.0005}",feature_masking,0.2,0.1999959362808842,9843,1.0,0.77,0.787,0.7798281336749991,0.5083709359169006,6.43397056197864,138,200,results/v2/metadata/environment.json
v2_fixed_cora,c6cbaeb,2026-07-05T23:25:31.158215+00:00,Cora,fixed,training_time,RMSProp,50,519237601,"{""dropout"": 0.5, ""hidden_channels"": 16, ""learning_rate"": 0.01, ""momentum"": 0.0, ""weight_decay"": 0.0005}",feature_masking,0.3,0.299983745123537,14764,0.9928571428571428,0.772,0.788,0.783320385062636,0.45268514752388,6.036152613989543,53,200,results/v2/metadata/environment.json
v2_fixed_cora,c6cbaeb,2026-07-05T23:25:38.279661+00:00,Cora,fixed,training_time,RMSProp,50,2077232020,"{""dropout"": 0.5, ""hidden_channels"": 16, ""learning_rate"": 0.01, ""momentum"": 0.0, ""weight_decay"": 0.0005}",edge_removal,0.05,0.0498294808639636,263,1.0,0.794,0.791,0.7825855257092815,0.3549656867980957,6.807796492998023,66,200,results/v2/metadata/environment.json
v2_fixed_cora,c6cbaeb,2026-07-05T23:25:46.550647+00:00,Cora,fixed,training_time,RMSProp,50,1498475493,"{""dropout"": 0.5, ""hidden_channels"": 16, ""learning_rate"": 0.01, ""momentum"": 0.0, ""weight_decay"": 0.0005}",edge_removal,0.1,0.0998484274346343,527,1.0,0.786,0.776,0.7625975247317269,0.4486279189586639,7.923325451993151,75,200,results/v2/metadata/environment.json
v2_fixed_cora,c6cbaeb,2026-07-05T23:25:52.870870+00:00,Cora,fixed,training_time,RMSProp,50,1818742776,"{""dropout"": 0.5, ""hidden_channels"": 16, ""learning_rate"": 0.01, ""momentum"": 0.0, ""weight_decay"": 0.0005}",edge_removal,0.2,0.1998863205759757,1055,1.0,0.788,0.793,0.7804254275196206,0.3157886266708374,6.025889687996823,87,200,results/v2/metadata/environment.json
v2_fixed_cora,c6cbaeb,2026-07-05T23:25:59.723511+00:00,Cora,fixed,training_time,RMSProp,50,616528916,"{""dropout"": 0.5, ""hidden_channels"": 16, ""learning_rate"": 0.01, ""momentum"": 0.0, ""weight_decay"": 0.0005}",edge_removal,0.3,0.2999242137173171,1583,1.0,0.736,0.775,0.764139600459889,0.4219619333744049,6.548172447015531,177,200,results/v2/metadata/environment.json
v2_fixed_cora,c6cbaeb,2026-07-05T23:26:20.121215+00:00,Cora,fixed,training_time,RMSProp,50,551826124,"{""dropout"": 0.5, ""hidden_channels"": 16, ""learning_rate"": 0.01, ""momentum"": 0.0, ""weight_decay"": 0.0005}",fake_edge_addition,0.05,0.0498294808639636,263,0.9928571428571428,0.772,0.809,0.7967552391376804,0.4987479746341705,6.302193817013176,175,200,results/v2/metadata/environment.json
v2_fixed_cora,c6cbaeb,2026-07-05T23:26:45.801840+00:00,Cora,fixed,training_time,RMSProp,50,1568978368,"{""dropout"": 0.5, ""hidden_channels"": 16, ""learning_rate"": 0.01, ""momentum"": 0.0, ""weight_decay"": 0.0005}",fake_edge_addition,0.1,0.0998484274346343,527,0.9857142857142858,0.764,0.781,0.7736439810814968,0.4019140005111694,9.843660238024311,40,200,results/v2/metadata/environment.json
v2_fixed_cora,c6cbaeb,2026-07-05T23:27:07.850580+00:00,Cora,fixed,training_time,RMSProp,50,968112662,"{""dropout"": 0.5, ""hidden_channels"": 16, ""learning_rate"": 0.01, ""momentum"": 0.0, ""weight_decay"": 0.0005}",fake_edge_addition,0.2,0.1998863205759757,1055,1.0,0.76,0.765,0.7550958279662093,0.5065499544143677,7.221937692986103,154,200,results/v2/metadata/environment.json
v2_fixed_cora,c6cbaeb,2026-07-05T23:27:27.791096+00:00,Cora,fixed,training_time,RMSProp,50,492908446,"{""dropout"": 0.5, ""hidden_channels"": 16, ""learning_rate"": 0.01, ""momentum"": 0.0, ""weight_decay"": 0.0005}",fake_edge_addition,0.3,0.2999242137173171,1583,0.9928571428571428,0.74,0.767,0.7542157205492332,0.4029692709445953,6.0889291079947725,73,200,results/v2/metadata/environment.json
v2_fixed_cora,c6cbaeb,2026-07-05T23:27:34.320877+00:00,Cora,fixed,training_time,AdaGrad,50,1317418025,"{""dropout"": 0.5, ""hidden_channels"": 16, ""learning_rate"": 0.01, ""momentum"": 0.0, ""weight_decay"": 0.0005}",clean,0.0,0.0,0,0.9428571428571428,0.76,0.777,0.7740825805851055,1.4043930768966677,6.113064367993502,136,200,results/v2/metadata/environment.json
v2_fixed_cora,c6cbaeb,2026-07-05T23:27:41.835343+00:00,Cora,fixed,training_time,AdaGrad,50,621066264,"{""dropout"": 0.5, ""hidden_channels"": 16, ""learning_rate"": 0.01, ""momentum"": 0.0, ""weight_decay"": 0.0005}",feature_masking,0.05,0.049983745123537,2460,0.9785714285714284,0.75,0.769,0.7630566871837494,1.4127304553985596,7.099676020006882,88,200,results/v2/metadata/environment.json
v2_fixed_cora,c6cbaeb,2026-07-05T23:27:47.651886+00:00,Cora,fixed,training_time,AdaGrad,50,2030153169,"{""dropout"": 0.5, ""hidden_channels"": 16, ""learning_rate"": 0.01, ""momentum"": 0.0, ""weight_decay"": 0.0005}",feature_masking,0.1,0.0999878088426527,4921,0.9642857142857144,0.748,0.761,0.7498934317972319,1.4534138441085815,5.513387899001828,197,200,results/v2/metadata/environment.json
v2_fixed_cora,c6cbaeb,2026-07-05T23:27:53.301566+00:00,Cora,fixed,training_time,AdaGrad,50,1931167008,"{""dropout"": 0.5, ""hidden_channels"": 16, ""learning_rate"": 0.01, ""momentum"": 0.0, ""weight_decay"": 0.0005}",feature_masking,0.2,0.1999959362808842,9843,0.9357142857142856,0.716,0.708,0.7045547545113654,1.5013267993927002,5.372300739021739,172,200,results/v2/metadata/environment.json
v2_fixed_cora,c6cbaeb,2026-07-05T23:28:00.348314+00:00,Cora,fixed,training_time,AdaGrad,50,49394823,"{""dropout"": 0.5, ""hidden_channels"": 16, ""learning_rate"": 0.01, ""momentum"": 0.0, ""weight_decay"": 0.0005}",feature_masking,0.3,0.299983745123537,14764,0.9357142857142856,0.686,0.709,0.70729593128336,1.617594599723816,6.541713457991136,190,200,results/v2/metadata/environment.json
v2_fixed_cora,c6cbaeb,2026-07-05T23:28:10.070968+00:00,Cora,fixed,training_time,AdaGrad,50,1565823660,"{""dropout"": 0.5, ""hidden_channels"": 16, ""learning_rate"": 0.01, ""momentum"": 0.0, ""weight_decay"": 0.0005}",edge_removal,0.05,0.0498294808639636,263,0.9714285714285714,0.756,0.779,0.7677748969496527,1.4265376329421997,9.152695836004568,188,200,results/v2/metadata/environment.json
v2_fixed_cora,c6cbaeb,2026-07-05T23:28:22.538930+00:00,Cora,fixed,training_time,AdaGrad,50,1750119587,"{""dropout"": 0.5, ""hidden_channels"": 16, ""learning_rate"": 0.01, ""momentum"": 0.0, ""weight_decay"": 0.0005}",edge_removal,0.1,0.0998484274346343,527,0.9357142857142856,0.728,0.753,0.7449253210031633,1.43457293510437,11.90805401399848,188,200,results/v2/metadata/environment.json
v2_fixed_cora,c6cbaeb,2026-07-05T23:28:29.948963+00:00,Cora,fixed,training_time,AdaGrad,50,874249184,"{""dropout"": 0.5, ""hidden_channels"": 16, ""learning_rate"": 0.01, ""momentum"": 0.0, ""weight_decay"": 0.0005}",edge_removal,0.2,0.1998863205759757,1055,0.9714285714285714,0.708,0.734,0.7295553304089123,1.3966931104660034,6.86695094499737,188,200,results/v2/metadata/environment.json
v2_fixed_cora,c6cbaeb,2026-07-05T23:28:36.417647+00:00,Cora,fixed,training_time,AdaGrad,50,1756067356,"{""dropout"": 0.5, ""hidden_channels"": 16, ""learning_rate"": 0.01, ""momentum"": 0.0, ""weight_decay"": 0.0005}",edge_removal,0.3,0.2999242137173171,1583,0.9714285714285714,0.716,0.734,0.7292828546529913,1.368099808692932,6.135490117012523,176,200,results/v2/metadata/environment.json
v2_fixed_cora,c6cbaeb,2026-07-05T23:28:57.484949+00:00,Cora,fixed,training_time,AdaGrad,50,635670003,"{""dropout"": 0.5, ""hidden_channels"": 16, ""learning_rate"": 0.01, ""momentum"": 0.0, ""weight_decay"": 0.0005}",fake_edge_addition,0.05,0.0498294808639636,263,0.9642857142857144,0.736,0.781,0.772616779731144,1.4810872077941897,5.540324522997253,187,200,results/v2/metadata/environment.json
v2_fixed_cora,c6cbaeb,2026-07-05T23:29:18.203843+00:00,Cora,fixed,training_time,AdaGrad,50,1149231821,"{""dropout"": 0.5, ""hidden_channels"": 16, ""learning_rate"": 0.01, ""momentum"": 0.0, ""weight_decay"": 0.0005}",fake_edge_addition,0.1,0.0998484274346343,527,0.9428571428571428,0.744,0.746,0.7434567720476938,1.4768701791763306,5.116923008987214,21,200,results/v2/metadata/environment.json
v2_fixed_cora,c6cbaeb,2026-07-05T23:29:43.557287+00:00,Cora,fixed,training_time,AdaGrad,50,976068386,"{""dropout"": 0.5, ""hidden_channels"": 16, ""learning_rate"": 0.01, ""momentum"": 0.0, ""weight_decay"": 0.0005}",fake_edge_addition,0.2,0.1998863205759757,1055,0.9285714285714286,0.734,0.752,0.7420087450542138,1.584969162940979,10.049722752999514,178,200,results/v2/metadata/environment.json
v2_fixed_cora,c6cbaeb,2026-07-05T23:30:06.220323+00:00,Cora,fixed,training_time,AdaGrad,50,1297693766,"{""dropout"": 0.5, ""hidden_channels"": 16, ""learning_rate"": 0.01, ""momentum"": 0.0, ""weight_decay"": 0.0005}",fake_edge_addition,0.3,0.2999242137173171,1583,0.9714285714285714,0.688,0.719,0.7066512040915539,1.5850378274917605,8.493611540994607,182,200,results/v2/metadata/environment.json
v2_fixed_cora,c6cbaeb,2026-07-05T23:30:12.219531+00:00,Cora,fixed,training_time,SGD,50,1843103020,"{""dropout"": 0.5, ""hidden_channels"": 16, ""learning_rate"": 0.01, ""momentum"": 0.0, ""weight_decay"": 0.0005}",clean,0.0,0.0,0,0.2285714285714285,0.14,0.16,0.0901803245468075,1.945338487625122,5.791753081983188,33,200,results/v2/metadata/environment.json
v2_fixed_cora,c6cbaeb,2026-07-05T23:30:17.931323+00:00,Cora,fixed,training_time,SGD,50,344441347,"{""dropout"": 0.5, ""hidden_channels"": 16, ""learning_rate"": 0.01, ""momentum"": 0.0, ""weight_decay"": 0.0005}",feature_masking,0.05,0.049983745123537,2460,0.15,0.13,0.133,0.0491287031091828,1.9443520307540891,5.430261125991819,43,200,results/v2/metadata/environment.json
v2_fixed_cora,c6cbaeb,2026-07-05T23:30:23.773971+00:00,Cora,fixed,training_time,SGD,50,1380671384,"{""dropout"": 0.5, ""hidden_channels"": 16, ""learning_rate"": 0.01, ""momentum"": 0.0, ""weight_decay"": 0.0005}",feature_masking,0.1,0.0999878088426527,4921,0.2071428571428571,0.142,0.178,0.1137565320972489,1.943751692771912,5.535659316985402,52,200,results/v2/metadata/environment.json
v2_fixed_cora,c6cbaeb,2026-07-05T23:30:29.304061+00:00,Cora,fixed,training_time,SGD,50,90391110,"{""dropout"": 0.5, ""hidden_channels"": 16, ""learning_rate"": 0.01, ""momentum"": 0.0, ""weight_decay"": 0.0005}",feature_masking,0.2,0.1999959362808842,9843,0.2142857142857142,0.216,0.203,0.1119156178413799,1.9439949989318848,5.239895270002307,76,200,results/v2/metadata/environment.json
v2_fixed_cora,c6cbaeb,2026-07-05T23:30:35.426085+00:00,Cora,fixed,training_time,SGD,50,842271789,"{""dropout"": 0.5, ""hidden_channels"": 16, ""learning_rate"": 0.01, ""momentum"": 0.0, ""weight_decay"": 0.0005}",feature_masking,0.3,0.299983745123537,14764,0.1428571428571428,0.122,0.133,0.0394032613045218,1.94385027885437,5.798807799990755,32,200,results/v2/metadata/environment.json
v2_fixed_cora,c6cbaeb,2026-07-05T23:30:42.883400+00:00,Cora,fixed,training_time,SGD,50,678403316,"{""dropout"": 0.5, ""hidden_channels"": 16, ""learning_rate"": 0.01, ""momentum"": 0.0, ""weight_decay"": 0.0005}",edge_removal,0.05,0.0498294808639636,263,0.1428571428571428,0.216,0.23,0.0875530519706073,1.9448837041854856,7.178320022998378,162,200,results/v2/metadata/environment.json
v2_fixed_cora,c6cbaeb,2026-07-05T23:30:48.434539+00:00,Cora,fixed,training_time,SGD,50,1432600513,"{""dropout"": 0.5, ""hidden_channels"": 16, ""learning_rate"": 0.01, ""momentum"": 0.0, ""weight_decay"": 0.0005}",edge_removal,0.1,0.0998484274346343,527,0.1928571428571428,0.116,0.131,0.0890612956208367,1.945132851600647,5.237475700996583,22,200,results/v2/metadata/environment.json
v2_fixed_cora,c6cbaeb,2026-07-05T23:30:54.376943+00:00,Cora,fixed,training_time,SGD,50,1843683454,"{""dropout"": 0.5, ""hidden_channels"": 16, ""learning_rate"": 0.01, ""momentum"": 0.0, ""weight_decay"": 0.0005}",edge_removal,0.2,0.1998863205759757,1055,0.1785714285714285,0.136,0.144,0.0724640124329712,1.943232536315918,5.625218735978706,60,200,results/v2/metadata/environment.json
v2_fixed_cora,c6cbaeb,2026-07-05T23:30:59.774259+00:00,Cora,fixed,training_time,SGD,50,532719610,"{""dropout"": 0.5, ""hidden_channels"": 16, ""learning_rate"": 0.01, ""momentum"": 0.0, ""weight_decay"": 0.0005}",edge_removal,0.3,0.2999242137173171,1583,0.1928571428571428,0.146,0.139,0.068941649695305,1.942466259002685,5.101893501996528,5,200,results/v2/metadata/environment.json
v2_fixed_cora,c6cbaeb,2026-07-05T23:31:23.185692+00:00,Cora,fixed,training_time,SGD,50,1501014585,"{""dropout"": 0.5, ""hidden_channels"": 16, ""learning_rate"": 0.01, ""momentum"": 0.0, ""weight_decay"": 0.0005}",fake_edge_addition,0.05,0.0498294808639636,263,0.1642857142857142,0.122,0.124,0.0547499150260151,1.9443446397781368,4.938977162993979,42,200,results/v2/metadata/environment.json
v2_fixed_cora,c6cbaeb,2026-07-05T23:31:41.644787+00:00,Cora,fixed,training_time,SGD,50,1740424793,"{""dropout"": 0.5, ""hidden_channels"": 16, ""learning_rate"": 0.01, ""momentum"": 0.0, ""weight_decay"": 0.0005}",fake_edge_addition,0.1,0.0998484274346343,527,0.1571428571428571,0.114,0.116,0.0508629850541615,1.9446851015090945,4.8618605170049705,107,200,results/v2/metadata/environment.json
v2_fixed_cora,c6cbaeb,2026-07-05T23:32:01.890131+00:00,Cora,fixed,training_time,SGD,50,113972421,"{""dropout"": 0.5, ""hidden_channels"": 16, ""learning_rate"": 0.01, ""momentum"": 0.0, ""weight_decay"": 0.0005}",fake_edge_addition,0.2,0.1998863205759757,1055,0.15,0.164,0.146,0.0551483823770057,1.944737434387207,5.55551738201757,1,200,results/v2/metadata/environment.json
v2_fixed_cora,c6cbaeb,2026-07-05T23:32:20.360671+00:00,Cora,fixed,training_time,SGD,50,1143809304,"{""dropout"": 0.5, ""hidden_channels"": 16, ""learning_rate"": 0.01, ""momentum"": 0.0, ""weight_decay"": 0.0005}",fake_edge_addition,0.3,0.2999242137173171,1583,0.1071428571428571,0.064,0.086,0.0469039958688881,1.9457708597183228,4.882826872984879,1,200,results/v2/metadata/environment.json
v2_fixed_cora,c6cbaeb,2026-07-05T23:32:26.185236+00:00,Cora,fixed,training_time,Adam,51,978232325,"{""dropout"": 0.5, ""hidden_channels"": 16, ""learning_rate"": 0.01, ""momentum"": 0.0, ""weight_decay"": 0.0005}",clean,0.0,0.0,0,1.0,0.788,0.816,0.801789901583015,0.3342061936855316,5.599388093018206,186,200,results/v2/metadata/environment.json
v2_fixed_cora,c6cbaeb,2026-07-05T23:32:35.874247+00:00,Cora,fixed,training_time,Adam,51,665317369,"{""dropout"": 0.5, ""hidden_channels"": 16, ""learning_rate"": 0.01, ""momentum"": 0.0, ""weight_decay"": 0.0005}",feature_masking,0.05,0.049983745123537,2460,1.0,0.796,0.813,0.8023218357470542,0.3272629678249359,9.33470925799338,176,200,results/v2/metadata/environment.json
v2_fixed_cora,c6cbaeb,2026-07-05T23:32:49.514838+00:00,Cora,fixed,training_time,Adam,51,1484355234,"{""dropout"": 0.5, ""hidden_channels"": 16, ""learning_rate"": 0.01, ""momentum"": 0.0, ""weight_decay"": 0.0005}",feature_masking,0.1,0.0999878088426527,4921,1.0,0.78,0.798,0.7888572852820487,0.3612971007823944,13.00367717500194,74,200,results/v2/metadata/environment.json
v2_fixed_cora,c6cbaeb,2026-07-05T23:32:55.439964+00:00,Cora,fixed,training_time,Adam,51,860932264,"{""dropout"": 0.5, ""hidden_channels"": 16, ""learning_rate"": 0.01, ""momentum"": 0.0, ""weight_decay"": 0.0005}",feature_masking,0.2,0.1999959362808842,9843,0.9928571428571428,0.776,0.795,0.7892535564899276,0.3889979422092438,5.653632383997319,94,200,results/v2/metadata/environment.json
v2_fixed_cora,c6cbaeb,2026-07-05T23:33:02.902993+00:00,Cora,fixed,training_time,Adam,51,1175607112,"{""dropout"": 0.5, ""hidden_channels"": 16, ""learning_rate"": 0.01, ""momentum"": 0.0, ""weight_decay"": 0.0005}",feature_masking,0.3,0.299983745123537,14764,0.9928571428571428,0.77,0.789,0.7684690752020623,0.4430488348007202,7.169566500990186,135,200,results/v2/metadata/environment.json
v2_fixed_cora,c6cbaeb,2026-07-05T23:33:11.030573+00:00,Cora,fixed,training_time,Adam,51,1248810125,"{""dropout"": 0.5, ""hidden_channels"": 16, ""learning_rate"": 0.01, ""momentum"": 0.0, ""weight_decay"": 0.0005}",edge_removal,0.05,0.0498294808639636,263,1.0,0.792,0.814,0.7996303207192632,0.3136939704418182,7.763449206016958,119,200,results/v2/metadata/environment.json
v2_fixed_cora,c6cbaeb,2026-07-05T23:33:18.184195+00:00,Cora,fixed,training_time,Adam,51,835996086,"{""dropout"": 0.5, ""hidden_channels"": 16, ""learning_rate"": 0.01, ""momentum"": 0.0, ""weight_decay"": 0.0005}",edge_removal,0.1,0.0998484274346343,527,1.0,0.788,0.805,0.7938533696684644,0.3103930354118347,6.845102761988528,189,200,results/v2/metadata/environment.json
v2_fixed_cora,c6cbaeb,2026-07-05T23:33:24.525010+00:00,Cora,fixed,training_time,Adam,51,632204538,"{""dropout"": 0.5, ""hidden_channels"": 16, ""learning_rate"": 0.01, ""momentum"": 0.0, ""weight_decay"": 0.0005}",edge_removal,0.2,0.1998863205759757,1055,1.0,0.776,0.782,0.7731110320222069,0.3363442122936249,5.9844999960041605,83,200,results/v2/metadata/environment.json
v2_fixed_cora,c6cbaeb,2026-07-05T23:33:30.150397+00:00,Cora,fixed,training_time,Adam,51,152051576,"{""dropout"": 0.5, ""hidden_channels"": 16, ""learning_rate"": 0.01, ""momentum"": 0.0, ""weight_decay"": 0.0005}",edge_removal,0.3,0.2999242137173171,1583,0.9928571428571428,0.774,0.783,0.7728543662614129,0.3081382513046264,5.351223088015104,73,200,results/v2/metadata/environment.json
v2_fixed_cora,c6cbaeb,2026-07-05T23:33:48.708767+00:00,Cora,fixed,training_time,Adam,51,1928543508,"{""dropout"": 0.5, ""hidden_channels"": 16, ""learning_rate"": 0.01, ""momentum"": 0.0, ""weight_decay"": 0.0005}",fake_edge_addition,0.05,0.0498294808639636,263,1.0,0.788,0.807,0.7974043211510029,0.3499252200126648,4.829302783997264,171,200,results/v2/metadata/environment.json
v2_fixed_cora,c6cbaeb,2026-07-05T23:34:13.526613+00:00,Cora,fixed,training_time,Adam,51,881811045,"{""dropout"": 0.5, ""hidden_channels"": 16, ""learning_rate"": 0.01, ""momentum"": 0.0, ""weight_decay"": 0.0005}",fake_edge_addition,0.1,0.0998484274346343,527,1.0,0.778,0.794,0.7819055087035405,0.3289355933666229,9.57650872200611,137,200,results/v2/metadata/environment.json
v2_fixed_cora,c6cbaeb,2026-07-05T23:34:33.603217+00:00,Cora,fixed,training_time,Adam,51,1507838118,"{""dropout"": 0.5, ""hidden_channels"": 16, ""learning_rate"": 0.01, ""momentum"": 0.0, ""weight_decay"": 0.0005}",fake_edge_addition,0.2,0.1998863205759757,1055,0.9928571428571428,0.742,0.768,0.7621296840288461,0.4244659543037414,6.107813103008084,160,200,results/v2/metadata/environment.json
v2_fixed_cora,c6cbaeb,2026-07-05T23:34:52.129128+00:00,Cora,fixed,training_time,Adam,51,968466278,"{""dropout"": 0.5, ""hidden_channels"": 16, ""learning_rate"": 0.01, ""momentum"": 0.0, ""weight_decay"": 0.0005}",fake_edge_addition,0.3,0.2999242137173171,1583,0.9857142857142858,0.746,0.758,0.7420938792906157,0.4596104621887207,5.126744815002894,166,200,results/v2/metadata/environment.json
v2_fixed_cora,c6cbaeb,2026-07-05T23:34:57.550994+00:00,Cora,fixed,training_time,AdamW,51,922163586,"{""dropout"": 0.5, ""hidden_channels"": 16, ""learning_rate"": 0.01, ""momentum"": 0.0, ""weight_decay"": 0.0005}",clean,0.0,0.0,0,1.0,0.784,0.788,0.777966229107701,0.0581053271889686,5.205335706996266,155,200,results/v2/metadata/environment.json
v2_fixed_cora,c6cbaeb,2026-07-05T23:35:04.379265+00:00,Cora,fixed,training_time,AdamW,51,249839811,"{""dropout"": 0.5, ""hidden_channels"": 16, ""learning_rate"": 0.01, ""momentum"": 0.0, ""weight_decay"": 0.0005}",feature_masking,0.05,0.049983745123537,2460,1.0,0.768,0.78,0.7760102610853165,0.0558592155575752,6.554877167014638,102,200,results/v2/metadata/environment.json
v2_fixed_cora,c6cbaeb,2026-07-05T23:35:10.956388+00:00,Cora,fixed,training_time,AdamW,51,373653191,"{""dropout"": 0.5, ""hidden_channels"": 16, ""learning_rate"": 0.01, ""momentum"": 0.0, ""weight_decay"": 0.0005}",feature_masking,0.1,0.0999878088426527,4921,1.0,0.77,0.78,0.7742103936647847,0.0627320632338523,6.300542551005492,116,200,results/v2/metadata/environment.json
v2_fixed_cora,c6cbaeb,2026-07-05T23:35:16.604601+00:00,Cora,fixed,training_time,AdamW,51,340855388,"{""dropout"": 0.5, ""hidden_channels"": 16, ""learning_rate"": 0.01, ""momentum"": 0.0, ""weight_decay"": 0.0005}",feature_masking,0.2,0.1999959362808842,9843,1.0,0.762,0.771,0.7672827905294086,0.0694132819771766,5.380002563993912,76,200,results/v2/metadata/environment.json
v2_fixed_cora,c6cbaeb,2026-07-05T23:35:22.440704+00:00,Cora,fixed,training_time,AdamW,51,1943413817,"{""dropout"": 0.5, ""hidden_channels"": 16, ""learning_rate"": 0.01, ""momentum"": 0.0, ""weight_decay"": 0.0005}",feature_masking,0.3,0.299983745123537,14764,1.0,0.728,0.752,0.7520864522178173,0.0687321424484252,5.5735513439867646,86,200,results/v2/metadata/environment.json
v2_fixed_cora,c6cbaeb,2026-07-05T23:35:27.813183+00:00,Cora,fixed,training_time,AdamW,51,1136790299,"{""dropout"": 0.5, ""hidden_channels"": 16, ""learning_rate"": 0.01, ""momentum"": 0.0, ""weight_decay"": 0.0005}",edge_removal,0.05,0.0498294808639636,263,1.0,0.764,0.793,0.7878219077020596,0.0536543242633342,5.067017875990132,75,200,results/v2/metadata/environment.json
v2_fixed_cora,c6cbaeb,2026-07-05T23:35:33.410580+00:00,Cora,fixed,training_time,AdamW,51,171009912,"{""dropout"": 0.5, ""hidden_channels"": 16, ""learning_rate"": 0.01, ""momentum"": 0.0, ""weight_decay"": 0.0005}",edge_removal,0.1,0.0998484274346343,527,1.0,0.756,0.748,0.7419651358299425,0.0484102927148342,5.336960240005283,86,200,results/v2/metadata/environment.json
v2_fixed_cora,c6cbaeb,2026-07-05T23:35:43.597379+00:00,Cora,fixed,training_time,AdamW,51,42917869,"{""dropout"": 0.5, ""hidden_channels"": 16, ""learning_rate"": 0.01, ""momentum"": 0.0, ""weight_decay"": 0.0005}",edge_removal,0.2,0.1998863205759757,1055,1.0,0.758,0.754,0.739867051033284,0.0564260259270668,9.873558072984451,51,200,results/v2/metadata/environment.json
v2_fixed_cora,c6cbaeb,2026-07-05T23:35:50.110761+00:00,Cora,fixed,training_time,AdamW,51,611966812,"{""dropout"": 0.5, ""hidden_channels"": 16, ""learning_rate"": 0.01, ""momentum"": 0.0, ""weight_decay"": 0.0005}",edge_removal,0.3,0.2999242137173171,1583,1.0,0.722,0.743,0.728613367705674,0.0704571679234504,6.251089386001695,73,200,results/v2/metadata/environment.json
v2_fixed_cora,c6cbaeb,2026-07-05T23:36:08.709173+00:00,Cora,fixed,training_time,AdamW,51,319439131,"{""dropout"": 0.5, ""hidden_channels"": 16, ""learning_rate"": 0.01, ""momentum"": 0.0, ""weight_decay"": 0.0005}",fake_edge_addition,0.05,0.0498294808639636,263,1.0,0.754,0.768,0.7653536414951695,0.0887035131454467,4.87484079101705,70,200,results/v2/metadata/environment.json
v2_fixed_cora,c6cbaeb,2026-07-05T23:36:28.205644+00:00,Cora,fixed,training_time,AdamW,51,1122230093,"{""dropout"": 0.5, ""hidden_channels"": 16, ""learning_rate"": 0.01, ""momentum"": 0.0, ""weight_decay"": 0.0005}",fake_edge_addition,0.1,0.0998484274346343,527,1.0,0.758,0.779,0.7722412007954892,0.0663941800594329,5.046060976019362,69,200,results/v2/metadata/environment.json
v2_fixed_cora,c6cbaeb,2026-07-05T23:36:47.014881+00:00,Cora,fixed,training_time,AdamW,51,1630389518,"{""dropout"": 0.5, ""hidden_channels"": 16, ""learning_rate"": 0.01, ""momentum"": 0.0, ""weight_decay"": 0.0005}",fake_edge_addition,0.2,0.1998863205759757,1055,1.0,0.732,0.725,0.7234745862896409,0.0717710331082344,4.918929427978583,185,200,results/v2/metadata/environment.json
v2_fixed_cora,c6cbaeb,2026-07-05T23:37:08.108287+00:00,Cora,fixed,training_time,AdamW,51,672273599,"{""dropout"": 0.5, ""hidden_channels"": 16, ""learning_rate"": 0.01, ""momentum"": 0.0, ""weight_decay"": 0.0005}",fake_edge_addition,0.3,0.2999242137173171,1583,1.0,0.642,0.691,0.6877526736344978,0.0791342258453369,6.9869207740121055,86,200,results/v2/metadata/environment.json
v2_fixed_cora,c6cbaeb,2026-07-05T23:37:17.676812+00:00,Cora,fixed,training_time,RMSProp,51,1001064886,"{""dropout"": 0.5, ""hidden_channels"": 16, ""learning_rate"": 0.01, ""momentum"": 0.0, ""weight_decay"": 0.0005}",clean,0.0,0.0,0,1.0,0.762,0.805,0.7956062885417338,0.4347870051860809,9.153170214995043,49,200,results/v2/metadata/environment.json
v2_fixed_cora,c6cbaeb,2026-07-05T23:37:24.183431+00:00,Cora,fixed,training_time,RMSProp,51,2061833876,"{""dropout"": 0.5, ""hidden_channels"": 16, ""learning_rate"": 0.01, ""momentum"": 0.0, ""weight_decay"": 0.0005}",feature_masking,0.05,0.049983745123537,2460,1.0,0.796,0.796,0.7841572854747486,0.3047490417957306,6.199709999986226,105,200,results/v2/metadata/environment.json
v2_fixed_cora,c6cbaeb,2026-07-05T23:37:30.631030+00:00,Cora,fixed,training_time,RMSProp,51,1306386958,"{""dropout"": 0.5, ""hidden_channels"": 16, ""learning_rate"": 0.01, ""momentum"": 0.0, ""weight_decay"": 0.0005}",feature_masking,0.1,0.0999878088426527,4921,1.0,0.78,0.794,0.7842748037548741,0.3345135152339935,6.154938457999378,43,200,results/v2/metadata/environment.json
v2_fixed_cora,c6cbaeb,2026-07-05T23:37:41.800612+00:00,Cora,fixed,training_time,RMSProp,51,1264463162,"{""dropout"": 0.5, ""hidden_channels"": 16, ""learning_rate"": 0.01, ""momentum"": 0.0, ""weight_decay"": 0.0005}",feature_masking,0.2,0.1999959362808842,9843,1.0,0.78,0.822,0.8131350120662765,0.4207058250904083,10.842594582994934,81,200,results/v2/metadata/environment.json
v2_fixed_cora,c6cbaeb,2026-07-05T23:37:48.730984+00:00,Cora,fixed,training_time,RMSProp,51,819932148,"{""dropout"": 0.5, ""hidden_channels"": 16, ""learning_rate"": 0.01, ""momentum"": 0.0, ""weight_decay"": 0.0005}",feature_masking,0.3,0.299983745123537,14764,0.9928571428571428,0.758,0.768,0.7525546778172784,0.7503122091293335,6.615895512019051,156,200,results/v2/metadata/environment.json
v2_fixed_cora,c6cbaeb,2026-07-05T23:37:55.707936+00:00,Cora,fixed,training_time,RMSProp,51,815566287,"{""dropout"": 0.5, ""hidden_channels"": 16, ""learning_rate"": 0.01, ""momentum"": 0.0, ""weight_decay"": 0.0005}",edge_removal,0.05,0.0498294808639636,263,1.0,0.78,0.815,0.8027566355439463,0.3486714363098144,6.6797501030087005,117,200,results/v2/metadata/environment.json
v2_fixed_cora,c6cbaeb,2026-07-05T23:38:03.493479+00:00,Cora,fixed,training_time,RMSProp,51,1580351819,"{""dropout"": 0.5, ""hidden_channels"": 16, ""learning_rate"": 0.01, ""momentum"": 0.0, ""weight_decay"": 0.0005}",edge_removal,0.1,0.0998484274346343,527,0.9928571428571428,0.774,0.791,0.7790123932987091,0.3297768533229828,7.489925592992222,160,200,results/v2/metadata/environment.json
v2_fixed_cora,c6cbaeb,2026-07-05T23:38:10.497865+00:00,Cora,fixed,training_time,RMSProp,51,1961406595,"{""dropout"": 0.5, ""hidden_channels"": 16, ""learning_rate"": 0.01, ""momentum"": 0.0, ""weight_decay"": 0.0005}",edge_removal,0.2,0.1998863205759757,1055,1.0,0.764,0.792,0.7805570534827465,0.3247091770172119,6.721135911997408,52,200,results/v2/metadata/environment.json
v2_fixed_cora,c6cbaeb,2026-07-05T23:38:18.119967+00:00,Cora,fixed,training_time,RMSProp,51,1094709925,"{""dropout"": 0.5, ""hidden_channels"": 16, ""learning_rate"": 0.01, ""momentum"": 0.0, ""weight_decay"": 0.0005}",edge_removal,0.3,0.2999242137173171,1583,0.9928571428571428,0.766,0.798,0.7897936525272338,0.3683816790580749,7.339109613996698,85,200,results/v2/metadata/environment.json
v2_fixed_cora,c6cbaeb,2026-07-05T23:38:38.906712+00:00,Cora,fixed,training_time,RMSProp,51,1408052566,"{""dropout"": 0.5, ""hidden_channels"": 16, ""learning_rate"": 0.01, ""momentum"": 0.0, ""weight_decay"": 0.0005}",fake_edge_addition,0.05,0.0498294808639636,263,1.0,0.782,0.799,0.7885365955368334,0.2758238911628723,7.449110895016929,126,200,results/v2/metadata/environment.json
v2_fixed_cora,c6cbaeb,2026-07-05T23:39:02.158156+00:00,Cora,fixed,training_time,RMSProp,51,1246636621,"{""dropout"": 0.5, ""hidden_channels"": 16, ""learning_rate"": 0.01, ""momentum"": 0.0, ""weight_decay"": 0.0005}",fake_edge_addition,0.1,0.0998484274346343,527,1.0,0.776,0.784,0.7720746940508466,0.4057084619998932,7.059308486990631,90,200,results/v2/metadata/environment.json
v2_fixed_cora,c6cbaeb,2026-07-05T23:39:21.314380+00:00,Cora,fixed,training_time,RMSProp,51,1669884172,"{""dropout"": 0.5, ""hidden_channels"": 16, ""learning_rate"": 0.01, ""momentum"": 0.0, ""weight_decay"": 0.0005}",fake_edge_addition,0.2,0.1998863205759757,1055,1.0,0.794,0.793,0.7852080266258848,0.3374164700508117,5.942589883983601,119,200,results/v2/metadata/environment.json
v2_fixed_cora,c6cbaeb,2026-07-05T23:39:41.788676+00:00,Cora,fixed,training_time,RMSProp,51,695381515,"{""dropout"": 0.5, ""hidden_channels"": 16, ""learning_rate"": 0.01, ""momentum"": 0.0, ""weight_decay"": 0.0005}",fake_edge_addition,0.3,0.2999242137173171,1583,0.9928571428571428,0.732,0.746,0.7359911238425086,0.416812926530838,6.167314896010794,75,200,results/v2/metadata/environment.json
v2_fixed_cora,c6cbaeb,2026-07-05T23:39:47.703975+00:00,Cora,fixed,training_time,AdaGrad,51,1519455528,"{""dropout"": 0.5, ""hidden_channels"": 16, ""learning_rate"": 0.01, ""momentum"": 0.0, ""weight_decay"": 0.0005}",clean,0.0,0.0,0,0.95,0.752,0.75,0.7489871326698972,1.4224951267242432,5.677969135984313,19,200,results/v2/metadata/environment.json
v2_fixed_cora,c6cbaeb,2026-07-05T23:39:52.942841+00:00,Cora,fixed,training_time,AdaGrad,51,651795541,"{""dropout"": 0.5, ""hidden_channels"": 16, ""learning_rate"": 0.01, ""momentum"": 0.0, ""weight_decay"": 0.0005}",feature_masking,0.05,0.049983745123537,2460,0.9714285714285714,0.744,0.749,0.7516104969071511,1.4551321268081665,4.978024587006075,198,200,results/v2/metadata/environment.json
v2_fixed_cora,c6cbaeb,2026-07-05T23:39:58.351904+00:00,Cora,fixed,training_time,AdaGrad,51,206125253,"{""dropout"": 0.5, ""hidden_channels"": 16, ""learning_rate"": 0.01, ""momentum"": 0.0, ""weight_decay"": 0.0005}",feature_masking,0.1,0.0999878088426527,4921,0.9642857142857144,0.776,0.782,0.7695450720712044,1.4378763437271118,5.155190570018021,161,200,results/v2/metadata/environment.json
v2_fixed_cora,c6cbaeb,2026-07-05T23:40:04.939600+00:00,Cora,fixed,training_time,AdaGrad,51,556151271,"{""dropout"": 0.5, ""hidden_channels"": 16, ""learning_rate"": 0.01, ""momentum"": 0.0, ""weight_decay"": 0.0005}",feature_masking,0.2,0.1999959362808842,9843,0.9571428571428572,0.746,0.748,0.7408405399118955,1.5169949531555176,6.267493763007224,191,200,results/v2/metadata/environment.json
v2_fixed_cora,c6cbaeb,2026-07-05T23:40:16.373646+00:00,Cora,fixed,training_time,AdaGrad,51,146291754,"{""dropout"": 0.5, ""hidden_channels"": 16, ""learning_rate"": 0.01, ""momentum"": 0.0, ""weight_decay"": 0.0005}",feature_masking,0.3,0.299983745123537,14764,0.9571428571428572,0.732,0.763,0.7516802480733383,1.557024002075195,10.940996769990306,15,200,results/v2/metadata/environment.json
v2_fixed_cora,c6cbaeb,2026-07-05T23:40:21.529326+00:00,Cora,fixed,training_time,AdaGrad,51,875613687,"{""dropout"": 0.5, ""hidden_channels"": 16, ""learning_rate"": 0.01, ""momentum"": 0.0, ""weight_decay"": 0.0005}",edge_removal,0.05,0.0498294808639636,263,0.9857142857142858,0.738,0.745,0.7390540990109915,1.4445909261703491,4.902383190987166,171,200,results/v2/metadata/environment.json
v2_fixed_cora,c6cbaeb,2026-07-05T23:40:27.105208+00:00,Cora,fixed,training_time,AdaGrad,51,1332920830,"{""dropout"": 0.5, ""hidden_channels"": 16, ""learning_rate"": 0.01, ""momentum"": 0.0, ""weight_decay"": 0.0005}",edge_removal,0.1,0.0998484274346343,527,0.9714285714285714,0.782,0.774,0.7624205813437356,1.363514423370361,5.304035997018218,114,200,results/v2/metadata/environment.json
v2_fixed_cora,c6cbaeb,2026-07-05T23:40:32.368121+00:00,Cora,fixed,training_time,AdaGrad,51,1293765948,"{""dropout"": 0.5, ""hidden_channels"": 16, ""learning_rate"": 0.01, ""momentum"": 0.0, ""weight_decay"": 0.0005}",edge_removal,0.2,0.1998863205759757,1055,0.9571428571428572,0.732,0.744,0.7347519681154149,1.453908920288086,4.990314461989328,188,200,results/v2/metadata/environment.json
v2_fixed_cora,c6cbaeb,2026-07-05T23:40:37.736655+00:00,Cora,fixed,training_time,AdaGrad,51,1022987373,"{""dropout"": 0.5, ""hidden_channels"": 16, ""learning_rate"": 0.01, ""momentum"": 0.0, ""weight_decay"": 0.0005}",edge_removal,0.3,0.2999242137173171,1583,0.9857142857142858,0.752,0.751,0.744053354517677,1.374003529548645,5.112360455997987,197,200,results/v2/metadata/environment.json
v2_fixed_cora,c6cbaeb,2026-07-05T23:40:56.286973+00:00,Cora,fixed,training_time,AdaGrad,51,339521472,"{""dropout"": 0.5, ""hidden_channels"": 16, ""learning_rate"": 0.01, ""momentum"": 0.0, ""weight_decay"": 0.0005}",fake_edge_addition,0.05,0.0498294808639636,263,0.9571428571428572,0.706,0.713,0.7263609489718258,1.4210827350616455,4.433497079007793,160,200,results/v2/metadata/environment.json
v2_fixed_cora,c6cbaeb,2026-07-05T23:41:14.684996+00:00,Cora,fixed,training_time,AdaGrad,51,412899068,"{""dropout"": 0.5, ""hidden_channels"": 16, ""learning_rate"": 0.01, ""momentum"": 0.0, ""weight_decay"": 0.0005}",fake_edge_addition,0.1,0.0998484274346343,527,0.95,0.714,0.722,0.7217222391279586,1.4776326417922974,4.853442215011455,191,200,results/v2/metadata/environment.json
v2_fixed_cora,c6cbaeb,2026-07-05T23:41:34.611497+00:00,Cora,fixed,training_time,AdaGrad,51,582056029,"{""dropout"": 0.5, ""hidden_channels"": 16, ""learning_rate"": 0.01, ""momentum"": 0.0, ""weight_decay"": 0.0005}",fake_edge_addition,0.2,0.1998863205759757,1055,0.95,0.702,0.728,0.7259153024462565,1.5630207061767578,5.400644548004493,165,200,results/v2/metadata/environment.json
v2_fixed_cora,c6cbaeb,2026-07-05T23:41:58.147256+00:00,Cora,fixed,training_time,AdaGrad,51,1220317986,"{""dropout"": 0.5, ""hidden_channels"": 16, ""learning_rate"": 0.01, ""momentum"": 0.0, ""weight_decay"": 0.0005}",fake_edge_addition,0.3,0.2999242137173171,1583,0.95,0.692,0.706,0.7031456392495669,1.5740736722946167,5.939740978996269,24,200,results/v2/metadata/environment.json
v2_fixed_cora,c6cbaeb,2026-07-05T23:42:06.187488+00:00,Cora,fixed,training_time,SGD,51,1427914937,"{""dropout"": 0.5, ""hidden_channels"": 16, ""learning_rate"": 0.01, ""momentum"": 0.0, ""weight_decay"": 0.0005}",clean,0.0,0.0,0,0.1928571428571428,0.132,0.176,0.0954056025678436,1.9427058696746824,7.783023212017724,24,200,results/v2/metadata/environment.json
v2_fixed_cora,c6cbaeb,2026-07-05T23:42:12.114346+00:00,Cora,fixed,training_time,SGD,51,682346332,"{""dropout"": 0.5, ""hidden_channels"": 16, ""learning_rate"": 0.01, ""momentum"": 0.0, ""weight_decay"": 0.0005}",feature_masking,0.05,0.049983745123537,2460,0.1571428571428571,0.3,0.321,0.0911712977174685,1.9456045627593996,5.626637550012674,24,200,results/v2/metadata/environment.json
v2_fixed_cora,c6cbaeb,2026-07-05T23:42:17.965567+00:00,Cora,fixed,training_time,SGD,51,1722636157,"{""dropout"": 0.5, ""hidden_channels"": 16, ""learning_rate"": 0.01, ""momentum"": 0.0, ""weight_decay"": 0.0005}",feature_masking,0.1,0.0999878088426527,4921,0.25,0.278,0.293,0.1665188862683841,1.9449526071548464,5.511414705979405,168,200,results/v2/metadata/environment.json
v2_fixed_cora,c6cbaeb,2026-07-05T23:42:23.773413+00:00,Cora,fixed,training_time,SGD,51,1393729934,"{""dropout"": 0.5, ""hidden_channels"": 16, ""learning_rate"": 0.01, ""momentum"": 0.0, ""weight_decay"": 0.0005}",feature_masking,0.2,0.1999959362808842,9843,0.2071428571428571,0.142,0.142,0.0770801967359463,1.9448907375335691,5.5131293579761405,26,200,results/v2/metadata/environment.json
v2_fixed_cora,c6cbaeb,2026-07-05T23:42:29.041780+00:00,Cora,fixed,training_time,SGD,51,1880551164,"{""dropout"": 0.5, ""hidden_channels"": 16, ""learning_rate"": 0.01, ""momentum"": 0.0, ""weight_decay"": 0.0005}",feature_masking,0.3,0.299983745123537,14764,0.1428571428571428,0.116,0.117,0.0577623484124795,1.9455090761184688,4.988603562989738,63,200,results/v2/metadata/environment.json
v2_fixed_cora,c6cbaeb,2026-07-05T23:42:38.750181+00:00,Cora,fixed,training_time,SGD,51,1216172704,"{""dropout"": 0.5, ""hidden_channels"": 16, ""learning_rate"": 0.01, ""momentum"": 0.0, ""weight_decay"": 0.0005}",edge_removal,0.05,0.0498294808639636,263,0.2071428571428571,0.202,0.187,0.0877729940683729,1.943647146224976,9.410527461004676,161,200,results/v2/metadata/environment.json
v2_fixed_cora,c6cbaeb,2026-07-05T23:42:44.700219+00:00,Cora,fixed,training_time,SGD,51,2107186125,"{""dropout"": 0.5, ""hidden_channels"": 16, ""learning_rate"": 0.01, ""momentum"": 0.0, ""weight_decay"": 0.0005}",edge_removal,0.1,0.0998484274346343,527,0.1571428571428571,0.122,0.15,0.0921109497589611,1.9440315961837769,5.666864104976412,77,200,results/v2/metadata/environment.json
v2_fixed_cora,c6cbaeb,2026-07-05T23:42:50.998301+00:00,Cora,fixed,training_time,SGD,51,1399741295,"{""dropout"": 0.5, ""hidden_channels"": 16, ""learning_rate"": 0.01, ""momentum"": 0.0, ""weight_decay"": 0.0005}",edge_removal,0.2,0.1998863205759757,1055,0.1785714285714285,0.134,0.136,0.0645506549897394,1.9431710243225095,5.948948309989646,1,200,results/v2/metadata/environment.json
v2_fixed_cora,c6cbaeb,2026-07-05T23:42:57.471179+00:00,Cora,fixed,training_time,SGD,51,863544766,"{""dropout"": 0.5, ""hidden_channels"": 16, ""learning_rate"": 0.01, ""momentum"": 0.0, ""weight_decay"": 0.0005}",edge_removal,0.3,0.2999242137173171,1583,0.1714285714285714,0.132,0.143,0.0775214102913121,1.944815278053284,6.043958962982288,84,200,results/v2/metadata/environment.json
v2_fixed_cora,c6cbaeb,2026-07-05T23:43:21.670435+00:00,Cora,fixed,training_time,SGD,51,1666528586,"{""dropout"": 0.5, ""hidden_channels"": 16, ""learning_rate"": 0.01, ""momentum"": 0.0, ""weight_decay"": 0.0005}",fake_edge_addition,0.05,0.0498294808639636,263,0.1428571428571428,0.124,0.134,0.0395749571492054,1.943869471549988,6.414910973020596,12,200,results/v2/metadata/environment.json
v2_fixed_cora,c6cbaeb,2026-07-05T23:43:39.464464+00:00,Cora,fixed,training_time,SGD,51,1672601944,"{""dropout"": 0.5, ""hidden_channels"": 16, ""learning_rate"": 0.01, ""momentum"": 0.0, ""weight_decay"": 0.0005}",fake_edge_addition,0.1,0.0998484274346343,527,0.1428571428571428,0.126,0.131,0.04069355980184,1.9440793991088867,4.63265918000252,2,200,results/v2/metadata/environment.json
v2_fixed_cora,c6cbaeb,2026-07-05T23:43:57.725027+00:00,Cora,fixed,training_time,SGD,51,1746677381,"{""dropout"": 0.5, ""hidden_channels"": 16, ""learning_rate"": 0.01, ""momentum"": 0.0, ""weight_decay"": 0.0005}",fake_edge_addition,0.2,0.1998863205759757,1055,0.1428571428571428,0.072,0.093,0.0370019436345967,1.9449694156646729,4.841477027977817,38,200,results/v2/metadata/environment.json
v2_fixed_cora,c6cbaeb,2026-07-05T23:44:16.691890+00:00,Cora,fixed,training_time,SGD,51,1597242713,"{""dropout"": 0.5, ""hidden_channels"": 16, ""learning_rate"": 0.01, ""momentum"": 0.0, ""weight_decay"": 0.0005}",fake_edge_addition,0.3,0.2999242137173171,1583,0.1857142857142857,0.16,0.172,0.1168630141456657,1.9446316957473757,4.52169455299736,1,200,results/v2/metadata/environment.json
